row_id,duration,protocol_type,service,flag,src_bytes,dst_bytes,land,wrong_fragment,urgent,hot,num_failed_logins,logged_in,num_compromised,root_shell,su_attempted,num_root,num_file_creations,num_shells,num_access_files,num_outbound_cmds,is_host_login,is_guest_login,count,srv_count,serror_rate,srv_serror_rate,rerror_rate,srv_rerror_rate,same_srv_rate,diff_srv_rate,srv_diff_host_rate,dst_host_count,dst_host_srv_count,dst_host_same_srv_rate,dst_host_diff_srv_rate,dst_host_same_src_port_rate,dst_host_srv_diff_host_rate,dst_host_serror_rate,dst_host_srv_serror_rate,dst_host_rerror_rate,dst_host_srv_rerror_rate,category,novel_attack,attack_name,difficulty
8342,0,tcp,other,SF,240,619,0,0,0,0,0,0,0,0,0,0,0,0,0,0,0,0,2,2,0.00,0.00,0.00,0.00,1.00,0.00,0.00,66,11,0.17,0.08,0.02,0.00,0.00,0.00,0.11,0.64,u2r,1,httptunnel,6
11059,0,icmp,eco_i,SF,20,0,0,0,0,0,0,0,0,0,0,0,0,0,0,0,0,0,1,56,0.00,0.00,0.00,0.00,1.00,0.00,1.00,2,148,1.00,0.00,1.00,0.26,0.00,0.00,0.00,0.00,probe,1,saint,15
11469,0,tcp,http,SF,305,33229,0,0,0,0,0,1,0,0,0,0,0,0,0,0,0,0,2,4,0.00,0.00,0.00,0.00,1.00,0.00,0.75,2,255,1.00,0.00,0.50,0.05,0.00,0.00,0.00,0.00,normal,0,normal,21
7700,0,tcp,http,SF,261,791,0,0,0,0,0,1,0,0,0,0,0,0,0,0,0,0,2,2,0.00,0.00,0.00,0.00,1.00,0.00,0.00,32,255,1.00,0.00,0.03,0.02,0.00,0.00,0.00,0.00,normal,0,normal,21
22213,0,tcp,http,SF,228,3200,0,0,0,0,0,1,0,0,0,0,0,0,0,0,0,0,20,47,0.00,0.00,0.00,0.00,1.00,0.00,0.06,255,255,1.00,0.00,0.00,0.00,0.00,0.00,0.00,0.00,normal,0,normal,21
10572,0,udp,domain_u,SF,45,110,0,0,0,0,0,0,0,0,0,0,0,0,0,0,0,0,1,2,0.00,0.00,0.00,0.00,1.00,0.00,1.00,255,247,0.97,0.01,0.01,0.00,0.00,0.00,0.00,0.00,normal,0,normal,21
12090,0,icmp,ecr_i,SF,1032,0,0,0,0,0,0,0,0,0,0,0,0,0,0,0,0,0,447,447,0.00,0.00,0.00,0.00,1.00,0.00,0.00,255,255,1.00,0.00,1.00,0.00,0.00,0.00,0.00,0.00,dos,0,smurf,18
1556,0,tcp,sunrpc,S0,0,0,0,0,0,0,0,0,0,0,0,0,0,0,0,0,0,0,152,5,1.00,1.00,0.00,0.00,0.03,0.11,0.00,255,5,0.02,0.09,0.00,0.00,1.00,1.00,0.00,0.00,dos,0,neptune,20
10006,0,tcp,private,REJ,0,0,0,0,0,0,0,0,0,0,0,0,0,0,0,0,0,0,294,20,0.00,0.00,1.00,1.00,0.07,0.06,0.00,255,20,0.08,0.06,0.00,0.00,0.00,0.00,1.00,1.00,dos,0,neptune,21
358,0,udp,private,SF,52,52,0,0,0,0,0,0,0,0,0,0,0,0,0,0,0,0,511,511,0.00,0.00,0.00,0.00,1.00,0.00,0.00,255,255,1.00,0.00,0.78,0.00,0.00,0.00,0.00,0.00,normal,0,normal,17
3078,0,tcp,private,S0,0,0,0,0,0,0,0,0,0,0,0,0,0,0,0,0,0,0,211,8,0.75,1.00,0.25,0.00,0.04,0.07,0.00,255,8,0.03,0.07,0.00,0.00,0.62,1.00,0.37,0.00,dos,0,neptune,21
22248,0,tcp,http,SF,293,3410,0,0,0,0,0,1,0,0,0,0,0,0,0,0,0,0,13,23,0.00,0.00,0.00,0.00,1.00,0.00,0.09,243,255,1.00,0.00,0.00,0.01,0.00,0.00,0.00,0.00,normal,0,normal,21
21668,0,udp,private,SF,1,0,0,0,0,0,0,0,0,0,0,0,0,0,0,0,0,0,31,7,0.00,0.00,0.00,0.00,0.23,0.26,0.00,255,7,0.03,0.90,0.13,0.00,0.00,0.00,0.87,0.00,normal,0,normal,3
13007,0,udp,private,SF,45,45,0,0,0,0,0,0,0,0,0,0,0,0,0,0,0,0,2,2,0.00,0.00,0.00,0.00,1.00,0.00,0.00,255,255,1.00,0.00,0.01,0.00,0.00,0.00,0.00,0.00,r2l,1,snmpguess,15
11500,0,tcp,private,REJ,0,0,0,0,0,0,0,0,0,0,0,0,0,0,0,0,0,0,285,16,0.00,0.00,1.00,1.00,0.06,0.06,0.00,255,16,0.06,0.06,0.00,0.00,0.00,0.00,1.00,1.00,dos,0,neptune,21
11939,0,tcp,http,SF,336,12403,0,0,0,0,0,1,0,0,0,0,0,0,0,0,0,0,15,15,0.00,0.00,0.00,0.00,1.00,0.00,0.00,255,255,1.00,0.00,0.00,0.00,0.00,0.00,0.00,0.00,normal,0,normal,21
17979,0,udp,private,SF,42,0,0,0,0,0,0,0,0,0,0,0,0,0,0,0,0,0,4,4,0.00,0.00,0.00,0.00,1.00,0.00,0.00,255,254,1.00,0.01,0.00,0.00,0.00,0.00,0.00,0.00,r2l,1,snmpguess,15
20604,0,tcp,smtp,SF,3166,382,0,0,0,0,0,1,0,0,0,0,0,0,0,0,0,0,1,2,0.00,0.00,0.00,0.00,1.00,0.00,1.00,255,247,0.97,0.04,0.00,0.00,0.00,0.00,0.03,0.00,normal,0,normal,14
10381,15,tcp,telnet,SF,110,6992,0,0,0,0,0,1,0,0,0,0,0,0,0,0,0,0,1,1,0.00,0.00,0.00,0.00,1.00,0.00,0.00,53,2,0.02,0.09,0.02,1.00,0.00,0.00,0.00,0.00,normal,0,normal,20
13392,0,tcp,smtp,SF,0,83,0,0,0,0,0,1,0,0,0,0,0,0,0,0,0,0,1,1,0.00,0.00,0.00,0.00,1.00,0.00,0.00,19,139,0.42,0.26,0.05,0.01,0.00,0.00,0.00,0.00,normal,0,normal,21
19897,0,icmp,ecr_i,SF,1032,0,0,0,0,0,0,0,0,0,0,0,0,0,0,0,0,0,434,434,0.00,0.00,0.00,0.00,1.00,0.00,0.00,255,255,1.00,0.00,1.00,0.00,0.00,0.00,0.00,0.00,dos,0,smurf,19
14822,0,tcp,imap4,S0,0,0,0,0,0,0,0,0,0,0,0,0,0,0,0,0,0,0,1,2,1.00,1.00,0.00,0.00,1.00,0.00,1.00,86,86,0.34,0.03,0.01,0.03,1.00,1.00,0.00,0.00,probe,1,mscan,18
18776,1,tcp,smtp,SF,20879,327,0,0,0,0,0,1,0,0,0,0,0,0,0,0,0,0,1,2,0.00,0.00,0.00,0.00,1.00,0.00,1.00,190,165,0.61,0.03,0.01,0.01,0.00,0.00,0.02,0.02,normal,0,normal,21
1612,0,tcp,http,SF,200,16978,0,0,0,0,0,1,0,0,0,0,0,0,0,0,0,0,15,15,0.00,0.00,0.00,0.00,1.00,0.00,0.00,45,255,1.00,0.00,0.02,0.01,0.00,0.00,0.00,0.00,normal,0,normal,21
8880,0,tcp,private,S0,0,0,0,0,0,0,0,0,0,0,0,0,0,0,0,0,0,0,140,11,1.00,1.00,0.00,0.00,0.08,0.09,0.00,255,11,0.04,0.09,0.00,0.00,1.00,1.00,0.00,0.00,dos,0,neptune,21
16141,0,udp,private,SF,105,146,0,0,0,0,0,0,0,0,0,0,0,0,0,0,0,0,2,2,0.00,0.00,0.00,0.00,1.00,0.00,0.00,236,235,1.00,0.01,0.00,0.00,0.00,0.00,0.00,0.00,r2l,1,snmpgetattack,1
18770,0,tcp,private,REJ,0,0,0,0,0,0,0,0,0,0,0,0,0,0,0,0,0,0,184,5,0.00,0.00,1.00,1.00,0.03,0.06,0.00,255,5,0.02,0.06,0.00,0.00,0.00,0.00,1.00,1.00,dos,0,neptune,21
5407,0,udp,domain_u,SF,45,115,0,0,0,0,0,0,0,0,0,0,0,0,0,0,0,0,2,5,0.00,0.00,0.00,0.00,1.00,0.00,0.40,255,225,0.88,0.01,0.00,0.00,0.00,0.00,0.04,0.00,normal,0,normal,18
12104,0,tcp,http,SF,253,398,0,0,0,0,0,1,0,0,0,0,0,0,0,0,0,0,16,16,0.00,0.00,0.00,0.00,1.00,0.00,0.00,255,255,1.00,0.00,0.00,0.00,0.00,0.00,0.00,0.00,normal,0,normal,21
6840,0,udp,other,SF,1,1,0,0,0,0,0,0,0,0,0,0,0,0,0,0,0,0,161,1,0.00,0.00,0.00,0.00,0.01,1.00,0.00,255,1,0.00,1.00,1.00,0.00,0.00,0.00,0.00,0.00,probe,0,satan,14
3848,0,tcp,http,SF,306,18630,0,0,0,0,0,1,0,0,0,0,0,0,0,0,0,0,3,5,0.00,0.00,0.00,0.00,1.00,0.00,0.40,98,248,1.00,0.00,0.01,0.05,0.00,0.00,0.00,0.00,normal,0,normal,21
5077,0,tcp,http,SF,54540,8314,0,0,0,2,0,1,1,0,0,0,0,0,0,0,0,0,4,4,0.00,0.00,0.00,0.00,1.00,0.00,0.00,255,250,0.98,0.01,0.00,0.00,0.00,0.00,0.06,0.06,dos,0,back,16
6331,280,tcp,ftp_data,SF,283618,0,0,0,0,0,0,0,0,0,0,0,0,0,0,0,0,0,2,2,0.00,0.00,0.00,0.00,1.00,0.00,0.00,2,10,1.00,0.00,1.00,0.30,0.00,0.00,0.00,0.00,r2l,0,warezmaster,19
14192,0,tcp,private,REJ,0,0,0,0,0,0,0,0,0,0,0,0,0,0,0,0,0,0,292,13,0.00,0.00,1.00,1.00,0.04,0.06,0.00,255,13,0.05,0.07,0.00,0.00,0.00,0.00,1.00,1.00,dos,0,neptune,21
4020,0,tcp,private,S0,0,0,0,0,0,0,0,0,0,0,0,0,0,0,0,0,0,0,265,12,1.00,1.00,0.00,0.00,0.05,0.06,0.00,255,12,0.05,0.07,0.00,0.00,1.00,1.00,0.00,0.00,dos,0,neptune,21
1967,0,tcp,http,SF,215,1719,0,0,0,0,0,1,0,0,0,0,0,0,0,0,0,0,10,10,0.00,0.00,0.00,0.00,1.00,0.00,0.00,255,255,1.00,0.00,0.00,0.00,0.00,0.00,0.00,0.00,normal,0,normal,21
12359,0,tcp,other,REJ,0,0,0,0,0,0,0,0,0,0,0,0,0,0,0,0,0,0,1,1,0.00,0.00,1.00,1.00,1.00,0.00,0.00,255,6,0.02,0.02,0.00,0.00,0.00,0.00,0.02,1.00,u2r,1,httptunnel,18
7392,0,tcp,private,REJ,0,0,0,0,0,0,0,0,0,0,0,0,0,0,0,0,0,0,248,2,0.00,0.00,1.00,1.00,0.01,0.07,0.00,255,2,0.01,0.08,0.00,0.00,0.00,0.00,1.00,1.00,dos,0,neptune,21
5572,0,icmp,ecr_i,SF,1008,0,0,0,0,0,0,0,0,0,0,0,0,0,0,0,0,0,419,419,0.00,0.00,0.00,0.00,1.00,0.00,0.00,255,255,1.00,0.00,1.00,0.00,0.00,0.00,0.00,0.00,dos,0,smurf,18
15170,0,tcp,http,SF,297,4812,0,0,0,0,0,1,0,0,0,0,0,0,0,0,0,0,1,72,0.00,0.00,0.00,0.00,1.00,0.00,0.06,3,249,1.00,0.00,0.33,0.03,0.00,0.00,0.00,0.00,normal,0,normal,20
1539,0,tcp,http,SF,270,9235,0,0,0,0,0,1,0,0,0,0,0,0,0,0,0,0,4,7,0.00,0.00,0.00,0.00,1.00,0.00,0.29,118,255,1.00,0.00,0.01,0.03,0.00,0.00,0.00,0.00,normal,0,normal,21
7654,0,udp,private,SF,105,145,0,0,0,0,0,0,0,0,0,0,0,0,0,0,0,0,3,3,0.00,0.00,0.00,0.00,1.00,0.00,0.00,255,255,1.00,0.00,0.00,0.00,0.00,0.00,0.00,0.00,normal,0,normal,19
14390,0,tcp,telnet,S0,0,0,0,0,0,0,0,0,0,0,0,0,0,0,0,0,0,0,109,109,1.00,1.00,0.00,0.00,1.00,0.00,0.00,255,255,1.00,0.00,0.00,0.00,1.00,1.00,0.00,0.00,dos,0,neptune,18
16393,0,tcp,private,REJ,0,0,0,0,0,0,0,0,0,0,0,0,0,0,0,0,0,0,115,10,0.00,0.00,1.00,1.00,0.09,0.06,0.00,255,10,0.04,0.05,0.00,0.00,0.00,0.00,1.00,1.00,dos,0,neptune,21
9853,0,tcp,http,SF,232,438,0,0,0,0,0,1,0,0,0,0,0,0,0,0,0,0,1,1,0.00,0.00,0.00,0.00,1.00,0.00,0.00,255,255,1.00,0.00,0.00,0.00,0.00,0.00,0.00,0.00,normal,0,normal,21
9721,0,tcp,http,SF,232,397,0,0,0,0,0,1,0,0,0,0,0,0,0,0,0,0,11,12,0.00,0.00,0.00,0.00,1.00,0.00,0.17,255,255,1.00,0.00,0.00,0.00,0.00,0.00,0.00,0.00,normal,0,normal,21
21563,0,tcp,http,SF,254,2026,0,0,0,0,0,1,0,0,0,0,0,0,0,0,0,0,7,7,0.00,0.00,0.00,0.00,1.00,0.00,0.00,255,255,1.00,0.00,0.00,0.00,0.00,0.00,0.00,0.00,normal,0,normal,21
18466,0,tcp,pop_3,REJ,0,0,0,0,0,0,0,0,0,0,0,0,0,0,0,0,0,0,3,5,0.00,0.00,1.00,1.00,0.33,1.00,1.00,95,64,0.25,0.03,0.01,0.03,0.00,0.00,0.84,1.00,probe,1,mscan,15
11374,0,tcp,other,REJ,0,0,0,0,0,0,0,0,0,0,0,0,0,0,0,0,0,0,482,1,0.07,0.00,0.93,1.00,0.00,1.00,0.00,255,1,0.00,1.00,0.00,0.00,0.07,0.00,0.93,1.00,probe,0,satan,20
8750,0,tcp,private,RSTR,0,0,0,0,0,0,0,0,0,0,0,0,0,0,0,0,0,0,1,1,0.00,0.00,1.00,1.00,1.00,0.00,0.00,40,1,0.03,0.85,0.82,0.00,0.00,0.00,0.82,1.00,probe,0,portsweep,16
879,0,tcp,private,S0,0,0,0,0,0,0,0,0,0,0,0,0,0,0,0,0,0,0,178,14,1.00,1.00,0.00,0.00,0.08,0.10,0.00,255,14,0.05,0.09,0.00,0.00,1.00,1.00,0.00,0.00,dos,0,neptune,21
7676,0,tcp,smtp,SF,1761,413,0,0,0,0,0,1,0,0,0,0,0,0,0,0,0,0,1,1,0.00,0.00,0.00,0.00,1.00,0.00,0.00,120,192,0.90,0.03,0.01,0.01,0.00,0.00,0.02,0.02,normal,0,normal,21
330,0,tcp,http,REJ,0,0,0,0,0,0,0,0,0,0,0,0,0,0,0,0,0,0,264,20,0.00,0.00,1.00,1.00,0.08,0.06,0.00,255,20,0.08,0.06,0.00,0.00,0.00,0.00,1.00,1.00,dos,0,neptune,18
21448,0,tcp,http,SF,241,314,0,0,0,0,0,1,0,0,0,0,0,0,0,0,0,0,11,11,0.00,0.00,0.00,0.00,1.00,0.00,0.00,255,255,1.00,0.00,0.00,0.00,0.00,0.00,0.00,0.00,normal,0,normal,21
15709,0,tcp,http,SF,216,1056,0,0,0,0,0,1,0,0,0,0,0,0,0,0,0,0,11,12,0.00,0.00,0.00,0.00,1.00,0.00,0.17,11,255,1.00,0.00,0.09,0.04,0.00,0.00,0.00,0.00,normal,0,normal,21
7136,0,tcp,http,SF,297,15831,0,0,0,0,0,1,0,0,0,0,0,0,0,0,0,0,9,9,0.00,0.00,0.00,0.00,1.00,0.00,0.00,19,72,1.00,0.00,0.05,0.14,0.00,0.00,0.00,0.00,normal,0,normal,21
3249,0,tcp,smtp,SF,1407,331,0,0,0,0,0,1,0,0,0,0,0,0,0,0,0,0,1,2,0.00,0.00,0.00,0.00,1.00,0.00,1.00,137,150,0.42,0.05,0.01,0.01,0.00,0.00,0.02,0.02,normal,0,normal,21
1561,0,tcp,netstat,REJ,0,0,0,0,0,0,0,0,0,0,0,0,0,0,0,0,0,0,196,1,0.00,0.00,1.00,1.00,0.01,0.07,0.00,255,1,0.00,0.07,0.00,0.00,0.00,0.00,1.00,1.00,dos,0,neptune,19
18581,0,tcp,imap4,RSTO,0,44,0,0,0,0,0,0,0,0,0,0,0,0,0,0,0,0,1,1,0.00,0.00,1.00,1.00,1.00,0.00,0.00,215,60,0.24,0.02,0.00,0.03,0.04,0.00,0.88,0.87,probe,1,mscan,12
19810,0,udp,domain_u,SF,44,44,0,0,0,0,0,0,0,0,0,0,0,0,0,0,0,0,132,132,0.00,0.00,0.00,0.00,1.00,0.00,0.00,255,227,0.89,0.01,0.00,0.00,0.00,0.00,0.00,0.00,normal,0,normal,18
14874,0,udp,domain_u,SF,46,78,0,0,0,0,0,0,0,0,0,0,0,0,0,0,0,0,162,162,0.00,0.00,0.00,0.00,1.00,0.00,0.00,255,255,1.00,0.00,0.01,0.00,0.00,0.00,0.00,0.00,normal,0,normal,18
14962,0,tcp,private,REJ,0,0,0,0,0,0,0,0,0,0,0,0,0,0,0,0,0,0,114,18,0.00,0.00,1.00,1.00,0.16,0.08,0.00,255,18,0.07,0.06,0.00,0.00,0.00,0.00,1.00,1.00,dos,0,neptune,21
15366,0,udp,domain_u,SF,45,72,0,0,0,0,0,0,0,0,0,0,0,0,0,0,0,0,218,218,0.00,0.00,0.00,0.00,1.00,0.00,0.00,255,255,1.00,0.00,0.01,0.00,0.00,0.00,0.00,0.00,normal,0,normal,18
20733,22,tcp,http,SF,211,1247,0,0,0,1,0,1,0,0,0,0,0,0,0,0,0,0,5,5,0.00,0.00,0.00,0.00,1.00,0.00,0.00,5,255,1.00,0.00,0.20,0.02,0.00,0.00,0.00,0.00,normal,0,normal,20
15026,0,tcp,http,SF,224,1150,0,0,0,0,0,1,0,0,0,0,0,0,0,0,0,0,1,3,0.00,0.00,0.00,0.00,1.00,0.00,0.67,174,255,1.00,0.00,0.01,0.04,0.00,0.00,0.00,0.00,normal,0,normal,21
10731,0,tcp,private,REJ,0,0,0,0,0,0,0,0,0,0,0,0,0,0,0,0,0,0,130,8,0.00,0.00,1.00,1.00,0.06,0.06,0.00,255,8,0.03,0.06,0.00,0.00,0.00,0.00,1.00,1.00,dos,0,neptune,21
6149,280,tcp,ftp_data,SF,283618,0,0,0,0,0,0,0,0,0,0,0,0,0,0,0,0,0,2,2,0.00,0.00,0.00,0.00,1.00,0.00,0.00,5,10,0.80,0.40,0.80,0.30,0.00,0.00,0.00,0.00,r2l,0,warezmaster,9
19151,0,tcp,link,S0,0,0,0,0,0,0,0,0,0,0,0,0,0,0,0,0,0,0,171,9,1.00,1.00,0.00,0.00,0.05,0.08,0.00,255,9,0.04,0.09,0.00,0.00,1.00,1.00,0.00,0.00,dos,0,neptune,18
6441,0,icmp,eco_i,SF,18,0,0,0,0,0,0,0,0,0,0,0,0,0,0,0,0,0,1,1,0.00,0.00,0.00,0.00,1.00,0.00,0.00,1,102,1.00,0.00,1.00,1.00,0.00,0.00,0.00,0.00,probe,0,ipsweep,16
11775,0,tcp,http,SF,323,972,0,0,0,0,0,1,0,0,0,0,0,0,0,0,0,0,1,5,0.00,0.00,0.00,0.00,1.00,0.00,0.40,6,241,1.00,0.00,0.17,0.09,0.00,0.00,0.00,0.00,normal,0,normal,21
22164,0,tcp,ftp_data,REJ,0,0,0,0,0,0,0,0,0,0,0,0,0,0,0,0,0,0,250,3,0.00,0.00,1.00,1.00,0.01,0.07,0.00,255,3,0.01,0.07,0.00,0.00,0.00,0.00,1.00,1.00,dos,0,neptune,20
11133,0,udp,domain_u,SF,44,132,0,0,0,0,0,0,0,0,0,0,0,0,0,0,0,0,129,208,0.00,0.00,0.00,0.00,1.00,0.00,0.01,255,255,1.00,0.00,0.00,0.00,0.00,0.00,0.00,0.00,normal,0,normal,18
2649,0,tcp,http,SF,313,3102,0,0,0,0,0,1,0,0,0,0,0,0,0,0,0,0,11,18,0.00,0.00,0.00,0.00,1.00,0.00,0.17,45,255,1.00,0.00,0.02,0.02,0.02,0.00,0.00,0.00,normal,0,normal,21
20658,0,tcp,private,REJ,0,0,0,0,0,0,0,0,0,0,0,0,0,0,0,0,0,0,216,11,0.00,0.00,1.00,1.00,0.05,0.07,0.00,255,11,0.04,0.07,0.00,0.00,0.00,0.00,1.00,1.00,dos,0,neptune,21
20974,0,tcp,http,SF,291,327,0,0,0,0,0,1,0,0,0,0,0,0,0,0,0,0,1,4,0.00,0.00,0.00,0.00,1.00,0.00,1.00,20,255,1.00,0.00,0.05,0.03,0.00,0.00,0.00,0.00,normal,0,normal,21
11727,0,udp,domain_u,SF,43,109,0,0,0,0,0,0,0,0,0,0,0,0,0,0,0,0,64,144,0.00,0.00,0.00,0.00,0.98,0.03,0.01,255,254,1.00,0.01,0.00,0.00,0.00,0.00,0.00,0.00,normal,0,normal,20
22322,0,tcp,private,S0,0,0,0,0,0,0,0,0,0,0,0,0,0,0,0,0,0,0,294,18,1.00,1.00,0.00,0.00,0.06,0.05,0.00,255,18,0.07,0.06,0.00,0.00,1.00,1.00,0.00,0.00,dos,0,neptune,21
21654,0,tcp,http,SF,297,327,0,0,0,0,0,1,0,0,0,0,0,0,0,0,0,0,2,20,0.00,0.00,0.00,0.00,1.00,0.00,0.20,139,255,1.00,0.00,0.01,0.01,0.00,0.00,0.00,0.00,normal,0,normal,21
14334,0,tcp,http,SF,204,1721,0,0,0,0,0,1,0,0,0,0,0,0,0,0,0,0,7,7,0.00,0.00,0.00,0.00,1.00,0.00,0.00,255,255,1.00,0.00,0.00,0.00,0.00,0.00,0.00,0.00,normal,0,normal,21
13359,0,tcp,http,SF,323,9985,0,0,0,0,0,1,0,0,0,0,0,0,0,0,0,0,10,20,0.00,0.00,0.00,0.00,1.00,0.00,0.20,255,255,1.00,0.00,0.00,0.00,0.00,0.00,0.00,0.00,normal,0,normal,21
5771,0,tcp,private,S0,0,0,0,0,0,0,0,0,0,0,0,0,0,0,0,0,0,0,124,16,1.00,1.00,0.00,0.00,0.13,0.06,0.00,255,16,0.06,0.05,0.00,0.00,1.00,1.00,0.00,0.00,dos,0,neptune,21
5640,0,tcp,http,SF,286,332,0,0,0,0,0,1,0,0,0,0,0,0,0,0,0,0,13,13,0.00,0.00,0.00,0.00,1.00,0.00,0.00,13,255,1.00,0.00,0.08,0.02,0.00,0.01,0.00,0.00,normal,0,normal,21
20799,0,tcp,ftp_data,SF,6932,0,0,0,0,0,0,0,0,0,0,0,0,0,0,0,0,0,2,2,0.00,0.00,0.00,0.00,1.00,0.00,0.00,179,53,0.25,0.03,0.25,0.04,0.00,0.00,0.01,0.00,normal,0,normal,20
15228,0,udp,private,SF,105,146,0,0,0,0,0,0,0,0,0,0,0,0,0,0,0,0,1,1,0.00,0.00,0.00,0.00,1.00,0.00,0.00,255,254,1.00,0.01,0.02,0.00,0.00,0.00,0.00,0.00,normal,0,normal,14
7199,4,tcp,pop_3,SF,32,93,0,0,0,0,0,1,0,0,0,0,0,0,0,0,0,0,1,1,0.00,0.00,0.00,0.00,1.00,0.00,0.00,60,58,0.95,0.03,0.02,0.03,0.00,0.00,0.00,0.00,r2l,0,guess_passwd,6
7018,0,tcp,http,SF,296,773,0,0,0,0,0,1,0,0,0,0,0,0,0,0,0,0,9,15,0.00,0.00,0.00,0.00,1.00,0.00,0.13,96,255,1.00,0.00,0.01,0.01,0.00,0.00,0.00,0.00,normal,0,normal,21
21438,0,tcp,http,SF,309,519,0,0,0,0,0,1,0,0,0,0,0,0,0,0,0,0,17,20,0.00,0.00,0.00,0.00,1.00,0.00,0.15,255,255,1.00,0.00,0.00,0.00,0.00,0.00,0.00,0.00,normal,0,normal,21
20949,7220,tcp,telnet,SF,0,44,0,0,0,0,0,0,0,0,0,0,0,0,0,0,0,0,1,1,0.00,0.00,0.00,0.00,1.00,0.00,0.00,255,253,0.99,0.01,0.00,0.00,0.27,0.27,0.01,0.00,dos,1,processtable,14
9047,1,tcp,smtp,SF,2599,293,0,0,0,0,0,1,0,0,0,0,0,0,0,0,0,0,3,3,0.00,0.00,0.00,0.00,1.00,0.00,0.00,255,48,0.19,0.16,0.00,0.00,0.00,0.00,0.79,0.00,dos,1,mailbomb,13
20313,0,tcp,private,REJ,0,0,0,0,0,0,0,0,0,0,0,0,0,0,0,0,0,0,270,18,0.00,0.00,1.00,1.00,0.07,0.06,0.00,255,18,0.07,0.07,0.00,0.00,0.00,0.00,1.00,1.00,dos,0,neptune,21
342,0,tcp,http,SF,301,6085,0,0,0,0,0,1,0,0,0,0,0,0,0,0,0,0,14,15,0.00,0.00,0.00,0.00,1.00,0.00,0.13,120,255,1.00,0.00,0.01,0.01,0.00,0.00,0.00,0.00,normal,0,normal,21
21373,0,tcp,netstat,S0,0,0,0,0,0,0,0,0,0,0,0,0,0,0,0,0,0,0,163,6,1.00,1.00,0.00,0.00,0.04,0.10,0.00,255,6,0.02,0.09,0.00,0.00,1.00,1.00,0.00,0.00,dos,0,neptune,18
15531,0,tcp,http,SF,318,291,0,0,0,0,0,1,0,0,0,0,0,0,0,0,0,0,3,3,0.00,0.00,0.00,0.00,1.00,0.00,0.00,3,231,1.00,0.00,0.33,0.06,0.00,0.00,0.00,0.00,normal,0,normal,21
4294,0,udp,private,SF,44,0,0,0,0,0,0,0,0,0,0,0,0,0,0,0,0,0,4,4,0.00,0.00,0.00,0.00,1.00,0.00,0.00,255,253,0.99,0.01,0.01,0.00,0.00,0.00,0.00,0.00,r2l,1,snmpguess,15
9960,5,tcp,pop_3,SF,0,0,0,0,0,0,0,0,0,0,0,0,0,0,0,0,0,0,3,2,0.00,0.00,0.33,0.50,0.33,1.00,1.00,82,54,0.20,0.06,0.01,0.04,0.00,0.02,0.17,0.69,probe,1,mscan,7
8134,0,tcp,private,S0,0,0,0,0,0,0,0,0,0,0,0,0,0,0,0,0,0,0,174,4,1.00,1.00,0.00,0.00,0.02,0.08,0.00,255,4,0.02,0.08,0.00,0.00,1.00,1.00,0.00,0.00,dos,0,neptune,21
8781,280,tcp,ftp_data,SF,283618,0,0,0,0,0,0,0,0,0,0,0,0,0,0,0,0,0,2,2,0.00,0.00,0.00,0.00,1.00,0.00,0.00,8,26,1.00,0.00,1.00,0.12,0.00,0.00,0.00,0.00,r2l,0,warezmaster,15
21111,282,tcp,ftp,SF,162,597,0,0,0,2,0,1,0,0,0,0,0,0,0,0,0,1,1,1,0.00,0.00,0.00,0.00,1.00,0.00,0.00,255,19,0.07,0.02,0.00,0.00,0.09,0.00,0.28,0.00,r2l,0,warezmaster,12
7815,280,tcp,ftp_data,SF,283618,0,0,0,0,0,0,0,0,0,0,0,0,0,0,0,0,0,2,2,0.00,0.00,0.00,0.00,1.00,0.00,0.00,5,2,0.40,0.40,0.40,0.00,0.00,0.00,0.00,0.00,r2l,0,warezmaster,6
13212,0,icmp,eco_i,SF,20,0,0,0,0,0,0,0,0,0,0,0,0,0,0,0,0,0,486,1,0.06,0.00,0.91,0.00,0.00,1.00,0.00,255,1,0.00,1.00,0.00,0.00,0.05,0.00,0.89,0.00,probe,1,saint,13
15094,0,udp,private,SF,52,52,0,0,0,0,0,0,0,0,0,0,0,0,0,0,0,0,508,508,0.00,0.00,0.00,0.00,1.00,0.00,0.00,255,255,1.00,0.00,0.94,0.00,0.00,0.00,0.00,0.00,normal,0,normal,17
1661,0,tcp,http,SF,257,771,0,0,0,0,0,1,0,0,0,0,0,0,0,0,0,0,11,11,0.00,0.00,0.00,0.00,1.00,0.00,0.00,255,255,1.00,0.00,0.00,0.00,0.00,0.00,0.00,0.00,normal,0,normal,21
21536,0,tcp,http,SF,309,2698,0,0,0,0,0,1,0,0,0,0,0,0,1,0,0,0,4,18,0.00,0.00,0.00,0.00,1.00,0.00,0.11,255,227,0.89,0.04,0.00,0.00,0.01,0.00,0.06,0.00,normal,0,normal,18
5906,0,tcp,ftp_data,REJ,0,0,0,0,0,0,0,0,0,0,0,0,0,0,0,0,0,0,237,22,0.01,0.00,0.99,0.82,0.08,0.07,0.09,255,18,0.07,0.08,0.00,0.00,0.01,0.00,0.99,1.00,dos,0,neptune,19
16319,0,tcp,private,S0,0,0,0,0,0,0,0,0,0,0,0,0,0,0,0,0,0,0,239,17,1.00,1.00,0.00,0.00,0.07,0.07,0.00,255,17,0.07,0.07,0.00,0.00,1.00,1.00,0.00,0.00,dos,0,neptune,21
3284,0,udp,private,SF,44,44,0,0,0,0,0,0,0,0,0,0,0,0,0,0,0,0,3,3,0.00,0.00,0.00,0.00,1.00,0.00,0.00,255,255,1.00,0.00,0.02,0.00,0.00,0.00,0.00,0.00,r2l,1,snmpguess,16
16097,0,tcp,private,REJ,0,0,0,0,0,0,0,0,0,0,0,0,0,0,0,0,0,0,249,20,0.00,0.00,1.00,1.00,0.08,0.06,0.00,255,20,0.08,0.07,0.00,0.00,0.00,0.00,1.00,1.00,dos,0,neptune,21
1989,0,tcp,http,SF,221,2825,0,0,0,0,0,1,0,0,0,0,0,0,0,0,0,0,9,9,0.00,0.00,0.00,0.00,1.00,0.00,0.00,32,255,1.00,0.00,0.03,0.02,0.00,0.00,0.00,0.00,normal,0,normal,21
5319,0,tcp,private,REJ,0,0,0,0,0,0,0,0,0,0,0,0,0,0,0,0,0,0,105,15,0.00,0.00,1.00,1.00,0.14,0.07,0.00,255,15,0.06,0.06,0.00,0.00,0.00,0.00,1.00,1.00,dos,0,neptune,21
16021,0,tcp,other,REJ,0,0,0,0,0,0,0,0,0,0,0,0,0,0,0,0,0,0,491,1,0.10,0.00,0.90,1.00,0.00,1.00,0.00,255,1,0.00,1.00,0.00,0.00,0.09,0.00,0.91,1.00,probe,1,saint,19
15153,21,tcp,ftp,SF,132,572,0,0,0,2,0,1,0,0,0,0,0,0,0,0,1,0,1,1,0.00,0.00,0.00,0.00,1.00,0.00,0.00,18,1,0.06,0.17,0.06,0.00,0.00,0.00,0.00,0.00,u2r,1,xterm,4
19807,0,tcp,private,S0,0,0,0,0,0,0,0,0,0,0,0,0,0,0,0,0,0,0,287,16,1.00,1.00,0.00,0.00,0.06,0.06,0.00,255,16,0.06,0.07,0.00,0.00,1.00,1.00,0.00,0.00,dos,0,neptune,21
5575,8156,tcp,telnet,SF,0,15,0,0,0,0,0,0,0,0,0,0,0,0,0,0,0,0,1,1,0.00,0.00,0.00,0.00,1.00,0.00,0.00,255,53,0.21,0.04,0.00,0.00,0.00,0.02,0.11,0.25,dos,1,processtable,8
18737,4,tcp,pop_3,SF,26,93,0,0,0,0,0,1,0,0,0,0,0,0,0,0,0,0,1,1,0.00,0.00,0.00,0.00,1.00,0.00,0.00,249,230,0.92,0.01,0.00,0.00,0.00,0.00,0.04,0.00,r2l,0,guess_passwd,13
11433,0,udp,domain_u,SF,44,129,0,0,0,0,0,0,0,0,0,0,0,0,0,0,0,0,117,196,0.00,0.00,0.00,0.00,1.00,0.00,0.01,255,255,1.00,0.00,0.00,0.00,0.00,0.00,0.00,0.00,normal,0,normal,18
14179,0,tcp,http,SF,183,21455,0,0,0,0,0,1,0,0,0,0,0,0,0,0,0,0,1,1,0.00,0.00,0.00,0.00,1.00,0.00,0.00,255,255,1.00,0.00,0.00,0.00,0.00,0.00,0.00,0.00,normal,0,normal,21
4032,0,udp,domain_u,SF,36,0,0,0,0,0,0,0,0,0,0,0,0,0,0,0,0,0,1,6,0.00,0.00,0.00,0.00,1.00,0.00,0.67,40,105,1.00,0.00,1.00,0.02,0.00,0.00,0.00,0.00,normal,0,normal,21
7217,901,tcp,http,RSTR,62344,0,0,0,0,0,0,1,0,0,0,0,0,0,0,0,0,0,90,90,0.01,0.01,0.98,0.98,1.00,0.00,0.00,255,255,1.00,0.00,0.00,0.00,0.00,0.00,0.35,0.35,dos,1,apache2,15
954,0,udp,domain_u,SF,45,138,0,0,0,0,0,0,0,0,0,0,0,0,0,0,0,0,98,178,0.00,0.00,0.00,0.00,0.99,0.02,0.01,255,254,1.00,0.01,0.00,0.00,0.00,0.00,0.00,0.00,normal,0,normal,18
6070,0,tcp,ldap,REJ,0,0,0,0,0,0,0,0,0,0,0,0,0,0,0,0,0,0,260,7,0.00,0.00,1.00,1.00,0.03,0.07,0.00,255,7,0.03,0.07,0.00,0.00,0.00,0.00,1.00,1.00,dos,0,neptune,20
4731,0,tcp,http,SF,326,2650,0,0,0,0,0,1,0,0,0,0,0,0,0,0,0,0,13,14,0.00,0.00,0.00,0.00,1.00,0.00,0.14,233,255,1.00,0.00,0.00,0.01,0.00,0.00,0.00,0.00,normal,0,normal,21
15835,0,udp,domain_u,SF,75,46,0,0,0,0,0,0,0,0,0,0,0,0,0,0,0,0,142,142,0.00,0.00,0.00,0.00,1.00,0.00,0.00,255,239,0.94,0.01,0.16,0.00,0.00,0.00,0.00,0.00,normal,0,normal,18
19119,0,tcp,http,SF,219,4898,0,0,0,0,0,1,0,0,0,0,0,0,0,0,0,0,17,26,0.00,0.00,0.00,0.00,1.00,0.00,0.12,255,255,1.00,0.00,0.00,0.00,0.00,0.00,0.00,0.00,normal,0,normal,21
10096,0,tcp,http,S0,0,0,0,0,0,0,0,0,0,0,0,0,0,0,0,0,0,0,11,11,1.00,1.00,0.00,0.00,1.00,0.00,0.00,255,245,0.96,0.01,0.00,0.00,0.14,0.14,0.56,0.59,dos,1,apache2,15
352,7,tcp,pop_3,SF,30,93,0,0,0,0,0,1,0,0,0,0,0,0,0,0,0,0,2,1,0.00,0.00,0.00,0.00,0.50,1.00,0.00,255,249,0.98,0.01,0.00,0.00,0.00,0.00,0.02,0.00,r2l,0,guess_passwd,17
16918,0,icmp,eco_i,SF,8,0,0,0,0,0,0,0,0,0,0,0,0,0,0,0,0,0,1,35,0.00,0.00,0.00,0.00,1.00,0.00,1.00,1,52,1.00,0.00,1.00,0.52,0.00,0.00,0.00,0.00,probe,0,ipsweep,18
5067,0,tcp,http,SF,353,773,0,0,0,0,0,1,0,0,0,0,0,0,0,0,0,0,18,18,0.00,0.00,0.00,0.00,1.00,0.00,0.00,169,255,1.00,0.00,0.01,0.02,0.00,0.00,0.00,0.00,normal,0,normal,21
22488,0,tcp,other,REJ,0,0,0,0,0,0,0,0,0,0,0,0,0,0,0,0,0,0,1,1,0.00,0.00,1.00,1.00,1.00,0.00,0.00,255,19,0.07,0.02,0.00,0.00,0.00,0.00,0.08,0.95,u2r,1,httptunnel,16
18657,0,tcp,private,REJ,0,0,0,0,0,0,0,0,0,0,0,0,0,0,0,0,0,0,205,4,0.00,0.00,1.00,1.00,0.02,0.08,0.00,255,4,0.02,0.08,0.00,0.00,0.00,0.00,1.00,1.00,dos,0,neptune,21
10798,0,tcp,private,SH,0,0,0,0,0,0,0,0,0,0,0,0,0,0,0,0,0,0,1,1,1.00,1.00,0.00,0.00,1.00,0.00,0.00,76,1,0.01,1.00,1.00,0.00,1.00,1.00,0.00,0.00,probe,0,nmap,19
14583,0,tcp,http,SF,338,568,0,0,0,0,0,1,0,0,0,0,0,0,0,0,0,0,10,19,0.00,0.00,0.00,0.00,1.00,0.00,0.21,255,255,1.00,0.00,0.00,0.00,0.00,0.00,0.00,0.00,normal,0,normal,21
6948,0,udp,private,SF,105,146,0,0,0,0,0,0,0,0,0,0,0,0,0,0,0,0,2,1,0.00,0.00,0.00,0.00,0.50,1.00,0.00,255,254,1.00,0.01,0.01,0.00,0.00,0.00,0.00,0.00,normal,0,normal,20
8355,0,tcp,other,REJ,0,0,0,0,0,0,0,0,0,0,0,0,0,0,0,0,0,0,1,1,0.00,0.00,1.00,1.00,1.00,0.00,0.00,61,8,0.13,0.08,0.02,0.00,0.00,0.00,0.10,0.75,u2r,1,httptunnel,10
4271,0,tcp,netbios_ns,REJ,0,0,0,0,0,0,0,0,0,0,0,0,0,0,0,0,0,0,113,12,0.00,0.00,1.00,1.00,0.11,0.06,0.00,255,12,0.05,0.05,0.00,0.00,0.00,0.00,1.00,1.00,dos,0,neptune,20
359,0,tcp,name,REJ,0,0,0,0,0,0,0,0,0,0,0,0,0,0,0,0,0,0,195,5,0.00,0.00,1.00,1.00,0.03,0.07,0.00,255,5,0.02,0.07,0.00,0.00,0.00,0.00,1.00,1.00,dos,0,neptune,18
15024,0,tcp,csnet_ns,REJ,0,0,0,0,0,0,0,0,0,0,0,0,0,0,0,0,0,0,252,1,0.00,0.00,1.00,1.00,0.00,0.07,0.00,255,1,0.00,0.07,0.00,0.00,0.00,0.00,1.00,1.00,dos,0,neptune,18
9890,0,tcp,http,SF,293,599,0,0,0,0,0,1,0,0,0,0,0,0,0,0,0,0,23,38,0.00,0.00,0.00,0.00,1.00,0.00,0.05,23,255,1.00,0.00,0.04,0.06,0.00,0.00,0.00,0.00,normal,0,normal,21
18219,0,tcp,other,REJ,0,0,0,0,0,0,0,0,0,0,0,0,0,0,0,0,0,0,1,1,0.00,0.00,1.00,1.00,1.00,0.00,0.00,255,25,0.10,0.02,0.00,0.00,0.00,0.00,0.09,0.80,u2r,1,httptunnel,16
3722,0,tcp,http,SF,54540,8314,0,0,0,2,0,1,1,0,0,0,0,0,0,0,0,0,3,6,0.00,0.00,0.00,0.00,1.00,0.00,0.33,255,255,1.00,0.00,0.00,0.00,0.01,0.01,0.05,0.05,dos,0,back,15
15788,1,tcp,imap4,RSTO,0,44,0,0,0,0,0,0,0,0,0,0,0,0,0,0,0,0,2,4,0.00,0.00,1.00,1.00,0.50,1.00,1.00,255,48,0.19,0.03,0.00,0.00,0.00,0.00,0.68,0.92,probe,1,mscan,13
11564,8032,tcp,telnet,SF,0,44,0,0,0,0,0,0,0,0,0,0,0,0,0,0,0,0,1,1,0.00,0.00,0.00,0.00,1.00,0.00,0.00,255,80,0.31,0.03,0.00,0.00,0.01,0.03,0.11,0.16,dos,1,processtable,8
2015,0,tcp,http,SF,396,3835,0,0,0,0,0,1,0,0,0,0,0,0,0,0,0,0,12,16,0.00,0.00,0.00,0.00,1.00,0.00,0.19,255,255,1.00,0.00,0.00,0.00,0.00,0.00,0.00,0.00,normal,0,normal,21
1251,0,tcp,gopher,REJ,0,0,0,0,0,0,0,0,0,0,0,0,0,0,0,0,0,0,277,20,0.00,0.00,1.00,1.00,0.07,0.06,0.00,255,20,0.08,0.07,0.00,0.00,0.00,0.00,1.00,1.00,dos,0,neptune,20
8294,0,tcp,private,REJ,0,0,0,0,0,0,0,0,0,0,0,0,0,0,0,0,0,0,211,13,0.00,0.00,1.00,1.00,0.06,0.07,0.00,255,13,0.05,0.07,0.00,0.00,0.00,0.00,1.00,1.00,dos,0,neptune,21
3230,0,tcp,uucp,RSTO,0,0,0,0,0,0,0,0,0,0,0,0,0,0,0,0,0,0,98,6,0.00,0.00,1.00,1.00,0.06,0.07,0.00,255,6,0.02,0.06,0.00,0.00,0.00,0.00,1.00,1.00,dos,0,neptune,18
10099,0,tcp,sql_net,REJ,0,0,0,0,0,0,0,0,0,0,0,0,0,0,0,0,0,0,209,17,0.00,0.00,1.00,1.00,0.08,0.07,0.00,255,17,0.07,0.07,0.00,0.00,0.00,0.00,1.00,1.00,dos,0,neptune,20
19067,0,tcp,private,REJ,0,0,0,0,0,0,0,0,0,0,0,0,0,0,0,0,0,0,132,6,0.00,0.00,1.00,1.00,0.05,0.06,0.00,255,6,0.02,0.05,0.00,0.00,0.00,0.00,1.00,1.00,dos,0,neptune,21
9767,0,tcp,http,SF,303,1487,0,0,0,0,0,1,0,0,0,0,0,0,0,0,0,0,10,10,0.00,0.00,0.00,0.00,1.00,0.00,0.00,34,255,1.00,0.00,0.03,0.05,0.00,0.00,0.00,0.00,normal,0,normal,21
11817,0,tcp,private,REJ,0,0,0,0,0,0,0,0,0,0,0,0,0,0,0,0,0,0,284,2,0.00,0.00,1.00,1.00,0.01,0.06,0.00,255,2,0.01,0.06,0.00,0.00,0.00,0.00,1.00,1.00,dos,0,neptune,21
15311,0,tcp,private,REJ,0,0,0,0,0,0,0,0,0,0,0,0,0,0,0,0,0,0,237,12,0.09,0.92,0.91,0.08,0.05,0.06,0.00,255,12,0.05,0.07,0.00,0.00,0.09,0.92,0.91,0.08,dos,0,neptune,21
20846,0,tcp,http,SF,220,2120,0,0,0,0,0,1,0,0,0,0,0,0,0,0,0,0,14,14,0.00,0.00,0.00,0.00,1.00,0.00,0.00,255,255,1.00,0.00,0.00,0.00,0.00,0.00,0.00,0.00,normal,0,normal,21
819,0,tcp,http,SF,222,1718,0,0,0,0,0,1,0,0,0,0,0,0,0,0,0,0,4,4,0.00,0.00,0.00,0.00,1.00,0.00,0.00,255,255,1.00,0.00,0.00,0.00,0.00,0.00,0.00,0.00,normal,0,normal,21
5346,0,tcp,private,REJ,0,0,0,0,0,0,0,0,0,0,0,0,0,0,0,0,0,0,239,12,0.00,0.00,1.00,1.00,0.05,0.06,0.00,255,12,0.05,0.06,0.00,0.00,0.00,0.00,1.00,1.00,dos,0,neptune,21
1553,4,tcp,pop_3,SF,32,93,0,0,0,0,0,1,0,0,0,0,0,0,0,0,0,0,1,1,0.00,0.00,0.00,0.00,1.00,0.00,0.00,255,241,0.95,0.02,0.00,0.00,0.00,0.00,0.02,0.00,r2l,0,guess_passwd,18
3052,0,udp,domain_u,SF,36,0,0,0,0,0,0,0,0,0,0,0,0,0,0,0,0,0,3,5,0.00,0.00,0.00,0.00,1.00,0.00,0.60,42,42,1.00,0.00,1.00,0.00,0.00,0.00,0.00,0.00,normal,0,normal,21
14982,0,tcp,http,SF,317,193,0,0,0,0,0,1,0,0,0,0,0,0,0,0,0,0,29,29,0.00,0.00,0.00,0.00,1.00,0.00,0.00,255,255,1.00,0.00,0.00,0.00,0.00,0.00,0.00,0.00,normal,0,normal,21
2845,0,tcp,private,REJ,0,0,0,0,0,0,0,0,0,0,0,0,0,0,0,0,0,0,282,8,0.00,0.00,1.00,1.00,0.03,0.06,0.00,255,8,0.03,0.06,0.00,0.00,0.00,0.00,1.00,1.00,dos,0,neptune,21
20979,2078,tcp,http,RSTR,72564,0,0,0,0,0,0,1,0,0,0,0,0,0,0,0,0,0,11,11,0.00,0.00,1.00,1.00,1.00,0.00,0.00,255,232,0.91,0.02,0.00,0.00,0.00,0.00,0.09,0.10,dos,1,apache2,16
16617,0,tcp,telnet,RSTO,0,0,0,0,0,0,0,0,0,0,0,0,0,0,0,0,0,0,280,5,0.00,0.00,1.00,1.00,0.02,0.06,0.00,255,5,0.02,0.06,0.00,0.00,0.00,0.00,1.00,1.00,dos,0,neptune,18
15662,0,tcp,private,REJ,0,0,0,0,0,0,0,0,0,0,0,0,0,0,0,0,0,0,125,17,0.00,0.00,1.00,1.00,0.14,0.06,0.00,224,17,0.08,0.05,0.00,0.00,0.00,0.00,1.00,1.00,dos,0,neptune,18
17020,1,tcp,smtp,SF,103,402,0,0,0,0,0,1,0,0,0,0,0,0,0,0,0,0,1,3,0.00,0.00,0.00,0.00,1.00,0.00,1.00,63,46,0.73,0.10,0.02,0.00,0.02,0.00,0.08,0.11,normal,0,normal,21
5935,0,tcp,http,SF,281,648,0,0,0,0,0,1,0,0,0,0,0,0,0,0,0,0,7,7,0.00,0.00,0.00,0.00,1.00,0.00,0.00,69,255,1.00,0.00,0.01,0.04,0.00,0.00,0.00,0.00,normal,0,normal,21
21025,0,icmp,eco_i,SF,18,0,0,0,0,0,0,0,0,0,0,0,0,0,0,0,0,0,1,1,0.00,0.00,0.00,0.00,1.00,0.00,0.00,1,211,1.00,0.00,1.00,1.00,0.00,0.00,0.00,0.00,probe,0,ipsweep,15
13288,2,tcp,telnet,SF,24,109,0,0,0,0,0,0,0,0,0,0,0,0,0,0,0,0,2,6,0.00,0.00,0.50,0.50,1.00,0.00,0.50,136,85,0.33,0.04,0.01,0.02,0.00,0.00,0.88,0.66,probe,1,mscan,7
17310,5,tcp,pop_3,SF,28,93,0,0,0,0,0,1,0,0,0,0,0,0,0,0,0,0,1,1,0.00,0.00,0.00,0.00,1.00,0.00,0.00,255,228,0.89,0.02,0.00,0.00,0.00,0.00,0.07,0.00,r2l,0,guess_passwd,16
1946,0,icmp,ecr_i,SF,1480,0,0,1,0,0,0,0,0,0,0,0,0,0,0,0,0,0,2,4,0.00,0.00,0.00,0.00,1.00,0.00,0.50,2,30,1.00,0.00,1.00,0.50,0.00,0.00,0.00,0.00,normal,0,normal,5
7374,0,udp,other,SF,1,1,0,0,0,0,0,0,0,0,0,0,0,0,0,0,0,0,65,1,0.00,0.00,0.00,0.00,0.02,1.00,0.00,255,1,0.00,0.49,1.00,0.00,0.00,0.00,0.00,0.00,probe,0,satan,16
7213,4,tcp,pop_3,SF,28,93,0,0,0,0,0,1,0,0,0,0,0,0,0,0,0,0,1,1,0.00,0.00,0.00,0.00,1.00,0.00,0.00,255,233,0.91,0.04,0.00,0.00,0.00,0.00,0.00,0.00,r2l,0,guess_passwd,17
17615,0,tcp,klogin,REJ,0,0,0,0,0,0,0,0,0,0,0,0,0,0,0,0,0,0,136,9,0.00,0.00,1.00,1.00,0.07,0.06,0.00,255,9,0.04,0.05,0.00,0.00,0.00,0.00,1.00,1.00,dos,0,neptune,21
15303,0,icmp,ecr_i,SF,1032,0,0,0,0,0,0,0,0,0,0,0,0,0,0,0,0,0,271,271,0.00,0.00,0.00,0.00,1.00,0.00,0.00,255,255,1.00,0.00,1.00,0.00,0.00,0.00,0.00,0.00,dos,0,smurf,20
3983,0,tcp,http,SF,229,772,0,0,0,0,0,1,0,0,0,0,0,0,0,0,0,0,13,13,0.00,0.00,0.00,0.00,1.00,0.00,0.00,13,247,1.00,0.00,0.08,0.02,0.00,0.00,0.00,0.00,normal,0,normal,21
1852,0,tcp,private,S0,0,0,0,0,0,0,0,0,0,0,0,0,0,0,0,0,0,0,144,15,1.00,1.00,0.00,0.00,0.10,0.06,0.00,255,15,0.06,0.06,0.00,0.00,1.00,1.00,0.00,0.00,dos,0,neptune,21
1698,0,tcp,telnet,REJ,0,0,0,0,0,0,0,0,0,0,0,0,0,0,0,0,0,0,4,8,0.00,0.00,1.00,0.88,0.25,1.00,0.88,193,84,0.33,0.03,0.01,0.02,0.00,0.00,0.88,0.67,probe,1,mscan,15
8249,0,tcp,http,SF,204,167,0,0,0,0,0,1,0,0,0,0,0,0,0,0,0,0,12,12,0.00,0.00,0.00,0.00,1.00,0.00,0.00,12,255,1.00,0.00,0.08,0.02,0.00,0.00,0.00,0.00,normal,0,normal,21
1898,0,tcp,sunrpc,REJ,0,0,0,0,0,0,0,0,0,0,0,0,0,0,0,0,0,0,1,3,0.00,0.00,1.00,1.00,1.00,0.00,1.00,103,50,0.17,0.05,0.01,0.04,0.02,0.00,0.90,1.00,probe,1,mscan,13
9133,0,icmp,ecr_i,SF,1032,0,0,0,0,0,0,0,0,0,0,0,0,0,0,0,0,0,136,136,0.00,0.00,0.00,0.00,1.00,0.00,0.00,255,130,0.51,0.46,0.51,0.00,0.10,0.00,0.39,0.00,dos,0,smurf,18
3532,20,tcp,ftp,SF,224,764,0,0,0,4,0,1,0,0,0,0,0,0,0,0,0,1,1,1,0.00,0.00,0.00,0.00,1.00,0.00,0.00,37,9,0.24,0.05,0.03,0.00,0.00,0.00,0.00,0.00,normal,0,normal,21
10763,280,tcp,ftp_data,SF,283618,0,0,0,0,0,0,0,0,0,0,0,0,0,0,0,0,0,2,2,0.00,0.00,0.00,0.00,1.00,0.00,0.00,4,15,1.00,0.00,1.00,0.27,0.00,0.00,0.00,0.00,r2l,0,warezmaster,18
15033,0,tcp,http,SF,282,618,0,0,0,0,0,1,0,0,0,0,0,0,0,0,0,0,11,11,0.00,0.00,0.00,0.00,1.00,0.00,0.00,255,255,1.00,0.00,0.00,0.00,0.00,0.00,0.00,0.00,normal,0,normal,21
10693,0,tcp,other,REJ,0,0,0,0,0,0,0,0,0,0,0,0,0,0,0,0,0,0,398,1,0.17,0.00,0.83,1.00,0.00,1.00,0.00,255,1,0.00,0.92,0.00,0.00,0.16,0.00,0.84,1.00,probe,0,satan,17
13647,0,tcp,vmnet,REJ,0,0,0,0,0,0,0,0,0,0,0,0,0,0,0,0,0,0,253,8,0.00,0.00,1.00,1.00,0.03,0.06,0.00,255,8,0.03,0.07,0.00,0.00,0.00,0.00,1.00,1.00,dos,0,neptune,19
15174,0,udp,domain_u,SF,44,128,0,0,0,0,0,0,0,0,0,0,0,0,0,0,0,0,76,147,0.00,0.00,0.00,0.00,0.99,0.03,0.01,255,254,1.00,0.01,0.00,0.00,0.00,0.00,0.00,0.00,normal,0,normal,20
9180,0,tcp,http,SF,264,29498,0,0,0,0,0,1,0,0,0,0,0,0,0,0,0,0,1,1,0.00,0.00,0.00,0.00,1.00,0.00,0.00,97,255,1.00,0.00,0.01,0.02,0.00,0.00,0.00,0.00,normal,0,normal,21
20713,0,tcp,http,SF,224,2616,0,0,0,0,0,1,0,0,0,0,0,0,0,0,0,0,21,21,0.00,0.00,0.00,0.00,1.00,0.00,0.00,21,255,1.00,0.00,0.05,0.04,0.00,0.00,0.00,0.00,normal,0,normal,21
10128,0,tcp,http,SF,219,304,0,0,0,0,0,1,0,0,0,0,0,0,0,0,0,0,7,10,0.00,0.00,0.00,0.00,1.00,0.00,0.30,15,255,1.00,0.00,0.07,0.04,0.00,0.00,0.00,0.00,normal,0,normal,21
2973,0,tcp,other,REJ,0,0,0,0,0,0,0,0,0,0,0,0,0,0,0,0,0,0,511,1,0.12,0.00,0.88,1.00,0.00,1.00,0.00,255,1,0.00,0.94,0.00,0.00,0.12,0.00,0.88,1.00,probe,0,satan,20
20316,0,tcp,http,SF,285,10216,0,0,0,0,0,1,0,0,0,0,0,0,0,0,0,0,2,2,0.00,0.00,0.00,0.00,1.00,0.00,0.00,239,255,1.00,0.00,0.00,0.02,0.00,0.00,0.00,0.00,normal,0,normal,21
3626,4,tcp,pop_3,SF,32,93,0,0,0,0,0,1,0,0,0,0,0,0,0,0,0,0,1,1,0.00,0.00,0.00,0.00,1.00,0.00,0.00,255,140,0.55,0.02,0.00,0.00,0.00,0.00,0.17,0.02,r2l,0,guess_passwd,13
12208,0,tcp,ftp,SF,26,157,0,0,0,0,1,0,0,0,0,0,0,0,0,0,0,1,1,2,0.00,0.00,0.00,0.00,1.00,0.00,1.00,100,54,0.54,0.04,0.01,0.00,0.00,0.00,0.00,0.00,r2l,0,guess_passwd,6
1533,0,tcp,http,SF,283,2170,0,0,0,0,0,1,0,0,0,0,0,0,0,0,0,0,9,9,0.00,0.00,0.00,0.00,1.00,0.00,0.00,134,255,1.00,0.00,0.01,0.03,0.01,0.01,0.00,0.00,normal,0,normal,21
6820,0,tcp,http,SF,308,912,0,0,0,0,0,1,0,0,0,0,0,0,0,0,0,0,20,21,0.00,0.00,0.00,0.00,1.00,0.00,0.10,20,255,1.00,0.00,0.05,0.04,0.00,0.00,0.00,0.00,normal,0,normal,21
14675,0,tcp,smtp,SF,1202,397,0,0,0,0,0,1,0,0,0,0,0,0,0,0,0,0,1,1,0.00,0.00,0.00,0.00,1.00,0.00,0.00,164,62,0.33,0.03,0.01,0.03,0.61,0.00,0.00,0.00,normal,0,normal,18
22261,0,tcp,http,SF,331,1078,0,0,0,0,0,1,0,0,0,0,0,0,0,0,0,0,12,12,0.00,0.00,0.00,0.00,1.00,0.00,0.00,42,255,1.00,0.00,0.02,0.01,0.00,0.00,0.00,0.00,normal,0,normal,21
3260,0,tcp,http,SF,297,305,0,0,0,0,0,1,0,0,0,0,0,0,0,0,0,0,8,9,0.00,0.00,0.00,0.00,1.00,0.00,0.22,255,255,1.00,0.00,0.00,0.00,0.00,0.00,0.00,0.00,normal,0,normal,21
11798,0,tcp,smtp,SF,3022,334,0,0,0,0,0,1,0,0,0,0,0,0,0,0,0,0,1,1,0.00,0.00,0.00,0.00,1.00,0.00,0.00,121,109,0.90,0.03,0.01,0.00,0.00,0.00,0.02,0.03,normal,0,normal,21
12893,0,tcp,http,SF,197,22603,0,0,0,0,0,1,0,0,0,0,0,0,0,0,0,0,1,26,0.00,0.00,0.00,0.00,1.00,0.00,0.12,172,255,1.00,0.00,0.01,0.01,0.00,0.00,0.00,0.00,normal,0,normal,21
8250,0,tcp,http,REJ,0,0,0,0,0,0,0,0,0,0,0,0,0,0,0,0,0,0,33,12,0.00,0.00,1.00,1.00,0.36,0.12,0.00,255,58,0.23,0.11,0.01,0.00,0.00,0.00,1.00,1.00,dos,0,neptune,17
11957,0,udp,private,SF,53,50,0,0,0,0,0,0,0,0,0,0,0,0,0,0,0,0,511,511,0.00,0.00,0.00,0.00,1.00,0.00,0.00,255,255,1.00,0.00,1.00,0.00,0.00,0.00,0.00,0.00,normal,0,normal,17
17930,0,tcp,http,SF,230,601,0,0,0,0,0,1,0,0,0,0,0,0,0,0,0,0,1,1,0.00,0.00,0.00,0.00,1.00,0.00,0.00,31,255,1.00,0.00,0.03,0.02,0.00,0.00,0.00,0.00,normal,0,normal,21
15268,0,tcp,http,SF,279,2764,0,0,0,0,0,1,0,0,0,0,0,0,0,0,0,0,6,6,0.00,0.00,0.00,0.00,1.00,0.00,0.00,136,255,1.00,0.00,0.01,0.01,0.00,0.00,0.00,0.00,normal,0,normal,21
622,0,tcp,ftp_data,SF,12,0,0,0,0,0,0,0,0,0,0,0,0,0,0,0,0,0,1,1,0.00,0.00,0.00,0.00,1.00,0.00,0.00,14,21,0.93,0.14,0.93,0.10,0.00,0.00,0.00,0.00,r2l,0,warezmaster,5
648,0,tcp,http,SF,231,5322,0,0,0,0,0,1,0,0,0,0,0,0,0,0,0,0,15,15,0.00,0.00,0.00,0.00,1.00,0.00,0.00,32,255,1.00,0.00,0.03,0.02,0.00,0.00,0.00,0.00,normal,0,normal,21
19412,0,tcp,private,RSTO,0,0,0,0,0,0,0,0,0,0,0,0,0,0,0,0,0,0,108,9,0.00,0.00,1.00,1.00,0.08,0.06,0.00,255,9,0.04,0.06,0.00,0.00,0.00,0.00,1.00,1.00,dos,0,neptune,21
17651,0,tcp,finger,S0,0,0,0,0,0,0,0,0,0,0,0,0,0,0,0,0,0,0,64,17,1.00,1.00,0.00,0.00,0.27,0.06,0.00,255,64,0.25,0.02,0.01,0.00,0.97,1.00,0.00,0.00,dos,0,neptune,20
19287,0,tcp,http,SF,215,300,0,0,0,0,0,1,0,0,0,0,0,0,0,0,0,0,11,21,0.00,0.00,0.00,0.00,1.00,0.00,0.14,56,255,1.00,0.00,0.02,0.02,0.00,0.00,0.00,0.00,normal,0,normal,21
6342,0,udp,private,SF,44,0,0,0,0,0,0,0,0,0,0,0,0,0,0,0,0,0,2,2,0.00,0.00,0.00,0.00,1.00,0.00,0.00,255,254,1.00,0.01,0.00,0.00,0.00,0.00,0.00,0.00,r2l,1,snmpguess,16
6887,7454,tcp,telnet,SF,0,44,0,0,0,0,0,0,0,0,0,0,0,0,0,0,0,0,1,1,0.00,0.00,0.00,0.00,1.00,0.00,0.00,255,194,0.76,0.23,0.00,0.00,0.50,0.65,0.22,0.01,dos,1,processtable,18
12049,0,tcp,http,SF,241,11571,0,0,0,0,0,1,0,0,0,0,0,0,0,0,0,0,20,20,0.00,0.00,0.00,0.00,1.00,0.00,0.00,20,255,1.00,0.00,0.05,0.03,0.00,0.00,0.00,0.00,normal,0,normal,21
2408,1,tcp,smtp,SF,780,343,0,0,0,0,0,1,0,0,0,0,0,0,0,0,0,0,1,2,0.00,0.00,0.00,0.00,1.00,0.00,1.00,12,157,0.92,0.17,0.08,0.01,0.00,0.00,0.00,0.00,normal,0,normal,21
21044,0,tcp,private,REJ,0,0,0,0,0,0,0,0,0,0,0,0,0,0,0,0,0,0,116,6,0.00,0.00,1.00,1.00,0.05,0.06,0.00,255,6,0.02,0.05,0.00,0.00,0.00,0.00,1.00,1.00,dos,0,neptune,21
2651,4,tcp,pop_3,SF,26,93,0,0,0,0,0,1,0,0,0,0,0,0,0,0,0,0,1,1,0.00,0.00,0.00,0.00,1.00,0.00,0.00,61,59,0.95,0.03,0.02,0.03,0.00,0.00,0.00,0.00,r2l,0,guess_passwd,6
671,0,udp,other,SF,1,1,0,0,0,0,0,0,0,0,0,0,0,0,0,0,0,0,145,1,0.00,0.00,0.00,0.00,0.01,1.00,0.00,255,1,0.00,0.62,0.99,0.00,0.00,0.00,0.00,0.00,probe,0,satan,19
11809,0,tcp,http,SF,313,5096,0,0,0,0,0,1,0,0,0,0,0,0,0,0,0,0,11,11,0.00,0.00,0.00,0.00,1.00,0.00,0.00,51,242,1.00,0.00,0.02,0.03,0.00,0.00,0.00,0.00,normal,0,normal,21
16834,4,tcp,pop_3,SF,27,93,0,0,0,0,0,1,0,0,0,0,0,0,0,0,0,0,1,1,0.00,0.00,0.00,0.00,1.00,0.00,0.00,255,231,0.91,0.02,0.00,0.00,0.00,0.00,0.06,0.00,r2l,0,guess_passwd,16
7645,0,tcp,imap4,REJ,0,0,0,0,0,0,0,0,0,0,0,0,0,0,0,0,0,0,222,2,0.00,0.00,1.00,1.00,0.01,0.06,0.00,255,2,0.01,0.07,0.00,0.00,0.00,0.00,1.00,1.00,dos,0,neptune,19
1980,0,tcp,auth,SF,10,39,0,0,0,0,0,0,0,0,0,0,0,0,0,0,0,0,1,1,0.00,0.00,0.00,0.00,1.00,0.00,0.00,149,8,0.03,0.04,0.01,0.25,0.00,0.00,0.00,0.00,normal,0,normal,21
2683,0,tcp,imap4,RSTO,0,44,0,0,0,0,0,0,0,0,0,0,0,0,0,0,0,0,3,4,0.00,0.00,0.67,1.00,0.33,0.67,1.00,255,54,0.21,0.02,0.00,0.00,0.00,0.00,0.80,0.96,probe,1,mscan,14
17304,0,tcp,http,SF,232,9273,0,0,0,0,0,1,0,0,0,0,0,0,0,0,0,0,1,11,0.00,0.00,0.00,0.00,1.00,0.00,0.36,14,255,1.00,0.00,0.07,0.07,0.00,0.00,0.00,0.00,normal,0,normal,21
4541,0,tcp,private,REJ,0,0,0,0,0,0,0,0,0,0,0,0,0,0,0,0,0,0,54,1,0.00,0.00,0.98,1.00,0.02,1.00,0.00,89,1,0.01,0.49,0.01,0.00,0.00,0.00,0.44,1.00,probe,0,satan,14
2014,0,tcp,http_443,REJ,0,0,0,0,0,0,0,0,0,0,0,0,0,0,0,0,0,0,101,6,0.00,0.00,1.00,1.00,0.06,0.06,0.00,255,6,0.02,0.06,0.00,0.00,0.00,0.00,1.00,1.00,dos,0,neptune,20
227,0,tcp,private,S0,0,0,0,0,0,0,0,0,0,0,0,0,0,0,0,0,0,0,148,11,1.00,1.00,0.00,0.00,0.07,0.05,0.00,58,11,0.19,0.09,0.02,0.00,1.00,1.00,0.00,0.00,dos,0,neptune,18
18157,0,tcp,telnet,SF,123,174,0,0,0,0,1,0,0,0,0,0,0,0,0,0,0,0,1,1,0.00,0.00,0.00,0.00,1.00,0.00,0.00,255,250,0.98,0.01,0.00,0.00,0.00,0.00,0.02,0.02,r2l,0,guess_passwd,16
21698,280,tcp,ftp_data,SF,283618,0,0,0,0,0,0,0,0,0,0,0,0,0,0,0,0,0,1,1,0.00,0.00,0.00,0.00,1.00,0.00,0.00,3,33,1.00,0.00,1.00,0.15,0.00,0.00,0.00,0.00,r2l,0,warezmaster,16
11051,0,tcp,http,SF,228,30900,0,0,0,0,0,1,0,0,0,0,0,0,0,0,0,0,1,8,0.00,0.00,0.00,0.00,1.00,0.00,0.25,19,233,1.00,0.00,0.05,0.07,0.00,0.00,0.00,0.00,normal,0,normal,21
14665,0,tcp,http,SF,233,771,0,0,0,0,0,1,0,0,0,0,0,0,0,0,0,0,9,9,0.00,0.00,0.00,0.00,1.00,0.00,0.00,162,255,1.00,0.00,0.01,0.01,0.00,0.00,0.00,0.00,normal,0,normal,21
7928,0,tcp,http,S0,0,0,0,0,0,0,0,0,0,0,0,0,0,0,0,0,0,0,87,87,1.00,1.00,0.00,0.00,1.00,0.00,0.00,255,255,1.00,0.00,0.00,0.00,0.47,0.47,0.51,0.51,dos,1,apache2,17
4356,0,tcp,private,REJ,0,0,0,0,0,0,0,0,0,0,0,0,0,0,0,0,0,0,216,18,0.00,0.00,1.00,1.00,0.08,0.07,0.00,255,18,0.07,0.07,0.00,0.00,0.00,0.00,1.00,1.00,dos,0,neptune,21
5401,8208,tcp,telnet,SF,0,15,0,0,0,0,0,0,0,0,0,0,0,0,0,0,0,0,1,1,0.00,0.00,0.00,0.00,1.00,0.00,0.00,255,38,0.15,0.04,0.00,0.00,0.00,0.03,0.08,0.26,dos,1,processtable,7
156,8169,tcp,telnet,SF,0,15,0,0,0,0,0,0,0,0,0,0,0,0,0,0,0,0,1,1,0.00,0.00,0.00,0.00,1.00,0.00,0.00,255,19,0.07,0.82,0.00,0.00,0.00,0.00,0.80,0.00,dos,1,processtable,12
838,0,udp,domain_u,SF,45,45,0,0,0,0,0,0,0,0,0,0,0,0,0,0,0,0,73,146,0.00,0.00,0.00,0.00,0.99,0.03,0.01,255,254,1.00,0.01,0.01,0.00,0.00,0.00,0.00,0.00,normal,0,normal,20
16910,0,tcp,sunrpc,REJ,0,0,0,0,0,0,0,0,0,0,0,0,0,0,0,0,0,0,4,16,0.00,0.00,0.50,1.00,0.25,1.00,1.00,255,8,0.03,0.03,0.00,0.00,0.00,0.00,0.20,1.00,probe,1,mscan,14
10276,0,udp,domain_u,SF,46,46,0,0,0,0,0,0,0,0,0,0,0,0,0,0,0,0,93,96,0.00,0.00,0.00,0.00,1.00,0.00,0.02,255,255,1.00,0.00,0.00,0.00,0.00,0.00,0.00,0.00,normal,0,normal,21
20763,0,tcp,private,REJ,0,0,0,0,0,0,0,0,0,0,0,0,0,0,0,0,0,0,150,9,0.00,0.00,1.00,1.00,0.06,0.07,0.00,255,9,0.04,0.06,0.00,0.00,0.00,0.00,1.00,1.00,dos,0,neptune,21
2959,0,tcp,http,SF,225,951,0,0,0,0,0,1,0,0,0,0,0,0,0,0,0,0,9,14,0.00,0.00,0.00,0.00,1.00,0.00,0.29,86,255,1.00,0.00,0.01,0.01,0.00,0.00,0.00,0.00,normal,0,normal,21
19345,0,tcp,http,SF,217,2187,0,0,0,0,0,1,0,0,0,0,0,0,0,0,0,0,3,3,0.00,0.00,0.00,0.00,1.00,0.00,0.00,131,255,1.00,0.00,0.01,0.05,0.00,0.00,0.00,0.00,normal,0,normal,21
6642,0,tcp,http,SF,330,10872,0,0,0,0,0,1,0,0,0,0,0,0,0,0,0,0,5,6,0.00,0.00,0.00,0.00,1.00,0.00,0.33,255,255,1.00,0.00,0.00,0.00,0.00,0.00,0.00,0.00,normal,0,normal,21
10522,0,tcp,http,SF,311,4894,0,0,0,0,0,1,0,0,0,0,0,0,0,0,0,0,10,11,0.00,0.00,0.00,0.00,1.00,0.00,0.18,54,71,1.00,0.00,0.02,0.07,0.00,0.00,0.00,0.00,normal,0,normal,21
12044,0,tcp,ftp_data,SF,12,0,0,0,0,0,0,0,0,0,0,0,0,0,0,0,0,0,1,1,0.00,0.00,0.00,0.00,1.00,0.00,0.00,1,9,1.00,0.00,1.00,0.33,0.00,0.00,0.00,0.00,r2l,0,warezmaster,17
11032,0,icmp,ecr_i,SF,1480,0,0,1,0,0,0,0,0,0,0,0,0,0,0,0,0,0,1,3,0.00,0.00,0.00,0.00,1.00,0.00,0.67,1,31,1.00,0.00,1.00,0.52,0.00,0.00,0.00,0.00,dos,0,pod,16
6067,898,tcp,http,RSTR,55744,0,0,0,0,0,0,1,0,0,0,0,0,0,0,0,0,0,29,29,0.00,0.00,1.00,1.00,1.00,0.00,0.00,255,255,1.00,0.00,0.00,0.00,0.00,0.00,0.52,0.52,dos,1,apache2,15
21924,0,tcp,http,SF,223,5989,0,0,0,0,0,1,0,0,0,0,0,0,0,0,0,0,8,8,0.00,0.00,0.00,0.00,1.00,0.00,0.00,180,255,1.00,0.00,0.01,0.02,0.00,0.00,0.00,0.00,normal,0,normal,21
16479,0,tcp,telnet,REJ,0,0,0,0,0,0,0,0,0,0,0,0,0,0,0,0,0,0,1,23,0.00,0.13,1.00,0.78,1.00,0.00,0.91,68,89,0.35,0.07,0.01,0.02,0.03,0.02,0.87,0.65,probe,1,mscan,13
22051,4,tcp,http,SF,54540,8314,0,0,0,2,0,1,1,0,0,0,0,0,0,0,0,0,3,3,0.00,0.00,0.33,0.33,1.00,0.00,0.00,255,255,1.00,0.00,0.00,0.00,0.01,0.01,0.05,0.05,dos,0,back,16
793,1,tcp,smtp,SF,1684,283,0,0,0,0,0,1,0,0,0,0,0,0,0,0,0,0,1,5,0.00,0.00,0.00,0.00,1.00,0.00,1.00,255,4,0.02,0.02,0.00,0.00,0.00,0.00,0.04,0.00,normal,0,normal,17
13530,287,tcp,ftp,SF,162,599,0,0,0,2,0,1,0,0,0,0,0,0,0,0,0,1,1,1,0.00,0.00,0.00,0.00,1.00,0.00,0.00,255,27,0.11,0.02,0.00,0.00,0.00,0.00,0.36,0.00,r2l,0,warezmaster,13
12599,0,tcp,sunrpc,REJ,0,0,0,0,0,0,0,0,0,0,0,0,0,0,0,0,0,0,4,13,0.00,0.00,1.00,1.00,0.25,1.00,1.00,26,48,0.15,0.19,0.04,0.04,0.00,0.00,0.77,1.00,probe,1,mscan,14
4378,0,icmp,ecr_i,SF,1008,0,0,0,0,0,0,0,0,0,0,0,0,0,0,0,0,0,198,198,0.00,0.00,0.00,0.00,1.00,0.00,0.00,255,255,1.00,0.00,1.00,0.00,0.00,0.00,0.00,0.00,dos,0,smurf,18
13595,0,udp,private,SF,46,43,0,0,0,0,0,0,0,0,0,0,0,0,0,0,0,0,128,128,0.00,0.00,0.00,0.00,1.00,0.00,0.00,255,255,1.00,0.00,0.50,0.00,0.00,0.00,0.00,0.00,normal,0,normal,14
11577,0,tcp,private,REJ,0,0,0,0,0,0,0,0,0,0,0,0,0,0,0,0,0,0,245,19,0.06,0.00,0.94,1.00,0.08,0.07,0.00,255,19,0.07,0.07,0.00,0.00,0.06,0.00,0.94,1.00,dos,0,neptune,21
16510,0,tcp,private,REJ,0,0,0,0,0,0,0,0,0,0,0,0,0,0,0,0,0,0,124,18,0.68,0.00,0.32,1.00,0.15,0.06,0.00,255,18,0.07,0.06,0.00,0.00,0.70,0.00,0.30,1.00,dos,0,neptune,21
1333,0,tcp,other,REJ,0,0,0,0,0,0,0,0,0,0,0,0,0,0,0,0,0,0,1,1,0.00,0.00,1.00,1.00,1.00,0.00,0.00,76,1,0.01,0.04,0.01,0.00,0.00,0.00,0.01,1.00,u2r,1,httptunnel,12
13710,0,tcp,http,SF,344,2615,0,0,0,0,0,1,0,0,0,0,0,0,0,0,0,0,3,3,0.00,0.00,0.00,0.00,1.00,0.00,0.00,77,255,1.00,0.00,0.01,0.02,0.00,0.00,0.00,0.00,normal,0,normal,21
1023,0,tcp,http,SF,235,2772,0,0,0,0,0,1,0,0,0,0,0,0,0,0,0,0,18,24,0.00,0.00,0.00,0.00,1.00,0.00,0.17,255,255,1.00,0.00,0.00,0.00,0.00,0.00,0.00,0.00,normal,0,normal,21
8243,0,tcp,http,SF,369,11930,0,0,0,0,0,1,0,0,0,0,0,0,0,0,0,0,9,10,0.00,0.00,0.00,0.00,1.00,0.00,0.20,9,255,1.00,0.00,0.11,0.03,0.00,0.00,0.00,0.00,normal,0,normal,21
9218,4,tcp,pop_3,SF,30,93,0,0,0,0,0,1,0,0,0,0,0,0,0,0,0,0,1,1,0.00,0.00,0.00,0.00,1.00,0.00,0.00,255,248,0.97,0.01,0.00,0.00,0.00,0.00,0.00,0.00,r2l,0,guess_passwd,18
577,0,tcp,http,SF,225,670,0,0,0,0,0,1,0,0,0,0,0,0,0,0,0,0,10,25,0.00,0.00,0.00,0.00,1.00,0.00,0.12,163,255,1.00,0.00,0.01,0.04,0.00,0.00,0.00,0.00,normal,0,normal,21
13416,1,tcp,smtp,SF,2599,293,0,0,0,0,0,1,0,0,0,0,0,0,0,0,0,0,2,2,0.00,0.00,0.00,0.00,1.00,0.00,0.00,255,5,0.02,0.16,0.00,0.00,0.00,0.00,0.96,0.00,dos,1,mailbomb,12
1746,0,tcp,http,SF,210,303,0,0,0,0,0,1,0,0,0,0,0,0,0,0,0,0,1,2,0.00,0.00,0.00,0.00,1.00,0.00,1.00,95,255,1.00,0.00,0.01,0.03,0.00,0.00,0.00,0.00,normal,0,normal,21
21983,0,udp,domain_u,SF,42,124,0,0,0,0,0,0,0,0,0,0,0,0,0,0,0,0,77,156,0.00,0.00,0.00,0.00,1.00,0.00,0.01,255,255,1.00,0.00,0.00,0.00,0.00,0.00,0.00,0.00,normal,0,normal,19
20928,0,tcp,other,REJ,0,0,0,0,0,0,0,0,0,0,0,0,0,0,0,0,0,0,411,1,0.15,0.00,0.83,1.00,0.00,1.00,0.00,255,1,0.00,0.96,0.00,0.00,0.10,0.00,0.89,1.00,probe,0,satan,17
1174,0,tcp,ftp_data,SF,40494,0,0,0,0,0,0,0,0,0,0,0,0,0,0,0,0,0,9,9,0.00,0.00,0.00,0.00,1.00,0.00,0.00,88,38,0.22,0.05,0.22,0.05,0.00,0.00,0.00,0.00,normal,0,normal,21
11223,0,tcp,http,SF,199,58294,0,0,0,0,0,1,0,0,0,0,0,0,0,0,0,0,4,13,0.00,0.00,0.00,0.00,1.00,0.00,0.15,11,255,1.00,0.00,0.09,0.02,0.00,0.00,0.00,0.00,normal,0,normal,21
21931,280,tcp,ftp_data,SF,283618,0,0,0,0,0,0,0,0,0,0,0,0,0,0,0,0,0,2,2,0.00,0.00,0.00,0.00,1.00,0.00,0.00,4,4,1.00,0.00,1.00,0.00,0.00,0.00,0.00,0.00,r2l,0,warezmaster,19
4150,0,udp,private,SF,1,1,0,0,0,0,0,0,0,0,0,0,0,0,0,0,0,0,95,1,0.00,0.00,0.00,0.00,0.01,0.79,0.00,255,1,0.00,0.51,0.96,0.00,0.00,0.00,0.04,0.00,probe,0,satan,17
11485,0,tcp,http,SF,297,1736,0,0,0,0,0,1,0,0,0,0,0,0,0,0,0,0,2,2,0.00,0.00,0.00,0.00,1.00,0.00,0.00,26,243,1.00,0.00,0.04,0.08,0.00,0.00,0.00,0.00,normal,0,normal,21
1471,0,tcp,http,SF,220,1212,0,0,0,0,0,1,0,0,0,0,0,0,0,0,0,0,13,13,0.00,0.00,0.00,0.00,1.00,0.00,0.00,255,255,1.00,0.00,0.00,0.00,0.00,0.00,0.00,0.00,normal,0,normal,21
12703,0,tcp,telnet,REJ,0,0,0,0,0,0,0,0,0,0,0,0,0,0,0,0,0,0,1,6,0.00,0.17,1.00,0.50,1.00,0.00,0.67,96,89,0.33,0.05,0.01,0.02,0.00,0.11,0.89,0.58,probe,1,mscan,13
15406,0,udp,other,SF,1,1,0,0,0,0,0,0,0,0,0,0,0,0,0,0,0,0,221,1,0.00,0.00,0.00,0.00,0.00,1.00,0.00,255,1,0.00,1.00,1.00,0.00,0.00,0.00,0.00,0.00,probe,0,satan,17
20807,0,tcp,pop_3,S0,0,0,0,0,0,0,0,0,0,0,0,0,0,0,0,0,0,0,1,6,1.00,1.00,0.00,0.00,1.00,0.00,1.00,9,85,0.33,0.33,0.11,0.04,1.00,1.00,0.00,0.00,probe,1,mscan,18
7079,0,tcp,smtp,SF,2956,330,0,0,0,0,0,1,0,0,0,0,0,0,0,0,0,0,1,1,0.00,0.00,0.00,0.00,1.00,0.00,0.00,235,155,0.66,0.02,0.00,0.00,0.00,0.00,0.00,0.00,normal,0,normal,21
12224,0,tcp,http,SF,285,289,0,0,0,0,0,1,0,0,0,0,0,0,0,0,0,0,3,13,0.00,0.00,0.00,0.00,1.00,0.00,0.38,74,255,1.00,0.00,0.01,0.01,0.00,0.00,0.00,0.00,normal,0,normal,21
13367,283,tcp,ftp,SF,158,595,0,0,0,2,0,1,0,0,0,0,0,0,0,0,0,1,1,1,0.00,0.00,0.00,0.00,1.00,0.00,0.00,255,83,0.33,0.03,0.00,0.00,0.02,0.00,0.02,0.00,r2l,0,warezmaster,13
20736,0,tcp,private,S0,0,0,0,0,0,0,0,0,0,0,0,0,0,0,0,0,0,0,115,1,1.00,1.00,0.00,0.00,0.01,0.07,0.00,255,1,0.00,0.06,0.00,0.00,1.00,1.00,0.00,0.00,dos,0,neptune,21
2165,0,tcp,http,SF,241,1608,0,0,0,0,0,1,0,0,0,0,0,0,0,0,0,0,6,6,0.00,0.00,0.00,0.00,1.00,0.00,0.00,26,255,1.00,0.00,0.04,0.06,0.04,0.00,0.00,0.00,normal,0,normal,21
9997,0,tcp,http,SF,272,5259,0,0,0,0,0,1,0,0,0,0,0,0,0,0,0,0,10,10,0.00,0.00,0.00,0.00,1.00,0.00,0.00,255,255,1.00,0.00,0.00,0.00,0.00,0.00,0.00,0.00,normal,0,normal,21
4546,0,tcp,http,SF,293,3410,0,0,0,0,0,1,0,0,0,0,0,0,0,0,0,0,21,22,0.00,0.00,0.00,0.00,1.00,0.00,0.09,255,255,1.00,0.00,0.00,0.00,0.00,0.00,0.00,0.00,normal,0,normal,21
3923,0,udp,private,SF,1,0,0,0,0,0,0,0,0,0,0,0,0,0,0,0,0,0,113,5,0.00,0.00,0.00,0.00,0.04,0.87,0.00,255,5,0.02,0.97,1.00,0.00,0.00,0.00,0.00,0.00,normal,0,normal,4
3634,0,tcp,http,SF,205,1490,0,0,0,0,0,1,0,0,0,0,0,0,0,0,0,0,7,7,0.00,0.00,0.00,0.00,1.00,0.00,0.00,31,251,1.00,0.00,0.03,0.06,0.00,0.00,0.00,0.00,normal,0,normal,21
5212,0,udp,private,SF,1,1,0,0,0,0,0,0,0,0,0,0,0,0,0,0,0,0,102,1,0.00,0.00,0.00,0.00,0.01,0.96,0.00,255,1,0.00,0.84,1.00,0.00,0.00,0.00,0.00,0.00,probe,0,satan,16
12294,0,tcp,private,REJ,0,0,0,0,0,0,0,0,0,0,0,0,0,0,0,0,0,0,107,9,0.00,0.00,1.00,1.00,0.08,0.07,0.00,255,9,0.04,0.05,0.00,0.00,0.00,0.00,1.00,1.00,dos,0,neptune,21
22541,0,tcp,http,SF,54540,8314,0,0,0,2,0,1,1,0,0,0,0,0,0,0,0,0,5,10,0.00,0.00,0.00,0.00,1.00,0.00,0.20,255,255,1.00,0.00,0.00,0.00,0.00,0.00,0.07,0.07,dos,0,back,15
15025,1,tcp,smtp,SF,1276,432,0,0,0,0,0,1,0,0,0,0,0,0,0,0,0,0,1,2,0.00,0.00,0.00,0.00,1.00,0.00,1.00,90,35,0.39,0.06,0.01,0.00,0.00,0.00,0.00,0.00,normal,0,normal,21
4605,0,tcp,http,SF,297,5929,0,0,0,0,0,1,0,0,0,0,0,0,0,0,0,0,5,5,0.00,0.00,0.00,0.00,1.00,0.00,0.00,95,255,1.00,0.00,0.01,0.01,0.00,0.01,0.00,0.00,normal,0,normal,21
21289,0,tcp,private,S0,0,0,0,0,0,0,0,0,0,0,0,0,0,0,0,0,0,0,146,17,1.00,1.00,0.00,0.00,0.12,0.09,0.00,255,17,0.07,0.13,0.00,0.00,1.00,1.00,0.00,0.00,dos,0,neptune,21
11513,4,tcp,pop_3,SF,31,93,0,0,0,0,0,1,0,0,0,0,0,0,0,0,0,0,1,1,0.00,0.00,0.00,0.00,1.00,0.00,0.00,188,169,0.90,0.02,0.01,0.00,0.00,0.00,0.05,0.00,r2l,0,guess_passwd,11
21276,0,tcp,http,SF,321,11832,0,0,0,0,0,1,0,0,0,0,0,0,0,0,0,0,26,32,0.00,0.00,0.00,0.00,1.00,0.00,0.09,255,255,1.00,0.00,0.00,0.00,0.00,0.00,0.00,0.00,normal,0,normal,21
12135,0,tcp,ftp_data,SF,12,0,0,0,0,0,0,0,0,0,0,0,0,0,0,0,0,0,2,4,0.00,0.00,0.00,0.00,1.00,0.00,0.50,2,18,1.00,0.00,1.00,0.22,0.00,0.00,0.00,0.00,r2l,0,warezmaster,13
1402,0,udp,domain_u,SF,43,133,0,0,0,0,0,0,0,0,0,0,0,0,0,0,0,0,113,193,0.00,0.00,0.00,0.00,1.00,0.00,0.01,255,255,1.00,0.00,0.00,0.00,0.00,0.00,0.00,0.00,normal,0,normal,18
21599,0,tcp,http,SF,238,7986,0,0,0,0,0,1,0,0,0,0,0,0,0,0,0,0,6,30,0.00,0.00,0.00,0.00,1.00,0.00,0.10,15,255,1.00,0.00,0.07,0.01,0.00,0.00,0.00,0.00,normal,0,normal,21
19775,0,tcp,http,SF,298,8661,0,0,0,0,0,1,0,0,0,0,0,0,0,0,0,0,15,16,0.00,0.00,0.00,0.00,1.00,0.00,0.12,255,255,1.00,0.00,0.00,0.00,0.00,0.00,0.00,0.00,normal,0,normal,21
14655,0,tcp,private,S0,0,0,0,0,0,0,0,0,0,0,0,0,0,0,0,0,0,0,203,3,1.00,1.00,0.00,0.00,0.01,0.07,0.00,255,3,0.01,0.07,0.00,0.00,1.00,1.00,0.00,0.00,dos,0,neptune,21
13976,0,tcp,exec,RSTO,0,0,0,0,0,0,0,0,0,0,0,0,0,0,0,0,0,0,150,10,0.00,0.00,1.00,1.00,0.07,0.05,0.00,255,10,0.04,0.06,0.00,0.00,0.00,0.00,1.00,1.00,dos,0,neptune,18
10745,657,tcp,telnet,SF,648,21257,0,0,0,0,0,1,5,0,0,0,0,0,0,0,0,0,1,1,0.00,0.00,0.00,0.00,1.00,0.00,0.00,255,60,0.24,0.02,0.00,0.00,0.79,0.85,0.01,0.03,normal,0,normal,11
4617,0,tcp,private,S0,0,0,0,0,0,0,0,0,0,0,0,0,0,0,0,0,0,0,148,5,1.00,1.00,0.00,0.00,0.03,0.11,0.00,255,5,0.02,0.10,0.00,0.00,1.00,1.00,0.00,0.00,dos,0,neptune,21
10527,4,tcp,pop_3,SF,26,93,0,0,0,0,0,1,0,0,0,0,0,0,0,0,0,0,1,1,0.00,0.00,0.00,0.00,1.00,0.00,0.00,114,99,0.86,0.03,0.01,0.02,0.00,0.00,0.09,0.00,r2l,0,guess_passwd,7
1997,0,udp,private,SF,1,1,0,0,0,0,0,0,0,0,0,0,0,0,0,0,0,0,103,1,0.00,0.00,0.00,0.00,0.01,0.57,0.00,255,1,0.00,0.86,1.00,0.00,0.00,0.00,0.00,0.00,probe,0,satan,16
10238,0,tcp,telnet,SF,15,87,0,0,0,0,0,0,0,0,0,0,0,0,0,0,0,0,4,12,0.00,0.17,0.75,0.75,0.50,0.75,0.92,128,127,0.50,0.02,0.01,0.02,0.00,0.00,0.84,0.49,probe,1,mscan,9
3318,0,tcp,telnet,SF,126,174,0,0,0,0,1,0,0,0,0,0,0,0,0,0,0,0,1,1,0.00,0.00,0.00,0.00,1.00,0.00,0.00,255,161,0.63,0.02,0.00,0.00,0.00,0.00,0.02,0.02,r2l,0,guess_passwd,15
7530,8233,tcp,telnet,SF,0,15,0,0,0,0,0,0,0,0,0,0,0,0,0,0,0,0,1,1,0.00,0.00,0.00,0.00,1.00,0.00,0.00,255,3,0.01,0.87,0.00,0.00,0.00,0.00,0.85,0.00,dos,1,processtable,12
1971,0,tcp,http,SF,233,931,0,0,0,0,0,1,0,0,0,0,0,0,0,0,0,0,1,13,0.00,0.00,0.00,0.00,1.00,0.00,0.31,1,255,1.00,0.00,1.00,0.01,0.00,0.00,0.00,0.00,normal,0,normal,21
4375,0,tcp,other,REJ,0,0,0,0,0,0,0,0,0,0,0,0,0,0,0,0,0,0,511,1,0.15,0.00,0.84,1.00,0.00,1.00,0.00,255,1,0.00,0.91,0.00,0.00,0.13,0.00,0.87,1.00,probe,0,satan,20
17462,0,tcp,vmnet,REJ,0,0,0,0,0,0,0,0,0,0,0,0,0,0,0,0,0,0,249,18,0.00,0.00,1.00,1.00,0.07,0.06,0.00,255,18,0.07,0.06,0.00,0.00,0.00,0.00,1.00,1.00,dos,0,neptune,20
22514,0,udp,other,SF,115,0,0,0,0,0,0,0,0,0,0,0,0,0,0,0,0,0,22,22,0.00,0.00,0.00,0.00,1.00,0.00,0.00,253,22,0.09,0.04,0.14,0.00,0.00,0.00,0.07,0.00,normal,0,normal,16
18955,0,tcp,private,S0,0,0,0,0,0,0,0,0,0,0,0,0,0,0,0,0,0,0,194,6,1.00,1.00,0.00,0.00,0.03,0.08,0.00,255,6,0.02,0.08,0.00,0.00,1.00,1.00,0.00,0.00,dos,0,neptune,21
21280,0,udp,private,SF,45,0,0,0,0,0,0,0,0,0,0,0,0,0,0,0,0,0,3,3,0.00,0.00,0.00,0.00,1.00,0.00,0.00,255,254,1.00,0.01,0.01,0.00,0.00,0.00,0.00,0.00,r2l,1,snmpguess,16
22177,0,tcp,http,SF,247,3331,0,0,0,0,0,1,0,0,0,0,0,0,0,0,0,0,26,26,0.00,0.00,0.00,0.00,1.00,0.00,0.00,93,255,1.00,0.00,0.01,0.02,0.01,0.00,0.00,0.00,normal,0,normal,21
15483,0,tcp,private,S0,0,0,0,0,0,0,0,0,0,0,0,0,0,0,0,0,0,0,135,7,1.00,1.00,0.00,0.00,0.05,0.09,0.00,255,7,0.03,0.09,0.00,0.00,1.00,1.00,0.00,0.00,dos,0,neptune,21
13887,803,tcp,http,RSTR,57964,0,0,0,0,0,0,1,0,0,0,0,0,0,0,0,0,0,63,63,0.03,0.03,0.97,0.97,1.00,0.00,0.00,255,253,0.99,0.01,0.00,0.00,0.01,0.01,0.51,0.51,dos,1,apache2,14
11685,0,tcp,ftp_data,SF,0,7,0,0,0,0,0,0,0,0,0,0,0,0,0,0,0,0,1,1,0.00,0.00,0.00,0.00,1.00,0.00,0.00,100,5,0.05,0.05,0.05,0.00,0.00,0.00,0.00,0.00,r2l,0,ftp_write,1
14223,0,tcp,http,SF,207,1543,0,0,0,0,0,1,0,0,0,0,0,0,0,0,0,0,12,12,0.00,0.00,0.00,0.00,1.00,0.00,0.00,12,255,1.00,0.00,0.08,0.01,0.00,0.00,0.00,0.00,normal,0,normal,21
14973,0,tcp,http,SF,326,4615,0,0,0,0,0,1,0,0,0,0,0,0,0,0,0,0,8,8,0.00,0.00,0.00,0.00,1.00,0.00,0.00,216,242,1.00,0.00,0.00,0.01,0.00,0.00,0.00,0.00,normal,0,normal,21
10587,1,tcp,smtp,SF,2599,293,0,0,0,0,0,1,0,0,0,0,0,0,0,0,0,0,2,2,0.00,0.00,0.00,0.00,1.00,0.00,0.00,255,160,0.63,0.13,0.00,0.00,0.00,0.00,0.36,0.00,dos,1,mailbomb,11
3235,0,tcp,http,SF,339,454,0,0,0,0,0,1,0,0,0,0,0,0,0,0,0,0,10,10,0.00,0.00,0.00,0.00,1.00,0.00,0.00,255,255,1.00,0.00,0.00,0.00,0.00,0.00,0.00,0.00,normal,0,normal,21
13542,0,tcp,http,SF,211,769,0,0,0,0,0,1,0,0,0,0,0,0,0,0,0,0,16,16,0.00,0.00,0.00,0.00,1.00,0.00,0.00,136,255,1.00,0.00,0.01,0.05,0.00,0.00,0.00,0.00,normal,0,normal,21
15,0,tcp,http,SF,350,3610,0,0,0,0,0,1,0,0,0,0,0,0,0,0,0,0,8,8,0.00,0.00,0.00,0.00,1.00,0.00,0.00,71,255,1.00,0.00,0.01,0.04,0.00,0.00,0.00,0.00,normal,0,normal,21
885,0,tcp,http,SF,285,280,0,0,0,0,0,1,0,0,0,0,0,0,0,0,0,0,3,3,0.00,0.00,0.00,0.00,1.00,0.00,0.00,255,255,1.00,0.00,0.00,0.00,0.00,0.00,0.00,0.00,normal,0,normal,21
4983,0,tcp,http,SF,304,2698,0,0,0,0,0,1,0,0,0,0,0,0,1,0,0,0,4,4,0.00,0.00,0.00,0.00,1.00,0.00,0.00,255,174,0.68,0.03,0.00,0.00,0.00,0.00,0.00,0.00,normal,0,normal,21
5747,0,tcp,http,SF,231,1262,0,0,0,0,0,1,0,0,0,0,0,0,0,0,0,0,5,5,0.00,0.00,0.00,0.00,1.00,0.00,0.00,255,255,1.00,0.00,0.00,0.00,0.00,0.00,0.00,0.00,normal,0,normal,21
18615,0,tcp,http,SF,229,3028,0,0,0,0,0,1,0,0,0,0,0,0,0,0,0,0,9,27,0.00,0.00,0.00,0.00,1.00,0.00,0.11,166,255,1.00,0.00,0.01,0.01,0.00,0.00,0.00,0.00,normal,0,normal,21
18830,0,tcp,http,SF,308,3313,0,0,0,0,0,1,0,0,0,0,0,0,0,0,0,0,6,6,0.00,0.00,0.00,0.00,1.00,0.00,0.00,72,255,1.00,0.00,0.01,0.02,0.00,0.00,0.00,0.00,normal,0,normal,21
22098,0,udp,private,SF,105,105,0,0,0,0,0,0,0,0,0,0,0,0,0,0,0,0,1,1,0.00,0.00,0.00,0.00,1.00,0.00,0.00,255,252,0.99,0.01,0.00,0.00,0.00,0.00,0.00,0.00,normal,0,normal,19
11973,0,tcp,private,S0,0,0,0,0,0,0,0,0,0,0,0,0,0,0,0,0,0,0,202,3,0.17,1.00,0.83,0.00,0.01,0.08,0.00,255,3,0.01,0.08,0.00,0.00,0.14,1.00,0.86,0.00,dos,0,neptune,21
13568,0,tcp,private,REJ,0,0,0,0,0,0,0,0,0,0,0,0,0,0,0,0,0,0,138,15,0.00,0.00,1.00,1.00,0.11,0.07,0.00,255,15,0.06,0.05,0.00,0.00,0.00,0.00,1.00,1.00,dos,0,neptune,21
3350,0,tcp,private,REJ,0,0,0,0,0,0,0,0,0,0,0,0,0,0,0,0,0,0,232,9,0.00,0.00,1.00,1.00,0.04,0.08,0.00,255,9,0.04,0.08,0.00,0.00,0.00,0.00,1.00,1.00,dos,0,neptune,21
10792,0,tcp,http,SF,275,1223,0,0,0,0,0,1,0,0,0,0,0,0,0,0,0,0,7,19,0.00,0.00,0.00,0.00,1.00,0.00,0.16,255,255,1.00,0.00,0.00,0.00,0.01,0.01,0.00,0.00,normal,0,normal,21
22269,0,tcp,http,SF,342,37413,0,0,0,1,0,1,0,0,0,0,0,0,0,0,0,0,1,3,0.00,0.00,0.00,0.00,1.00,0.00,0.67,230,255,1.00,0.00,0.00,0.01,0.00,0.00,0.00,0.00,normal,0,normal,21
20277,0,tcp,private,S0,0,0,0,0,0,0,0,0,0,0,0,0,0,0,0,0,0,0,270,19,1.00,1.00,0.00,0.00,0.07,0.06,0.00,255,19,0.07,0.07,0.00,0.00,1.00,1.00,0.00,0.00,dos,0,neptune,21
21759,0,tcp,private,RSTO,0,0,0,0,0,0,0,0,0,0,0,0,0,0,0,0,0,0,102,2,0.00,0.00,1.00,1.00,0.02,0.07,0.00,255,2,0.01,0.06,0.00,0.00,0.00,0.00,1.00,1.00,dos,0,neptune,21
18668,0,tcp,http,SF,231,1848,0,0,0,0,0,1,0,0,0,0,0,0,0,0,0,0,1,1,0.00,0.00,0.00,0.00,1.00,0.00,0.00,173,255,1.00,0.00,0.01,0.02,0.00,0.00,0.00,0.00,normal,0,normal,21
3551,0,udp,private,SF,1,0,0,0,0,0,0,0,0,0,0,0,0,0,0,0,0,0,62,24,0.00,0.00,0.00,0.00,0.39,0.15,0.00,255,24,0.09,0.53,0.91,0.00,0.00,0.00,0.09,0.00,normal,0,normal,5
10685,0,tcp,finger,RSTO,0,0,0,0,0,0,0,0,0,0,0,0,0,0,0,0,0,0,134,19,0.00,0.00,1.00,1.00,0.14,0.06,0.00,255,19,0.07,0.06,0.00,0.00,0.30,0.00,0.70,1.00,dos,0,neptune,19
5976,0,tcp,http,SF,227,1335,0,0,0,0,0,1,0,0,0,0,0,0,0,0,0,0,13,13,0.00,0.00,0.00,0.00,1.00,0.00,0.00,72,238,1.00,0.00,0.01,0.05,0.00,0.00,0.00,0.00,normal,0,normal,21
1032,0,tcp,http,SF,337,912,0,0,0,0,0,1,0,0,0,0,0,0,0,0,0,0,16,28,0.00,0.00,0.00,0.00,1.00,0.00,0.07,48,255,1.00,0.00,0.02,0.01,0.00,0.00,0.00,0.00,normal,0,normal,21
12436,0,tcp,http,SF,286,1001,0,0,0,0,0,1,0,0,0,0,0,0,0,0,0,0,23,27,0.00,0.00,0.00,0.00,1.00,0.00,0.11,52,243,1.00,0.00,0.02,0.03,0.00,0.00,0.00,0.00,normal,0,normal,21
21233,0,tcp,Z39_50,REJ,0,0,0,0,0,0,0,0,0,0,0,0,0,0,0,0,0,0,230,17,0.00,0.00,1.00,1.00,0.07,0.06,0.00,255,17,0.07,0.07,0.00,0.00,0.00,0.00,1.00,1.00,dos,0,neptune,19
15793,1,tcp,smtp,SF,1196,333,0,0,0,0,0,1,0,0,0,0,0,0,0,0,0,0,1,1,0.00,0.00,0.00,0.00,1.00,0.00,0.00,105,195,0.74,0.05,0.01,0.01,0.00,0.00,0.01,0.02,normal,0,normal,21
9318,0,tcp,private,S0,0,0,0,0,0,0,0,0,0,0,0,0,0,0,0,0,0,0,122,5,1.00,1.00,0.00,0.00,0.04,0.06,0.00,255,5,0.02,0.05,0.00,0.00,1.00,1.00,0.00,0.00,dos,0,neptune,21
7138,0,tcp,http,SF,351,349,0,0,0,0,0,1,0,0,0,0,0,0,0,0,0,0,4,4,0.00,0.00,0.00,0.00,1.00,0.00,0.00,255,255,1.00,0.00,0.00,0.00,0.00,0.00,0.00,0.00,normal,0,normal,21
10853,0,tcp,http,SF,232,3960,0,0,0,0,0,1,0,0,0,0,0,0,0,0,0,0,6,18,0.00,0.00,0.00,0.00,1.00,0.00,0.11,255,255,1.00,0.00,0.00,0.00,0.00,0.00,0.00,0.00,normal,0,normal,21
20934,280,tcp,ftp_data,SF,283618,0,0,0,0,0,0,0,0,0,0,0,0,0,0,0,0,0,1,1,0.00,0.00,0.00,0.00,1.00,0.00,0.00,4,1,0.25,0.50,0.25,0.00,0.00,0.00,0.00,0.00,r2l,0,warezmaster,5
750,0,tcp,courier,REJ,0,0,0,0,0,0,0,0,0,0,0,0,0,0,0,0,0,0,130,18,0.00,0.00,1.00,1.00,0.14,0.05,0.00,255,18,0.07,0.05,0.00,0.00,0.00,0.00,1.00,1.00,dos,0,neptune,18
3786,898,tcp,http,RSTR,57184,0,0,0,0,0,0,1,0,0,0,0,0,0,0,0,0,0,34,34,0.15,0.15,0.85,0.85,1.00,0.00,0.00,255,255,1.00,0.00,0.00,0.00,0.02,0.02,0.65,0.65,dos,1,apache2,18
2146,0,udp,private,SF,42,0,0,0,0,0,0,0,0,0,0,0,0,0,0,0,0,0,2,2,0.00,0.00,0.00,0.00,1.00,0.00,0.00,255,255,1.00,0.00,0.00,0.00,0.00,0.00,0.00,0.00,r2l,1,snmpguess,17
17687,2065,tcp,http,RSTR,56504,0,0,0,0,0,0,1,0,0,0,0,0,0,0,0,0,0,9,9,0.00,0.00,1.00,1.00,1.00,0.00,0.00,255,243,0.95,0.01,0.00,0.00,0.02,0.02,0.36,0.37,dos,1,apache2,14
16911,0,udp,other,SF,1,1,0,0,0,0,0,0,0,0,0,0,0,0,0,0,0,0,395,1,0.00,0.00,0.00,0.00,0.00,1.00,0.00,255,1,0.00,1.00,1.00,0.00,0.00,0.00,0.00,0.00,probe,0,satan,17
22292,1,tcp,smtp,SF,2599,293,0,0,0,0,0,1,0,0,0,0,0,0,0,0,0,0,3,3,0.00,0.00,0.00,0.00,1.00,0.00,0.00,255,143,0.56,0.13,0.00,0.00,0.00,0.00,0.42,0.00,dos,1,mailbomb,11
18045,0,tcp,telnet,SF,124,174,0,0,0,0,1,0,0,0,0,0,0,0,0,0,0,0,1,1,0.00,0.00,0.00,0.00,1.00,0.00,0.00,255,207,0.81,0.02,0.00,0.00,0.00,0.00,0.02,0.03,r2l,0,guess_passwd,15
16975,0,icmp,eco_i,SF,18,0,0,0,0,0,0,0,0,0,0,0,0,0,0,0,0,0,1,1,0.00,0.00,0.00,0.00,1.00,0.00,0.00,1,245,1.00,0.00,1.00,1.00,0.00,0.00,0.00,0.00,probe,0,ipsweep,15
6005,0,icmp,ecr_i,SF,30,0,0,0,0,0,0,0,0,0,0,0,0,0,0,0,0,0,1,1,0.00,0.00,0.00,0.00,1.00,0.00,0.00,8,11,1.00,0.00,1.00,0.18,0.00,0.00,0.00,0.00,normal,0,normal,20
19226,0,tcp,smtp,SF,1347,332,0,0,0,0,0,1,0,0,0,0,0,0,0,0,0,0,2,1,0.00,0.00,0.00,0.00,0.50,1.00,0.00,255,145,0.57,0.03,0.00,0.00,0.00,0.00,0.02,0.03,normal,0,normal,20
17640,0,tcp,other,REJ,0,0,0,0,0,0,0,0,0,0,0,0,0,0,0,0,0,0,490,1,0.08,0.00,0.92,1.00,0.00,1.00,0.00,255,1,0.00,1.00,0.00,0.00,0.07,0.00,0.93,1.00,probe,1,saint,19
22017,0,tcp,http,SF,224,12884,0,0,0,0,0,1,0,0,0,0,0,0,0,0,0,0,2,2,0.50,0.50,0.00,0.00,1.00,0.00,0.00,255,255,1.00,0.00,0.00,0.00,0.00,0.00,0.00,0.00,normal,0,normal,18
5625,0,tcp,http,SF,359,486,0,0,0,0,0,1,0,0,0,0,0,0,0,0,0,0,3,12,0.00,0.00,0.00,0.00,1.00,0.00,0.25,117,255,1.00,0.00,0.01,0.03,0.00,0.00,0.00,0.00,normal,0,normal,21
20645,0,tcp,private,REJ,0,0,0,0,0,0,0,0,0,0,0,0,0,0,0,0,0,0,115,14,0.00,0.00,1.00,1.00,0.12,0.07,0.00,255,14,0.05,0.06,0.00,0.00,0.00,0.00,1.00,1.00,dos,0,neptune,21
9677,4,tcp,pop_3,SF,28,93,0,0,0,0,0,1,0,0,0,0,0,0,0,0,0,0,1,1,0.00,0.00,0.00,0.00,1.00,0.00,0.00,255,176,0.69,0.02,0.00,0.00,0.00,0.00,0.11,0.00,r2l,0,guess_passwd,15
19509,0,icmp,ecr_i,SF,508,0,0,0,0,0,0,0,0,0,0,0,0,0,0,0,0,0,309,309,0.00,0.00,0.00,0.00,1.00,0.00,0.00,255,255,1.00,0.00,1.00,0.00,0.00,0.00,0.00,0.00,dos,0,smurf,18
8987,0,tcp,http,SF,223,11438,0,0,0,0,0,1,0,0,0,0,0,0,0,0,0,0,6,6,0.00,0.00,0.00,0.00,1.00,0.00,0.00,255,255,1.00,0.00,0.00,0.00,0.00,0.00,0.00,0.00,normal,0,normal,21
13565,0,udp,private,SF,1,0,0,0,0,0,0,0,0,0,0,0,0,0,0,0,0,0,72,1,0.00,0.00,0.00,0.00,0.01,0.76,0.00,255,1,0.00,0.51,0.98,0.00,0.00,0.00,0.02,0.00,probe,0,satan,14
8227,8093,tcp,telnet,S3,1,15,0,0,0,0,0,0,0,0,0,0,0,0,0,0,0,0,1,1,1.00,1.00,0.00,0.00,1.00,0.00,0.00,255,38,0.15,0.75,0.00,0.00,0.05,0.34,0.74,0.00,dos,1,processtable,16
2062,0,tcp,http,SF,213,362,0,0,0,0,0,1,0,0,0,0,0,0,0,0,0,0,9,9,0.00,0.00,0.00,0.00,1.00,0.00,0.00,255,255,1.00,0.00,0.00,0.00,0.00,0.00,0.00,0.00,normal,0,normal,21
10398,0,tcp,http,SF,179,4922,0,0,0,0,0,1,0,0,0,0,0,0,0,0,0,0,2,31,0.00,0.00,0.00,0.00,1.00,0.00,0.10,121,255,1.00,0.00,0.01,0.02,0.01,0.00,0.00,0.00,normal,0,normal,21
8705,0,tcp,http,SF,247,19728,0,0,0,0,0,1,0,0,0,0,0,0,0,0,0,0,13,17,0.00,0.00,0.00,0.00,1.00,0.00,0.29,111,255,1.00,0.00,0.01,0.02,0.01,0.00,0.00,0.00,normal,0,normal,21
19291,0,tcp,http,SF,54540,8314,0,0,0,2,0,1,1,0,0,0,0,0,0,0,0,0,5,5,0.00,0.00,0.00,0.00,1.00,0.00,0.00,255,253,0.99,0.01,0.00,0.00,0.00,0.00,0.05,0.06,dos,0,back,16
19093,0,tcp,http,SF,236,8117,0,0,0,0,0,1,0,0,0,0,0,0,0,0,0,0,25,30,0.00,0.00,0.00,0.00,1.00,0.00,0.07,255,255,1.00,0.00,0.00,0.00,0.00,0.00,0.00,0.00,normal,0,normal,21
186,0,tcp,private,REJ,0,0,0,0,0,0,0,0,0,0,0,0,0,0,0,0,0,0,148,1,0.00,0.00,1.00,1.00,0.01,0.06,0.00,255,1,0.00,0.06,0.00,0.00,0.00,0.00,1.00,1.00,dos,0,neptune,21
1575,0,tcp,private,REJ,0,0,0,0,0,0,0,0,0,0,0,0,0,0,0,0,0,0,228,15,0.00,0.00,1.00,1.00,0.07,0.07,0.00,255,15,0.06,0.07,0.00,0.00,0.00,0.00,1.00,1.00,dos,0,neptune,21
16154,0,tcp,http,SF,259,6559,0,0,0,0,0,1,0,0,0,0,0,0,0,0,0,0,15,15,0.00,0.00,0.00,0.00,1.00,0.00,0.00,41,255,1.00,0.00,0.02,0.03,0.00,0.00,0.00,0.00,normal,0,normal,21
11256,0,udp,private,SF,53,54,0,0,0,0,0,0,0,0,0,0,0,0,0,0,0,0,508,508,0.00,0.00,0.00,0.00,1.00,0.00,0.00,255,255,1.00,0.00,0.80,0.00,0.00,0.00,0.00,0.00,normal,0,normal,17
22,0,tcp,http,SF,196,1823,0,0,0,0,0,1,0,0,0,0,0,0,0,0,0,0,17,17,0.00,0.00,0.00,0.00,1.00,0.00,0.00,255,255,1.00,0.00,0.00,0.00,0.00,0.00,0.00,0.00,normal,0,normal,21
18013,0,tcp,http,SF,304,16414,0,0,0,0,0,1,0,0,0,0,0,0,0,0,0,0,3,3,0.00,0.00,0.00,0.00,1.00,0.00,0.00,255,255,1.00,0.00,0.00,0.00,0.00,0.00,0.00,0.00,normal,0,normal,21
3312,0,tcp,gopher,REJ,0,0,0,0,0,0,0,0,0,0,0,0,0,0,0,0,0,0,203,10,0.00,0.00,1.00,1.00,0.05,0.06,0.00,255,10,0.04,0.07,0.00,0.00,0.00,0.00,1.00,1.00,dos,0,neptune,20
19353,0,udp,other,SF,5,0,0,0,0,0,0,0,0,0,0,0,0,0,0,0,0,0,1,1,0.00,0.00,0.00,0.00,1.00,0.00,0.00,255,17,0.07,0.02,0.07,0.00,0.00,0.00,0.00,0.00,probe,1,saint,8
2553,0,tcp,http,SF,183,10332,0,0,0,0,0,1,0,0,0,0,0,0,0,0,0,0,7,7,0.00,0.00,0.00,0.00,1.00,0.00,0.00,14,255,1.00,0.00,0.07,0.05,0.00,0.00,0.00,0.00,normal,0,normal,21
8145,0,tcp,http,SF,296,3214,0,0,0,0,0,1,0,0,0,0,0,0,0,0,0,0,10,17,0.00,0.00,0.00,0.00,1.00,0.00,0.12,38,125,1.00,0.00,0.03,0.05,0.00,0.02,0.00,0.00,normal,0,normal,21
15613,0,tcp,supdup,REJ,0,0,0,0,0,0,0,0,0,0,0,0,0,0,0,0,0,0,248,3,0.00,0.00,1.00,1.00,0.01,0.06,0.00,255,3,0.01,0.07,0.00,0.00,0.00,0.00,1.00,1.00,dos,0,neptune,20
2918,0,tcp,http,SF,166,1188,0,0,0,0,0,1,0,0,0,0,0,0,0,0,0,0,2,15,0.00,0.00,0.00,0.00,1.00,0.00,0.13,50,253,1.00,0.00,0.02,0.06,0.00,0.00,0.00,0.00,normal,0,normal,21
20239,0,udp,domain_u,SF,44,44,0,0,0,0,0,0,0,0,0,0,0,0,0,0,0,0,162,162,0.00,0.00,0.00,0.00,1.00,0.00,0.00,255,255,1.00,0.00,0.00,0.00,0.00,0.00,0.00,0.00,normal,0,normal,18
9598,0,udp,private,SF,53,55,0,0,0,0,0,0,0,0,0,0,0,0,0,0,0,0,508,508,0.00,0.00,0.00,0.00,1.00,0.00,0.00,255,255,1.00,0.00,0.94,0.00,0.00,0.00,0.00,0.00,normal,0,normal,17
14486,0,tcp,telnet,S3,0,44,0,0,0,0,0,0,0,0,0,0,0,0,0,0,0,0,1,1,1.00,1.00,0.00,0.00,1.00,0.00,0.00,255,96,0.38,0.03,0.00,0.00,0.07,0.18,0.11,0.14,dos,1,processtable,17
10013,0,tcp,private,S0,0,0,0,0,0,0,0,0,0,0,0,0,0,0,0,0,0,0,282,12,1.00,1.00,0.00,0.00,0.04,0.06,0.00,255,12,0.05,0.07,0.00,0.00,1.00,1.00,0.00,0.00,dos,0,neptune,21
16539,0,tcp,http,SF,242,872,0,0,0,0,0,1,0,0,0,0,0,0,0,0,0,0,19,20,0.00,0.00,0.00,0.00,1.00,0.00,0.10,19,255,1.00,0.00,0.05,0.08,0.00,0.00,0.00,0.00,normal,0,normal,21
14528,0,tcp,http,SF,153,14086,0,0,0,0,0,1,0,0,0,0,0,0,0,0,0,0,1,1,0.00,0.00,0.00,0.00,1.00,0.00,0.00,73,73,1.00,0.00,0.01,0.00,0.00,0.00,0.00,0.00,normal,0,normal,21
925,58,tcp,telnet,SF,2615,4233,0,0,0,5,0,1,2,1,0,0,0,0,0,0,0,0,1,1,0.00,0.00,0.00,0.00,1.00,0.00,0.00,10,2,0.20,0.20,0.10,0.00,0.00,0.00,0.00,0.00,u2r,0,buffer_overflow,1
1379,0,icmp,ecr_i,SF,1008,0,0,0,0,0,0,0,0,0,0,0,0,0,0,0,0,0,80,80,0.00,0.00,0.00,0.00,1.00,0.00,0.00,255,255,1.00,0.00,1.00,0.00,0.00,0.00,0.00,0.00,dos,0,smurf,18
4798,0,tcp,http,SF,344,420,0,0,0,0,0,1,0,0,0,0,0,0,0,0,0,0,5,5,0.00,0.00,0.00,0.00,1.00,0.00,0.00,19,125,1.00,0.00,0.05,0.06,0.00,0.00,0.00,0.00,normal,0,normal,21
1074,0,udp,private,SF,1,1,0,0,0,0,0,0,0,0,0,0,0,0,0,0,0,0,145,1,0.00,0.00,0.00,0.00,0.01,1.00,0.00,255,1,0.00,0.88,1.00,0.00,0.00,0.00,0.00,0.00,probe,0,satan,18
8104,281,tcp,ftp,SF,160,595,0,0,0,2,0,1,0,0,0,0,0,0,0,0,0,1,1,1,0.00,0.00,0.00,0.00,1.00,0.00,0.00,172,57,0.33,0.04,0.01,0.00,0.00,0.00,0.00,0.00,r2l,0,warezmaster,12
13340,0,tcp,other,REJ,0,0,0,0,0,0,0,0,0,0,0,0,0,0,0,0,0,0,511,1,0.16,0.00,0.83,1.00,0.00,1.00,0.00,255,1,0.00,0.94,0.00,0.00,0.16,0.00,0.84,1.00,probe,0,satan,20
9369,0,tcp,http,REJ,0,0,0,0,0,0,0,0,0,0,0,0,0,0,0,0,0,0,1,1,0.00,0.00,1.00,1.00,1.00,0.00,0.00,255,19,0.07,0.92,0.00,0.00,0.13,0.00,0.87,1.00,normal,0,normal,12
11388,20,tcp,ftp,SF,223,766,0,0,0,4,0,1,0,0,0,0,0,0,0,0,0,1,1,1,0.00,0.00,0.00,0.00,1.00,0.00,0.00,15,4,0.27,0.20,0.07,0.00,0.00,0.00,0.00,0.00,normal,0,normal,21
15003,0,udp,private,SF,1,1,0,0,0,0,0,0,0,0,0,0,0,0,0,0,0,0,114,1,0.00,0.00,0.00,0.00,0.01,0.97,0.00,255,1,0.00,0.99,1.00,0.00,0.00,0.00,0.00,0.00,probe,0,satan,16
16142,0,tcp,http,SF,306,483,0,0,0,0,0,1,0,0,0,0,0,0,0,0,0,0,5,6,0.00,0.00,0.00,0.00,1.00,0.00,0.33,97,253,1.00,0.00,0.01,0.02,0.02,0.01,0.00,0.00,normal,0,normal,21
10457,0,tcp,http,SF,326,354,0,0,0,0,0,1,0,0,0,0,0,0,0,0,0,0,12,14,0.00,0.00,0.00,0.00,1.00,0.00,0.21,255,255,1.00,0.00,0.00,0.00,0.00,0.00,0.00,0.00,normal,0,normal,21
5715,0,tcp,private,S0,0,0,0,0,0,0,0,0,0,0,0,0,0,0,0,0,0,0,226,2,1.00,1.00,0.00,0.00,0.01,0.07,0.00,255,2,0.01,0.07,0.00,0.00,1.00,1.00,0.00,0.00,dos,0,neptune,21
18160,0,tcp,private,REJ,0,0,0,0,0,0,0,0,0,0,0,0,0,0,0,0,0,0,256,13,0.00,0.00,1.00,1.00,0.05,0.06,0.00,255,13,0.05,0.07,0.00,0.00,0.00,0.00,1.00,1.00,dos,0,neptune,21
18601,0,tcp,http,SF,195,841,0,0,0,0,0,1,0,0,0,0,0,0,0,0,0,0,10,10,0.00,0.00,0.00,0.00,1.00,0.00,0.00,77,255,1.00,0.00,0.01,0.02,0.00,0.00,0.00,0.00,normal,0,normal,21
4318,0,tcp,private,REJ,0,0,0,0,0,0,0,0,0,0,0,0,0,0,0,0,0,0,133,9,0.00,0.00,1.00,1.00,0.07,0.06,0.00,255,9,0.04,0.05,0.00,0.00,0.00,0.00,1.00,1.00,dos,0,neptune,21
19647,0,udp,private,SF,105,105,0,0,0,0,0,0,0,0,0,0,0,0,0,0,0,0,3,3,0.00,0.00,0.00,0.00,1.00,0.00,0.00,255,253,0.99,0.01,0.00,0.00,0.00,0.00,0.00,0.00,r2l,1,snmpgetattack,6
18820,0,tcp,sunrpc,REJ,0,0,0,0,0,0,0,0,0,0,0,0,0,0,0,0,0,0,1,4,0.00,0.00,1.00,1.00,1.00,0.00,1.00,35,52,0.17,0.14,0.03,0.04,0.00,0.00,0.86,1.00,probe,1,mscan,12
20968,0,udp,domain_u,SF,32,0,0,0,0,0,0,0,0,0,0,0,0,0,0,0,0,0,1,1,0.00,0.00,0.00,0.00,1.00,0.00,0.00,255,246,0.96,0.01,0.00,0.00,0.00,0.00,0.00,0.00,normal,0,normal,21
16000,0,tcp,http,SF,298,308,0,0,0,0,0,1,0,0,0,0,0,0,0,0,0,0,5,6,0.00,0.00,0.00,0.00,1.00,0.00,0.33,255,255,1.00,0.00,0.00,0.00,0.00,0.00,0.00,0.00,normal,0,normal,21
22107,0,tcp,http,SF,356,1402,0,0,0,0,0,1,0,0,0,0,0,0,0,0,0,0,7,40,0.00,0.00,0.00,0.00,1.00,0.00,0.10,189,255,1.00,0.00,0.01,0.02,0.00,0.00,0.00,0.00,normal,0,normal,21
20196,0,tcp,http,REJ,0,0,0,0,0,0,0,0,0,0,0,0,0,0,0,0,0,0,220,4,0.00,0.00,1.00,1.00,0.02,0.06,0.00,255,4,0.02,0.06,0.00,0.00,0.00,0.00,1.00,1.00,dos,0,neptune,20
711,0,tcp,http,SF,273,18347,0,0,0,0,0,1,0,0,0,0,0,0,0,0,0,0,6,9,0.00,0.00,0.00,0.00,1.00,0.00,0.22,42,255,1.00,0.00,0.02,0.04,0.00,0.00,0.00,0.00,normal,0,normal,21
3432,0,udp,ntp_u,SF,48,48,0,0,0,0,0,0,0,0,0,0,0,0,0,0,0,0,1,1,0.00,0.00,0.00,0.00,1.00,0.00,0.00,142,19,0.13,0.01,0.13,0.00,0.00,0.00,0.00,0.00,normal,0,normal,21
9109,0,tcp,http,SF,283,294,0,0,0,0,0,1,0,0,0,0,0,0,0,0,0,0,21,22,0.00,0.00,0.00,0.00,1.00,0.00,0.09,213,255,1.00,0.00,0.00,0.01,0.00,0.00,0.00,0.00,normal,0,normal,21
127,0,tcp,private,REJ,0,0,0,0,0,0,0,0,0,0,0,0,0,0,0,0,0,0,226,2,0.03,0.00,0.97,1.00,0.01,0.07,0.00,255,2,0.01,0.08,0.00,0.00,0.02,0.00,0.98,1.00,dos,0,neptune,21
17574,0,tcp,private,SH,0,0,0,0,0,0,0,0,0,0,0,0,0,0,0,0,0,0,1,1,1.00,1.00,0.00,0.00,1.00,0.00,0.00,185,1,0.01,1.00,1.00,0.00,1.00,1.00,0.00,0.00,probe,0,nmap,18
12982,0,tcp,ftp_data,REJ,0,0,0,0,0,0,0,0,0,0,0,0,0,0,0,0,0,0,215,8,0.00,0.00,1.00,1.00,0.04,0.07,0.00,255,8,0.03,0.07,0.00,0.00,0.00,0.00,1.00,1.00,dos,0,neptune,21
16541,0,tcp,http,SF,54540,8314,0,0,0,2,0,1,1,0,0,0,0,0,0,0,0,0,3,12,0.00,0.00,0.00,0.00,1.00,0.00,0.17,255,255,1.00,0.00,0.00,0.00,0.00,0.00,0.03,0.03,dos,0,back,16
21346,0,tcp,private,S0,0,0,0,0,0,0,0,0,0,0,0,0,0,0,0,0,0,0,138,3,1.00,1.00,0.00,0.00,0.02,0.10,0.00,255,3,0.01,0.09,0.00,0.00,1.00,1.00,0.00,0.00,dos,0,neptune,21
15706,0,tcp,private,S0,0,0,0,0,0,0,0,0,0,0,0,0,0,0,0,0,0,0,221,16,1.00,1.00,0.00,0.00,0.07,0.07,0.00,255,16,0.06,0.08,0.00,0.00,1.00,1.00,0.00,0.00,dos,0,neptune,21
14801,7438,tcp,telnet,SF,0,44,0,0,0,0,0,0,0,0,0,0,0,0,0,0,0,0,1,1,0.00,0.00,0.00,0.00,1.00,0.00,0.00,255,198,0.78,0.21,0.00,0.00,0.50,0.64,0.21,0.01,dos,1,processtable,18
9212,1,tcp,smtp,SF,2599,293,0,0,0,0,0,1,0,0,0,0,0,0,0,0,0,0,3,3,0.00,0.00,0.00,0.00,1.00,0.00,0.00,255,83,0.33,0.14,0.00,0.00,0.00,0.00,0.66,0.00,dos,1,mailbomb,11
18481,3,tcp,pop_3,SF,32,93,0,0,0,0,0,1,0,0,0,0,0,0,0,0,0,0,1,1,0.00,0.00,0.00,0.00,1.00,0.00,0.00,7,10,1.00,0.00,0.14,0.30,0.00,0.00,0.00,0.00,r2l,0,guess_passwd,5
5371,0,tcp,ftp_data,SF,12,0,0,0,0,0,0,0,0,0,0,0,0,0,0,0,0,0,1,1,0.00,0.00,0.00,0.00,1.00,0.00,0.00,5,19,1.00,0.00,1.00,0.16,0.00,0.05,0.00,0.00,r2l,0,warezmaster,13
2309,0,tcp,telnet,SF,123,174,0,0,0,0,1,0,0,0,0,0,0,0,0,0,0,0,1,1,0.00,0.00,0.00,0.00,1.00,0.00,0.00,255,211,0.83,0.02,0.00,0.00,0.00,0.00,0.02,0.03,r2l,0,guess_passwd,15
19023,0,tcp,private,REJ,0,0,0,0,0,0,0,0,0,0,0,0,0,0,0,0,0,0,132,19,0.00,0.00,1.00,1.00,0.14,0.06,0.00,255,19,0.07,0.07,0.00,0.00,0.00,0.00,1.00,1.00,dos,0,neptune,21
13702,0,tcp,http,SF,191,12783,0,0,0,0,0,1,0,0,0,0,0,0,0,0,0,0,2,20,0.00,0.00,0.00,0.00,1.00,0.00,0.15,2,255,1.00,0.00,0.50,0.05,0.00,0.00,0.00,0.00,normal,0,normal,21
722,0,udp,private,SF,53,50,0,0,0,0,0,0,0,0,0,0,0,0,0,0,0,0,511,511,0.00,0.00,0.00,0.00,1.00,0.00,0.00,255,255,1.00,0.00,0.91,0.00,0.00,0.00,0.00,0.00,normal,0,normal,17
14313,0,tcp,http,SF,198,917,0,0,0,0,0,1,0,0,0,0,0,0,0,0,0,0,1,1,0.00,0.00,0.00,0.00,1.00,0.00,0.00,60,255,1.00,0.00,0.02,0.04,0.00,0.00,0.00,0.00,normal,0,normal,21
10508,0,tcp,http,SF,309,950,0,0,0,0,0,1,0,0,0,0,0,0,0,0,0,0,1,1,0.00,0.00,0.00,0.00,1.00,0.00,0.00,40,255,1.00,0.00,0.03,0.02,0.00,0.00,0.00,0.00,normal,0,normal,21
18437,0,tcp,private,REJ,0,0,0,0,0,0,0,0,0,0,0,0,0,0,0,0,0,0,221,1,0.00,0.00,1.00,1.00,0.00,0.07,0.00,255,1,0.00,0.08,0.00,0.00,0.00,0.00,1.00,1.00,dos,0,neptune,21
4873,4,tcp,pop_3,SF,32,93,0,0,0,0,0,1,0,0,0,0,0,0,0,0,0,0,1,1,0.00,0.00,0.00,0.00,1.00,0.00,0.00,255,242,0.95,0.01,0.00,0.00,0.00,0.00,0.03,0.00,r2l,0,guess_passwd,17
11894,0,udp,domain_u,SF,44,135,0,0,0,0,0,0,0,0,0,0,0,0,0,0,0,0,133,213,0.00,0.00,0.00,0.00,1.00,0.00,0.01,255,254,1.00,0.01,0.00,0.00,0.00,0.00,0.00,0.00,normal,0,normal,18
10160,0,tcp,telnet,RSTO,0,15,0,0,0,0,0,0,0,0,0,0,0,0,0,0,0,0,1,3,0.00,0.00,1.00,0.67,1.00,0.00,0.67,255,130,0.51,0.02,0.00,0.00,0.00,0.00,0.50,0.40,probe,1,mscan,10
8234,0,tcp,private,REJ,0,0,0,0,0,0,0,0,0,0,0,0,0,0,0,0,0,0,99,9,0.00,0.00,1.00,1.00,0.09,0.06,0.00,255,9,0.04,0.06,0.00,0.00,0.00,0.00,1.00,1.00,dos,0,neptune,21
226,0,tcp,http,SF,276,1973,0,0,0,0,0,1,0,0,0,0,0,0,0,0,0,0,34,34,0.00,0.00,0.00,0.00,1.00,0.00,0.00,255,255,1.00,0.00,0.00,0.00,0.01,0.01,0.00,0.00,normal,0,normal,21
20434,280,tcp,ftp_data,SF,283618,0,0,0,0,0,0,0,0,0,0,0,0,0,0,0,0,0,2,2,0.00,0.00,0.00,0.00,1.00,0.00,0.00,10,26,1.00,0.00,1.00,0.08,0.00,0.00,0.00,0.00,r2l,0,warezmaster,14
15194,0,udp,private,SF,105,0,0,0,0,0,0,0,0,0,0,0,0,0,0,0,0,0,2,2,0.00,0.00,0.00,0.00,1.00,0.00,0.00,255,255,1.00,0.00,0.01,0.00,0.00,0.00,0.00,0.00,normal,0,normal,19
14572,0,udp,domain_u,SF,45,110,0,0,0,0,0,0,0,0,0,0,0,0,0,0,0,0,3,5,0.00,0.00,0.00,0.00,1.00,0.00,0.40,255,249,0.98,0.01,0.01,0.00,0.00,0.00,0.00,0.00,normal,0,normal,21
17449,0,tcp,http,SF,218,4079,0,0,0,0,0,1,0,0,0,0,0,0,0,0,0,0,3,8,0.00,0.00,0.00,0.00,1.00,0.00,0.25,39,247,1.00,0.00,0.03,0.03,0.00,0.00,0.00,0.00,normal,0,normal,21
10349,0,tcp,http,SF,206,1086,0,0,0,0,0,1,0,0,0,0,0,0,0,0,0,0,1,1,0.00,0.00,0.00,0.00,1.00,0.00,0.00,15,255,1.00,0.00,0.07,0.05,0.00,0.00,0.00,0.00,normal,0,normal,21
18036,0,tcp,other,S0,0,0,0,0,0,0,0,0,0,0,0,0,0,0,0,0,0,0,472,1,0.05,1.00,0.95,0.00,0.00,1.00,0.00,255,1,0.00,1.00,0.00,0.00,0.09,1.00,0.91,0.00,probe,0,satan,18
13055,1,tcp,smtp,SF,1965,332,0,0,0,0,0,1,0,0,0,0,0,0,0,0,0,0,1,3,0.00,0.00,0.00,0.00,1.00,0.00,1.00,109,194,0.81,0.04,0.01,0.01,0.00,0.00,0.02,0.02,normal,0,normal,21
10234,0,tcp,http,SF,290,889,0,0,0,0,0,1,0,0,0,0,0,0,0,0,0,0,21,34,0.00,0.00,0.00,0.00,1.00,0.00,0.21,255,255,1.00,0.00,0.00,0.00,0.00,0.00,0.00,0.00,normal,0,normal,21
18028,0,tcp,ftp_data,SF,12,0,0,0,0,0,0,0,0,0,0,0,0,0,0,0,0,0,1,1,0.00,0.00,0.00,0.00,1.00,0.00,0.00,5,15,1.00,0.00,1.00,0.20,0.00,0.00,0.00,0.00,r2l,0,warezmaster,15
471,0,tcp,other,REJ,0,0,0,0,0,0,0,0,0,0,0,0,0,0,0,0,0,0,2,1,0.00,0.00,0.50,1.00,0.50,1.00,0.00,255,32,0.13,0.02,0.00,0.00,0.00,0.00,0.11,0.75,u2r,1,httptunnel,17
20639,0,tcp,http,SF,198,440,0,0,0,0,0,1,0,0,0,0,0,0,0,0,0,0,14,21,0.07,0.05,0.00,0.00,1.00,0.00,0.24,255,255,1.00,0.00,0.00,0.00,0.00,0.00,0.00,0.00,normal,0,normal,21
14089,0,tcp,private,REJ,0,0,0,0,0,0,0,0,0,0,0,0,0,0,0,0,0,0,138,15,0.00,0.00,1.00,1.00,0.11,0.06,0.00,255,15,0.06,0.05,0.00,0.00,0.00,0.00,1.00,1.00,dos,0,neptune,21
9419,282,tcp,ftp,SF,153,593,0,0,0,2,0,1,0,0,0,0,0,0,0,0,0,1,1,1,0.00,0.00,0.00,0.00,1.00,0.00,0.00,255,14,0.05,0.72,0.00,0.00,0.00,0.00,0.73,0.07,r2l,0,warezmaster,9
21695,0,tcp,http,SF,204,2461,0,0,0,0,0,1,0,0,0,0,0,0,0,0,0,0,3,8,0.00,0.00,0.00,0.00,1.00,0.00,0.25,3,255,1.00,0.00,0.33,0.03,0.00,0.00,0.00,0.00,normal,0,normal,21
18783,0,tcp,http,SF,305,666,0,0,0,0,0,1,0,0,0,0,0,0,0,0,0,0,36,57,0.00,0.00,0.00,0.00,1.00,0.00,0.07,36,247,1.00,0.00,0.03,0.04,0.00,0.00,0.00,0.00,normal,0,normal,21
2575,0,udp,domain_u,SF,44,133,0,0,0,0,0,0,0,0,0,0,0,0,0,0,0,0,93,173,0.00,0.00,0.00,0.00,1.00,0.00,0.01,255,254,1.00,0.01,0.00,0.00,0.00,0.00,0.00,0.00,normal,0,normal,18
10601,7261,tcp,telnet,SF,0,44,0,0,0,0,0,0,0,0,0,0,0,0,0,0,0,0,1,1,0.00,0.00,0.00,0.00,1.00,0.00,0.00,255,244,0.96,0.02,0.00,0.00,0.27,0.28,0.01,0.00,dos,1,processtable,14
12397,0,tcp,http,REJ,0,0,0,0,0,0,0,0,0,0,0,0,0,0,0,0,0,0,3,2,0.00,0.00,1.00,1.00,0.67,0.67,0.00,255,56,0.22,0.11,0.00,0.00,0.00,0.00,1.00,1.00,dos,0,neptune,10
6057,0,udp,domain_u,SF,44,44,0,0,0,0,0,0,0,0,0,0,0,0,0,0,0,0,139,139,0.00,0.00,0.00,0.00,1.00,0.00,0.00,255,255,1.00,0.00,0.00,0.00,0.00,0.00,0.00,0.00,normal,0,normal,18
13653,0,tcp,http,SF,218,943,0,0,0,0,0,1,0,0,0,0,0,0,0,0,0,0,15,15,0.00,0.00,0.00,0.00,1.00,0.00,0.00,16,226,1.00,0.00,0.06,0.04,0.00,0.00,0.00,0.00,normal,0,normal,21
4559,0,tcp,http,SF,335,12051,0,0,0,0,0,1,0,0,0,0,0,0,0,0,0,0,25,25,0.00,0.00,0.00,0.00,1.00,0.00,0.00,255,255,1.00,0.00,0.00,0.00,0.00,0.00,0.00,0.00,normal,0,normal,21
2414,4,tcp,pop_3,SF,26,93,0,0,0,0,0,1,0,0,0,0,0,0,0,0,0,0,1,1,0.00,0.00,0.00,0.00,1.00,0.00,0.00,161,143,0.88,0.02,0.01,0.01,0.00,0.00,0.06,0.00,r2l,0,guess_passwd,10
20576,0,tcp,telnet,REJ,0,0,0,0,0,0,0,0,0,0,0,0,0,0,0,0,0,0,1,9,0.00,0.33,1.00,0.33,1.00,0.00,0.78,118,79,0.33,0.04,0.01,0.03,0.00,0.00,0.89,0.66,probe,1,mscan,13
14902,0,udp,domain_u,SF,45,45,0,0,0,0,0,0,0,0,0,0,0,0,0,0,0,0,203,203,0.00,0.00,0.00,0.00,1.00,0.00,0.00,255,245,0.96,0.01,0.00,0.00,0.00,0.00,0.00,0.00,normal,0,normal,18
5298,7638,tcp,telnet,SF,0,44,0,0,0,0,0,0,0,0,0,0,0,0,0,0,0,0,1,1,0.00,0.00,0.00,0.00,1.00,0.00,0.00,255,166,0.65,0.03,0.00,0.00,0.33,0.51,0.11,0.08,dos,1,processtable,18
14278,0,tcp,http,SF,207,38521,0,0,0,0,0,1,0,0,0,0,0,0,0,0,0,0,2,2,0.00,0.00,0.00,0.00,1.00,0.00,0.00,18,153,1.00,0.00,0.06,0.03,0.00,0.48,0.00,0.00,normal,0,normal,16
12056,4,tcp,telnet,SF,24,834,0,0,0,0,0,0,0,0,0,0,0,0,0,0,0,0,4,14,0.00,0.07,0.75,0.50,0.50,0.75,0.57,109,90,0.30,0.05,0.01,0.02,0.00,0.00,0.92,0.62,probe,1,mscan,7
22415,0,tcp,http,SF,230,406,0,0,0,0,0,1,0,0,0,0,0,0,0,0,0,0,23,50,0.00,0.00,0.00,0.00,1.00,0.00,0.04,255,255,1.00,0.00,0.00,0.00,0.00,0.00,0.00,0.00,normal,0,normal,21
9923,0,tcp,http,SF,213,15157,0,0,0,0,0,1,0,0,0,0,0,0,0,0,0,0,10,12,0.00,0.00,0.00,0.00,1.00,0.00,0.25,137,255,1.00,0.00,0.01,0.01,0.00,0.00,0.00,0.00,normal,0,normal,21
13153,0,tcp,http,SF,323,585,0,0,0,0,0,1,0,0,0,0,0,0,0,0,0,0,24,25,0.00,0.00,0.00,0.00,1.00,0.00,0.08,147,255,1.00,0.00,0.01,0.01,0.00,0.00,0.00,0.00,normal,0,normal,21
3986,0,tcp,finger,SF,7,278,0,0,0,0,0,0,0,0,0,0,0,0,0,0,0,0,1,1,0.00,0.00,0.00,0.00,1.00,0.00,0.00,187,10,0.05,0.02,0.01,0.20,0.00,0.00,0.00,0.00,normal,0,normal,21
15193,0,udp,domain_u,SF,44,44,0,0,0,0,0,0,0,0,0,0,0,0,0,0,0,0,3,5,0.00,0.00,0.00,0.00,1.00,0.00,0.40,255,234,0.92,0.01,0.01,0.00,0.00,0.00,0.00,0.00,normal,0,normal,21
2965,0,tcp,private,S0,0,0,0,0,0,0,0,0,0,0,0,0,0,0,0,0,0,0,129,10,1.00,1.00,0.00,0.00,0.08,0.06,0.00,255,10,0.04,0.05,0.00,0.00,0.79,1.00,0.00,0.00,dos,0,neptune,21
15831,0,tcp,efs,REJ,0,0,0,0,0,0,0,0,0,0,0,0,0,0,0,0,0,0,136,17,0.00,0.00,1.00,1.00,0.12,0.06,0.00,255,17,0.07,0.06,0.00,0.00,0.00,0.00,1.00,1.00,dos,0,neptune,19
13372,0,tcp,http,SF,206,446,0,0,0,0,0,1,0,0,0,0,0,0,0,0,0,0,1,1,0.00,0.00,0.00,0.00,1.00,0.00,0.00,14,240,1.00,0.00,0.07,0.06,0.00,0.00,0.00,0.00,normal,0,normal,21
11711,0,tcp,http,SF,195,4768,0,0,0,0,0,1,0,0,0,0,0,0,0,0,0,0,9,13,0.00,0.00,0.00,0.00,1.00,0.00,0.23,70,255,1.00,0.00,0.01,0.01,0.00,0.00,0.00,0.00,normal,0,normal,21
10874,0,tcp,http,SF,248,1773,0,0,0,0,0,1,0,0,0,0,0,0,0,0,0,0,4,4,0.00,0.00,0.00,0.00,1.00,0.00,0.00,26,255,1.00,0.00,0.04,0.02,0.00,0.00,0.00,0.00,normal,0,normal,21
664,0,tcp,http,SF,225,1341,0,0,0,0,0,1,0,0,0,0,0,0,0,0,0,0,11,11,0.00,0.00,0.00,0.00,1.00,0.00,0.00,255,255,1.00,0.00,0.00,0.00,0.00,0.00,0.00,0.00,normal,0,normal,21
22219,1,tcp,smtp,SF,652,328,0,0,0,0,0,1,0,0,0,0,0,0,0,0,0,0,1,3,0.00,0.00,0.00,0.00,1.00,0.00,1.00,40,183,0.82,0.10,0.03,0.01,0.00,0.00,0.00,0.00,normal,0,normal,21
20449,0,tcp,smtp,SF,751,370,0,0,0,0,0,1,0,0,0,0,0,0,0,0,0,0,1,3,0.00,0.00,0.00,0.00,1.00,0.00,1.00,31,174,0.81,0.10,0.03,0.01,0.00,0.00,0.00,0.00,normal,0,normal,21
8912,0,tcp,http,SF,265,18650,0,0,0,0,0,1,0,0,0,0,0,0,0,0,0,0,6,6,0.00,0.00,0.00,0.00,1.00,0.00,0.00,15,255,1.00,0.00,0.07,0.04,0.00,0.00,0.00,0.00,normal,0,normal,21
8190,0,tcp,http,SF,235,3809,0,0,0,0,0,1,0,0,0,0,0,0,0,0,0,0,9,10,0.00,0.00,0.00,0.00,1.00,0.00,0.20,35,255,1.00,0.00,0.03,0.02,0.00,0.00,0.00,0.00,normal,0,normal,21
20838,0,tcp,private,RSTO,0,0,0,0,0,0,0,0,0,0,0,0,0,0,0,0,0,0,126,4,0.00,0.00,1.00,1.00,0.03,0.06,0.00,255,4,0.02,0.06,0.00,0.00,0.00,0.00,1.00,1.00,dos,0,neptune,21
10674,0,tcp,telnet,SF,122,174,0,0,0,0,1,0,0,0,0,0,0,0,0,0,0,0,1,1,0.00,0.00,0.00,0.00,1.00,0.00,0.00,255,11,0.04,0.02,0.00,0.00,0.00,0.00,0.00,0.09,r2l,0,guess_passwd,7
18875,0,tcp,private,REJ,0,0,0,0,0,0,0,0,0,0,0,0,0,0,0,0,0,0,138,13,0.00,0.00,1.00,1.00,0.09,0.06,0.00,255,13,0.05,0.05,0.00,0.00,0.00,0.00,1.00,1.00,dos,0,neptune,21
4885,4,tcp,pop_3,SF,25,93,0,0,0,0,0,1,0,0,0,0,0,0,0,0,0,0,1,1,0.00,0.00,0.00,0.00,1.00,0.00,0.00,255,237,0.93,0.01,0.00,0.00,0.00,0.00,0.04,0.00,r2l,0,guess_passwd,16
19211,0,tcp,other,REJ,0,0,0,0,0,0,0,0,0,0,0,0,0,0,0,0,0,0,457,1,0.16,0.00,0.84,1.00,0.00,1.00,0.00,255,1,0.00,0.98,0.00,0.00,0.15,0.00,0.85,1.00,probe,0,satan,18
19380,0,tcp,http,SF,221,2855,0,0,0,0,0,1,0,0,0,0,0,0,0,0,0,0,8,53,0.00,0.00,0.00,0.00,1.00,0.00,0.11,96,255,1.00,0.00,0.01,0.01,0.00,0.00,0.00,0.00,normal,0,normal,21
8869,0,tcp,http,SF,232,2304,0,0,0,0,0,1,0,0,0,0,0,0,0,0,0,0,2,3,0.00,0.00,0.00,0.00,1.00,0.00,0.67,40,255,1.00,0.00,0.03,0.02,0.00,0.00,0.00,0.00,normal,0,normal,21
2080,29,udp,domain_u,SF,42,42,0,0,0,0,0,0,0,0,0,0,0,0,0,0,0,0,4,8,0.00,0.00,0.00,0.00,1.00,0.00,0.25,255,251,0.98,0.01,0.02,0.00,0.00,0.00,0.00,0.00,normal,0,normal,21
16034,0,tcp,http,SF,287,5200,0,0,0,0,0,1,0,0,0,0,0,0,0,0,0,0,12,14,0.00,0.00,0.00,0.00,1.00,0.00,0.14,255,255,1.00,0.00,0.00,0.00,0.00,0.00,0.00,0.00,normal,0,normal,21
7442,796,tcp,http,RSTR,62344,0,0,0,0,0,0,1,0,0,0,0,0,0,0,0,0,0,69,69,0.03,0.03,0.97,0.97,1.00,0.00,0.00,255,253,0.99,0.01,0.00,0.00,0.01,0.01,0.33,0.34,dos,1,apache2,15
6493,0,tcp,http,SF,261,10314,0,0,0,0,0,1,0,0,0,0,0,0,0,0,0,0,1,1,0.00,0.00,0.00,0.00,1.00,0.00,0.00,38,255,1.00,0.00,0.03,0.02,0.03,0.00,0.00,0.00,normal,0,normal,21
4705,0,tcp,http,SF,250,3765,0,0,0,0,0,1,0,0,0,0,0,0,0,0,0,0,17,17,0.00,0.00,0.00,0.00,1.00,0.00,0.00,255,255,1.00,0.00,0.00,0.00,0.00,0.00,0.00,0.00,normal,0,normal,21
16506,0,icmp,ecr_i,SF,1032,0,0,0,0,0,0,0,0,0,0,0,0,0,0,0,0,0,168,168,0.00,0.00,0.00,0.00,1.00,0.00,0.00,255,255,1.00,0.00,1.00,0.00,0.00,0.00,0.00,0.00,dos,0,smurf,21
3335,0,tcp,http,SF,393,6248,0,0,0,0,0,1,0,0,0,0,0,0,0,0,0,0,3,3,0.00,0.00,0.00,0.00,1.00,0.00,0.00,255,255,1.00,0.00,0.00,0.00,0.00,0.00,0.00,0.00,normal,0,normal,21
7373,2,tcp,smtp,SF,1040,331,0,0,0,0,0,1,0,0,0,0,0,0,0,0,0,0,1,2,0.00,0.00,0.00,0.00,1.00,0.00,1.00,161,147,0.91,0.02,0.01,0.00,0.00,0.00,0.00,0.00,normal,0,normal,21
19517,0,tcp,http,SF,224,659,0,0,0,0,0,1,0,0,0,0,0,0,0,0,0,0,32,32,0.00,0.00,0.00,0.00,1.00,0.00,0.00,158,206,1.00,0.00,0.01,0.02,0.00,0.00,0.00,0.00,normal,0,normal,21
12253,0,tcp,ssh,REJ,0,0,0,0,0,0,0,0,0,0,0,0,0,0,0,0,0,0,141,15,0.00,0.00,1.00,1.00,0.11,0.06,0.00,255,15,0.06,0.06,0.00,0.00,0.00,0.00,1.00,1.00,dos,0,neptune,19
21162,0,tcp,private,REJ,0,0,0,0,0,0,0,0,0,0,0,0,0,0,0,0,0,0,99,3,0.00,0.00,1.00,1.00,0.03,0.07,0.00,255,3,0.01,0.06,0.00,0.00,0.00,0.00,1.00,1.00,dos,0,neptune,21
12945,0,udp,domain_u,SF,42,42,0,0,0,0,0,0,0,0,0,0,0,0,0,0,0,0,4,6,0.00,0.00,0.00,0.00,1.00,0.00,0.33,255,246,0.96,0.02,0.01,0.00,0.00,0.00,0.00,0.00,normal,0,normal,21
8690,280,tcp,ftp_data,SF,283618,0,0,0,0,0,0,0,0,0,0,0,0,0,0,0,0,0,2,2,0.00,0.00,0.00,0.00,1.00,0.00,0.00,23,6,0.26,0.09,0.26,0.00,0.00,0.00,0.00,0.00,r2l,0,warezmaster,3
2564,1,tcp,smtp,SF,1512,364,0,0,0,0,0,1,0,0,0,0,0,0,0,0,0,0,1,2,0.00,0.00,0.00,0.00,1.00,0.00,1.00,19,116,0.84,0.16,0.05,0.02,0.00,0.00,0.00,0.00,normal,0,normal,21
21981,0,tcp,private,S0,0,0,0,0,0,0,0,0,0,0,0,0,0,0,0,0,0,0,132,10,1.00,1.00,0.00,0.00,0.08,0.06,0.00,255,10,0.04,0.06,0.00,0.00,1.00,1.00,0.00,0.00,dos,0,neptune,21
16889,0,tcp,http,SF,213,1986,0,0,0,0,0,1,0,0,0,0,0,0,0,0,0,0,6,21,0.00,0.00,0.00,0.00,1.00,0.00,0.19,33,255,1.00,0.00,0.03,0.04,0.00,0.00,0.00,0.00,normal,0,normal,21
19574,0,icmp,eco_i,SF,18,0,0,0,0,0,0,0,0,0,0,0,0,0,0,0,0,0,1,1,0.00,0.00,0.00,0.00,1.00,0.00,0.00,1,121,1.00,0.00,1.00,1.00,0.00,0.00,0.00,0.00,probe,0,ipsweep,17
15089,0,tcp,http,SF,231,4269,0,0,0,0,0,1,0,0,0,0,0,0,0,0,0,0,1,1,0.00,0.00,0.00,0.00,1.00,0.00,0.00,29,29,1.00,0.00,0.03,0.00,0.00,0.00,0.00,0.00,normal,0,normal,21
8510,0,tcp,http,SF,192,7142,0,0,0,0,0,1,0,0,0,0,0,0,0,0,0,0,7,11,0.00,0.00,0.00,0.00,1.00,0.00,0.27,111,253,1.00,0.00,0.01,0.02,0.00,0.00,0.00,0.00,normal,0,normal,21
22342,0,tcp,http,REJ,0,0,0,0,0,0,0,0,0,0,0,0,0,0,0,0,0,0,1,45,0.00,0.00,1.00,0.02,1.00,0.00,0.09,255,18,0.07,0.51,0.00,0.00,0.05,0.00,0.52,1.00,normal,0,normal,15
16631,0,tcp,private,REJ,0,0,0,0,0,0,0,0,0,0,0,0,0,0,0,0,0,0,121,13,0.00,0.00,1.00,1.00,0.11,0.06,0.00,255,13,0.05,0.05,0.00,0.00,0.00,0.00,1.00,1.00,dos,0,neptune,21
2860,0,tcp,ftp_data,SF,879,0,0,0,0,0,0,0,0,0,0,0,0,0,0,0,0,0,8,10,0.00,0.00,0.00,0.00,1.00,0.00,0.20,25,27,0.72,0.08,0.72,0.07,0.00,0.00,0.00,0.00,normal,0,normal,21
5389,1,tcp,telnet,RSTO,123,178,0,0,0,0,1,0,0,0,0,0,0,0,0,0,0,0,1,1,0.00,0.00,1.00,1.00,1.00,0.00,0.00,255,6,0.02,0.01,0.00,0.00,0.00,0.00,0.02,0.67,r2l,0,guess_passwd,13
11305,0,tcp,ftp,SF,25,157,0,0,0,0,1,0,0,0,0,0,0,0,0,0,0,1,1,1,0.00,0.00,0.00,0.00,1.00,0.00,0.00,33,12,0.36,0.12,0.03,0.00,0.00,0.00,0.00,0.00,r2l,0,guess_passwd,7
21936,0,tcp,ftp_data,SF,0,3249,0,0,0,0,0,0,0,0,0,0,0,0,0,0,0,0,1,1,0.00,0.00,0.00,0.00,1.00,0.00,0.00,1,1,1.00,0.00,1.00,0.00,0.00,0.00,0.00,0.00,u2r,1,ps,13
10595,0,udp,domain_u,SF,46,46,0,0,0,0,0,0,0,0,0,0,0,0,0,0,0,0,94,174,0.00,0.00,0.00,0.00,1.00,0.00,0.01,255,255,1.00,0.00,0.01,0.00,0.00,0.00,0.00,0.00,normal,0,normal,18
19788,0,udp,domain_u,SF,43,130,0,0,0,0,0,0,0,0,0,0,0,0,0,0,0,0,83,163,0.00,0.00,0.00,0.00,1.00,0.00,0.01,255,255,1.00,0.00,0.00,0.00,0.00,0.00,0.00,0.00,normal,0,normal,18
4470,0,tcp,http,SF,215,2276,0,0,0,0,0,1,0,0,0,0,0,0,0,0,0,0,6,6,0.00,0.00,0.00,0.00,1.00,0.00,0.00,67,255,1.00,0.00,0.01,0.01,0.00,0.00,0.00,0.00,normal,0,normal,21
13211,0,tcp,other,REJ,0,0,0,0,0,0,0,0,0,0,0,0,0,0,0,0,0,0,1,1,0.00,0.00,1.00,1.00,1.00,0.00,0.00,255,30,0.12,0.02,0.00,0.00,0.00,0.00,0.10,0.73,u2r,1,httptunnel,16
5260,0,tcp,http,SF,296,431,0,0,0,0,0,1,0,0,0,0,0,0,0,0,0,0,7,11,0.00,0.00,0.00,0.00,1.00,0.00,0.18,118,236,1.00,0.00,0.01,0.02,0.00,0.00,0.00,0.00,normal,0,normal,21
20097,0,icmp,ecr_i,SF,1008,0,0,0,0,0,0,0,0,0,0,0,0,0,0,0,0,0,164,164,0.00,0.00,0.00,0.00,1.00,0.00,0.00,255,255,1.00,0.00,1.00,0.00,0.00,0.00,0.00,0.00,dos,0,smurf,18
19476,0,tcp,csnet_ns,REJ,0,0,0,0,0,0,0,0,0,0,0,0,0,0,0,0,0,0,197,7,0.00,0.00,1.00,1.00,0.04,0.07,0.00,255,7,0.03,0.07,0.00,0.00,0.00,0.00,1.00,1.00,dos,0,neptune,19
9095,0,udp,private,SF,53,54,0,0,0,0,0,0,0,0,0,0,0,0,0,0,0,0,511,511,0.00,0.00,0.00,0.00,1.00,0.00,0.00,255,255,1.00,0.00,0.87,0.00,0.00,0.00,0.00,0.00,normal,0,normal,17
12575,0,tcp,private,REJ,0,0,0,0,0,0,0,0,0,0,0,0,0,0,0,0,0,0,476,1,0.07,0.00,0.91,1.00,0.00,1.00,0.00,255,1,0.00,1.00,0.00,0.00,0.05,0.00,0.89,1.00,probe,1,saint,17
5688,1,tcp,imap4,RSTO,0,44,0,0,0,0,0,0,0,0,0,0,0,0,0,0,0,0,2,5,0.00,0.00,1.00,0.80,0.50,1.00,1.00,59,59,0.25,0.08,0.02,0.03,0.00,0.00,0.88,1.00,probe,1,mscan,12
10815,0,tcp,http,SF,208,8619,0,0,0,0,0,1,0,0,0,0,0,0,0,0,0,0,15,16,0.00,0.00,0.00,0.00,1.00,0.00,0.12,69,255,1.00,0.00,0.01,0.02,0.00,0.00,0.00,0.00,normal,0,normal,21
5758,0,tcp,private,RSTR,0,0,0,0,0,0,0,0,0,0,0,0,0,0,0,0,0,0,1,1,0.00,0.00,1.00,1.00,1.00,0.00,0.00,226,1,0.00,0.69,0.69,0.00,0.00,0.00,0.70,1.00,probe,0,portsweep,15
12737,0,tcp,telnet,S3,0,44,0,0,0,0,0,0,0,0,0,0,0,0,0,0,0,0,1,1,1.00,1.00,0.00,0.00,1.00,0.00,0.00,255,134,0.53,0.03,0.00,0.00,0.23,0.43,0.11,0.10,dos,1,processtable,19
15015,4,tcp,pop_3,SF,30,93,0,0,0,0,0,1,0,0,0,0,0,0,0,0,0,0,1,1,0.00,0.00,0.00,0.00,1.00,0.00,0.00,255,250,0.98,0.01,0.00,0.00,0.00,0.00,0.00,0.00,r2l,0,guess_passwd,18
7195,0,tcp,http,SF,204,1872,0,0,0,0,0,1,0,0,0,0,0,0,0,0,0,0,23,23,0.00,0.00,0.00,0.00,1.00,0.00,0.00,23,255,1.00,0.00,0.04,0.04,0.00,0.00,0.00,0.00,normal,0,normal,21
22379,0,udp,domain_u,SF,42,42,0,0,0,0,0,0,0,0,0,0,0,0,0,0,0,0,9,13,0.00,0.00,0.00,0.00,1.00,0.00,0.15,255,255,1.00,0.00,0.00,0.00,0.00,0.00,0.00,0.00,normal,0,normal,21
11746,0,tcp,smtp,SF,1433,327,0,0,0,0,0,1,0,0,0,0,0,0,0,0,0,0,1,3,0.00,0.00,0.00,0.00,1.00,0.00,1.00,154,144,0.60,0.03,0.01,0.01,0.01,0.01,0.00,0.00,normal,0,normal,21
16110,0,tcp,http,SF,230,494,0,0,0,0,0,1,0,0,0,0,0,0,0,0,0,0,1,2,0.00,0.00,0.00,0.00,1.00,0.00,1.00,15,240,1.00,0.00,0.07,0.06,0.00,0.00,0.00,0.00,normal,0,normal,21
18218,0,tcp,ftp,SF,26,157,0,0,0,0,1,0,0,0,0,0,0,0,0,0,0,1,1,1,0.00,0.00,0.00,0.00,1.00,0.00,0.00,156,72,0.46,0.03,0.01,0.00,0.00,0.00,0.00,0.00,r2l,0,guess_passwd,7
19175,0,udp,private,SF,1,1,0,0,0,0,0,0,0,0,0,0,0,0,0,0,0,0,134,1,0.00,0.00,0.00,0.00,0.01,0.97,0.00,255,1,0.00,0.76,1.00,0.00,0.00,0.00,0.00,0.00,probe,0,satan,18
14336,0,tcp,http,SF,163,704,0,0,0,0,0,1,0,0,0,0,0,0,0,0,0,0,33,37,0.00,0.00,0.00,0.00,1.00,0.00,0.08,34,255,1.00,0.00,0.03,0.08,0.00,0.00,0.00,0.00,normal,0,normal,21
8667,0,tcp,http,SF,221,396,0,0,0,0,0,1,0,0,0,0,0,0,0,0,0,0,18,18,0.00,0.00,0.00,0.00,1.00,0.00,0.00,18,255,1.00,0.00,0.06,0.02,0.00,0.00,0.00,0.00,normal,0,normal,21
20725,0,tcp,imap4,REJ,0,0,0,0,0,0,0,0,0,0,0,0,0,0,0,0,0,0,279,9,0.00,0.00,1.00,1.00,0.03,0.06,0.00,255,9,0.04,0.06,0.00,0.00,0.00,0.00,1.00,1.00,dos,0,neptune,18
17453,0,tcp,private,REJ,0,0,0,0,0,0,0,0,0,0,0,0,0,0,0,0,0,0,228,16,0.00,0.00,1.00,1.00,0.07,0.06,0.00,255,16,0.06,0.07,0.00,0.00,0.00,0.00,1.00,1.00,dos,0,neptune,21
8192,0,tcp,private,REJ,0,0,0,0,0,0,0,0,0,0,0,0,0,0,0,0,0,0,129,4,0.00,0.00,1.00,1.00,0.03,0.07,0.00,255,4,0.02,0.06,0.00,0.00,0.00,0.00,1.00,1.00,dos,0,neptune,21
9126,0,tcp,http,SF,206,7531,0,0,0,0,0,1,0,0,0,0,0,0,0,0,0,0,16,16,0.00,0.00,0.00,0.00,1.00,0.00,0.00,255,255,1.00,0.00,0.00,0.00,0.00,0.00,0.00,0.00,normal,0,normal,21
1218,300,tcp,other,SF,240,620,0,0,0,0,0,0,0,0,0,0,0,0,0,0,0,0,1,1,0.00,0.00,0.00,0.00,1.00,0.00,0.00,114,13,0.11,0.06,0.01,0.00,0.00,0.00,0.07,0.62,u2r,1,httptunnel,7
8264,282,tcp,ftp,SF,160,597,0,0,0,2,0,1,0,0,0,0,0,0,0,0,0,1,1,1,0.00,0.00,0.00,0.00,1.00,0.00,0.00,207,68,0.33,0.03,0.00,0.00,0.00,0.00,0.00,0.00,r2l,0,warezmaster,12
7954,0,tcp,private,SH,0,0,0,0,0,0,0,0,0,0,0,0,0,0,0,0,0,0,1,1,1.00,1.00,0.00,0.00,1.00,0.00,0.00,131,1,0.01,1.00,1.00,0.00,1.00,1.00,0.00,0.00,probe,0,nmap,18
15547,0,tcp,ftp_data,REJ,0,0,0,0,0,0,0,0,0,0,0,0,0,0,0,0,0,0,78,18,0.00,0.00,1.00,1.00,0.23,0.05,0.00,255,58,0.23,0.08,0.01,0.00,0.00,0.00,0.99,1.00,dos,0,neptune,18
14753,0,tcp,telnet,SF,122,174,0,0,0,0,1,0,0,0,0,0,0,0,0,0,0,0,1,1,0.00,0.00,0.00,0.00,1.00,0.00,0.00,255,48,0.19,0.02,0.00,0.00,0.00,0.00,0.01,0.04,r2l,0,guess_passwd,11
3445,0,tcp,pop_3,S0,0,0,0,0,0,0,0,0,0,0,0,0,0,0,0,0,0,0,1,3,1.00,1.00,0.00,0.00,1.00,0.00,1.00,3,6,0.33,1.00,0.33,0.50,1.00,1.00,0.00,0.00,probe,1,mscan,18
19028,7,tcp,imap4,RSTO,0,44,0,0,0,0,0,0,0,0,0,0,0,0,0,0,0,0,2,8,0.00,0.00,1.00,1.00,0.50,1.00,1.00,255,20,0.08,0.03,0.00,0.00,0.00,0.00,0.25,0.95,probe,1,mscan,13
5641,0,udp,private,SF,54,51,0,0,0,0,0,0,0,0,0,0,0,0,0,0,0,0,290,290,0.00,0.00,0.00,0.00,1.00,0.00,0.00,255,255,1.00,0.00,0.86,0.00,0.00,0.00,0.00,0.00,normal,0,normal,17
14009,0,tcp,http,SF,208,1711,0,0,0,0,0,1,0,0,0,0,0,0,0,0,0,0,9,9,0.00,0.00,0.00,0.00,1.00,0.00,0.00,255,255,1.00,0.00,0.00,0.00,0.00,0.00,0.00,0.00,normal,0,normal,21
21528,0,tcp,http,SF,221,330,0,0,0,0,0,1,0,0,0,0,0,0,0,0,0,0,10,10,0.00,0.00,0.00,0.00,1.00,0.00,0.00,255,255,1.00,0.00,0.00,0.00,0.00,0.00,0.00,0.00,normal,0,normal,21
2629,0,tcp,time,RSTO,0,0,0,0,0,0,0,0,0,0,0,0,0,0,0,0,0,0,288,2,0.00,0.00,1.00,1.00,0.01,0.06,0.00,255,2,0.01,0.06,0.00,0.00,0.00,0.00,1.00,1.00,dos,0,neptune,18
20233,0,icmp,ecr_i,SF,520,0,0,0,0,0,0,0,0,0,0,0,0,0,0,0,0,0,511,511,0.00,0.00,0.00,0.00,1.00,0.00,0.00,161,161,1.00,0.00,1.00,0.00,0.00,0.00,0.00,0.00,dos,0,smurf,18
3077,5,tcp,smtp,SF,2599,293,0,0,0,0,0,1,0,0,0,0,0,0,0,0,0,0,2,2,0.00,0.00,0.00,0.00,1.00,0.00,0.00,255,247,0.97,0.04,0.00,0.00,0.00,0.00,0.03,0.00,dos,1,mailbomb,15
16689,0,tcp,http,SF,296,2443,0,0,0,0,0,1,0,0,0,0,0,0,0,0,0,0,12,12,0.08,0.08,0.00,0.00,1.00,0.00,0.00,255,255,1.00,0.00,0.00,0.00,0.00,0.00,0.00,0.00,normal,0,normal,21
19749,0,udp,private,SF,105,147,0,0,0,0,0,0,0,0,0,0,0,0,0,0,0,0,3,3,0.00,0.00,0.00,0.00,1.00,0.00,0.00,170,169,0.99,0.01,0.01,0.00,0.00,0.00,0.00,0.00,normal,0,normal,20
9726,4,tcp,pop_3,SF,32,93,0,0,0,0,0,1,0,0,0,0,0,0,0,0,0,0,1,1,0.00,0.00,0.00,0.00,1.00,0.00,0.00,220,201,0.91,0.01,0.00,0.00,0.00,0.00,0.05,0.00,r2l,0,guess_passwd,10
10791,2,tcp,telnet,SF,24,613,0,0,0,0,0,0,0,0,0,0,0,0,0,0,0,0,4,2,0.00,0.00,0.75,0.50,0.50,0.75,0.00,225,88,0.34,0.02,0.00,0.02,0.01,0.00,0.87,0.66,probe,1,mscan,11
4107,0,tcp,http,SF,291,1338,0,0,0,0,0,1,0,0,0,0,0,0,0,0,0,0,22,48,0.00,0.00,0.00,0.00,1.00,0.00,0.04,71,255,1.00,0.00,0.01,0.02,0.00,0.00,0.00,0.00,normal,0,normal,21
19674,0,udp,private,SF,48,0,0,0,0,0,0,0,0,0,0,0,0,0,0,0,0,0,2,2,0.00,0.00,0.00,0.00,1.00,0.00,0.00,255,255,1.00,0.00,0.00,0.00,0.00,0.00,0.00,0.00,r2l,1,snmpguess,17
4851,0,tcp,http,SF,294,276,0,0,0,0,0,1,0,0,0,0,0,0,0,0,0,0,9,11,0.00,0.00,0.00,0.00,1.00,0.00,0.18,255,255,1.00,0.00,0.00,0.00,0.00,0.00,0.00,0.00,normal,0,normal,21
16167,0,tcp,http,SF,224,5626,0,0,0,0,0,1,0,0,0,0,0,0,0,0,0,0,5,5,0.00,0.00,0.00,0.00,1.00,0.00,0.00,91,255,1.00,0.00,0.01,0.02,0.01,0.00,0.00,0.00,normal,0,normal,21
17984,0,tcp,http,SF,269,524,0,0,0,0,0,1,0,0,0,0,0,0,0,0,0,0,1,7,0.00,0.00,0.00,0.00,1.00,0.00,0.29,40,255,1.00,0.00,0.03,0.02,0.00,0.00,0.00,0.00,normal,0,normal,21
11023,0,tcp,http,SF,203,2139,0,0,0,0,0,1,0,0,0,0,0,0,0,0,0,0,2,21,0.00,0.00,0.00,0.00,1.00,0.00,0.14,33,255,1.00,0.00,0.03,0.04,0.00,0.00,0.00,0.00,normal,0,normal,21
6454,0,tcp,http,SF,286,5651,0,0,0,0,0,1,0,0,0,0,0,0,0,0,0,0,26,26,0.00,0.00,0.00,0.00,1.00,0.00,0.00,26,145,1.00,0.00,0.04,0.05,0.00,0.00,0.00,0.00,normal,0,normal,21
1485,0,tcp,http,SF,234,2650,0,0,0,0,0,1,0,0,0,0,0,0,0,0,0,0,2,9,0.00,0.00,0.00,0.00,1.00,0.00,0.22,99,255,1.00,0.00,0.01,0.05,0.00,0.00,0.00,0.00,normal,0,normal,21
7364,0,tcp,http,SF,324,370,0,0,0,0,0,1,0,0,0,0,0,0,0,0,0,0,8,21,0.00,0.00,0.00,0.00,1.00,0.00,0.14,255,255,1.00,0.00,0.00,0.00,0.00,0.00,0.00,0.00,normal,0,normal,21
13733,0,icmp,ecr_i,SF,1008,0,0,0,0,0,0,0,0,0,0,0,0,0,0,0,0,0,137,137,0.00,0.00,0.00,0.00,1.00,0.00,0.00,255,255,1.00,0.00,1.00,0.00,0.00,0.00,0.00,0.00,dos,0,smurf,18
8650,2,tcp,smtp,SF,2036,375,0,0,0,0,0,1,0,0,0,0,0,0,0,0,0,0,1,2,0.00,0.00,0.00,0.00,1.00,0.00,1.00,6,62,1.00,0.00,0.17,0.03,0.00,0.00,0.00,0.00,normal,0,normal,21
1701,283,tcp,ftp,SF,162,599,0,0,0,2,0,1,0,0,0,0,0,0,0,0,0,1,1,1,0.00,0.00,0.00,0.00,1.00,0.00,0.00,255,99,0.39,0.03,0.01,0.00,0.02,0.00,0.01,0.00,r2l,0,warezmaster,14
2272,0,tcp,http,SF,210,762,0,0,0,0,0,1,0,0,0,0,0,0,0,0,0,0,2,5,0.00,0.00,0.00,0.00,1.00,0.00,0.40,6,255,1.00,0.00,0.17,0.01,0.00,0.00,0.00,0.00,normal,0,normal,21
15247,4,tcp,pop_3,SF,32,93,0,0,0,0,0,1,0,0,0,0,0,0,0,0,0,0,1,1,0.00,0.00,0.00,0.00,1.00,0.00,0.00,255,224,0.88,0.02,0.00,0.00,0.00,0.00,0.06,0.00,r2l,0,guess_passwd,18
1892,0,tcp,http,SF,233,1413,0,0,0,0,0,1,0,0,0,0,0,0,0,0,0,0,4,4,0.00,0.00,0.00,0.00,1.00,0.00,0.00,35,255,1.00,0.00,0.03,0.04,0.00,0.00,0.00,0.00,normal,0,normal,21
2700,902,tcp,http,RSTR,59424,0,0,0,0,0,0,1,0,0,0,0,0,0,0,0,0,0,67,67,0.01,0.01,0.97,0.97,1.00,0.00,0.00,255,255,1.00,0.00,0.00,0.00,0.00,0.00,0.25,0.25,dos,1,apache2,15
18044,282,tcp,ftp,SF,164,599,0,0,0,2,0,1,0,0,0,0,0,0,0,0,0,1,1,1,0.00,0.00,0.00,0.00,1.00,0.00,0.00,255,18,0.07,0.83,0.00,0.00,0.00,0.00,0.81,0.00,r2l,0,warezmaster,12
5448,0,udp,private,SF,52,53,0,0,0,0,0,0,0,0,0,0,0,0,0,0,0,0,509,509,0.00,0.00,0.00,0.00,1.00,0.00,0.00,255,255,1.00,0.00,1.00,0.00,0.00,0.00,0.00,0.00,normal,0,normal,17
20235,0,tcp,ftp,RSTO,0,0,0,0,0,0,0,0,0,0,0,0,0,0,0,0,0,0,240,17,0.00,0.00,1.00,1.00,0.07,0.07,0.00,255,17,0.07,0.07,0.00,0.00,0.00,0.00,1.00,1.00,dos,0,neptune,21
1214,0,tcp,private,SH,0,0,0,0,0,0,0,0,0,0,0,0,0,0,0,0,0,0,1,1,1.00,1.00,0.00,0.00,1.00,0.00,0.00,60,1,0.02,1.00,1.00,0.00,1.00,1.00,0.00,0.00,probe,0,nmap,18
18210,0,tcp,private,S0,0,0,0,0,0,0,0,0,0,0,0,0,0,0,0,0,0,0,157,16,1.00,1.00,0.00,0.00,0.10,0.08,0.00,255,16,0.06,0.09,0.00,0.00,1.00,1.00,0.00,0.00,dos,0,neptune,21
20646,0,tcp,telnet,REJ,0,0,0,0,0,0,0,0,0,0,0,0,0,0,0,0,0,0,4,11,0.00,0.27,1.00,0.64,0.25,1.00,0.91,100,91,0.29,0.05,0.01,0.02,0.00,0.00,0.96,0.59,probe,1,mscan,15
11483,0,tcp,http,SF,249,2631,0,0,0,0,0,1,0,0,0,0,0,0,0,0,0,0,17,18,0.00,0.00,0.00,0.00,1.00,0.00,0.11,255,255,1.00,0.00,0.00,0.00,0.00,0.00,0.00,0.00,normal,0,normal,21
4420,0,tcp,http,SF,236,4283,0,0,0,0,0,1,0,0,0,0,0,0,0,0,0,0,9,9,0.00,0.00,0.00,0.00,1.00,0.00,0.00,129,255,1.00,0.00,0.01,0.04,0.00,0.00,0.00,0.00,normal,0,normal,21
1339,0,tcp,http,SF,292,304,0,0,0,0,0,1,0,0,0,0,0,0,0,0,0,0,14,16,0.00,0.00,0.00,0.00,1.00,0.00,0.12,255,255,1.00,0.00,0.00,0.00,0.00,0.00,0.00,0.00,normal,0,normal,21
12740,0,tcp,nntp,S0,0,0,0,0,0,0,0,0,0,0,0,0,0,0,0,0,0,0,204,7,1.00,1.00,0.00,0.00,0.03,0.08,0.00,255,7,0.03,0.08,0.00,0.00,1.00,1.00,0.00,0.00,dos,0,neptune,21
15424,0,tcp,http,SF,302,1063,0,0,0,0,0,1,0,0,0,0,0,0,0,0,0,0,19,24,0.00,0.00,0.00,0.00,1.00,0.00,0.17,255,255,1.00,0.00,0.00,0.00,0.00,0.00,0.00,0.00,normal,0,normal,21
20702,0,tcp,pop_3,REJ,0,0,0,0,0,0,0,0,0,0,0,0,0,0,0,0,0,0,2,20,0.00,0.05,1.00,0.95,0.50,1.00,1.00,227,9,0.03,0.03,0.00,0.22,0.00,0.00,0.10,1.00,probe,1,mscan,14
2711,0,tcp,http,SF,309,4368,0,0,0,0,0,1,0,0,0,0,0,0,0,0,0,0,13,15,0.00,0.00,0.00,0.00,1.00,0.00,0.20,19,255,1.00,0.00,0.05,0.05,0.00,0.00,0.00,0.00,normal,0,normal,21
21374,0,icmp,ecr_i,SF,1480,0,0,1,0,0,0,0,0,0,0,0,0,0,0,0,0,0,2,4,0.00,0.00,0.00,0.00,1.00,0.00,0.50,2,26,1.00,0.00,1.00,0.50,0.00,0.00,0.00,0.00,normal,0,normal,4
17663,0,icmp,ecr_i,SF,1008,0,0,0,0,0,0,0,0,0,0,0,0,0,0,0,0,0,166,166,0.00,0.00,0.00,0.00,1.00,0.00,0.00,255,255,1.00,0.00,1.00,0.00,0.00,0.00,0.00,0.00,dos,0,smurf,18
509,0,udp,private,SF,105,147,0,0,0,0,0,0,0,0,0,0,0,0,0,0,0,0,1,1,0.00,0.00,0.00,0.00,1.00,0.00,0.00,237,235,0.99,0.01,0.00,0.00,0.00,0.00,0.00,0.00,r2l,1,snmpgetattack,1
13208,0,icmp,ecr_i,SF,1032,0,0,0,0,0,0,0,0,0,0,0,0,0,0,0,0,0,23,23,0.00,0.00,0.00,0.00,1.00,0.00,0.00,255,255,1.00,0.00,1.00,0.00,0.00,0.00,0.00,0.00,dos,0,smurf,18
11987,0,tcp,http,SF,228,12358,0,0,0,0,0,1,0,0,0,0,0,0,0,0,0,0,17,17,0.00,0.00,0.00,0.00,1.00,0.00,0.00,255,255,1.00,0.00,0.00,0.00,0.00,0.00,0.00,0.00,normal,0,normal,21
10914,0,tcp,private,S0,0,0,0,0,0,0,0,0,0,0,0,0,0,0,0,0,0,0,189,6,1.00,1.00,0.00,0.00,0.03,0.08,0.00,255,6,0.02,0.08,0.00,0.00,1.00,1.00,0.00,0.00,dos,0,neptune,21
18472,0,tcp,http,SF,54540,8314,0,0,0,2,0,1,1,0,0,0,0,0,0,0,0,0,4,5,0.00,0.00,0.00,0.00,1.00,0.00,0.40,255,243,0.95,0.01,0.00,0.00,0.00,0.00,0.06,0.06,dos,0,back,11
20889,4,tcp,pop_3,SF,26,93,0,0,0,0,0,1,0,0,0,0,0,0,0,0,0,0,2,1,0.00,0.00,0.50,0.00,0.50,1.00,0.00,255,227,0.89,0.02,0.00,0.00,0.00,0.00,0.07,0.00,r2l,0,guess_passwd,14
14942,0,udp,private,SF,1,1,0,0,0,0,0,0,0,0,0,0,0,0,0,0,0,0,17,1,0.00,0.00,0.00,0.00,0.06,0.18,0.00,36,2,0.03,0.19,0.22,1.00,0.00,0.00,0.00,0.00,probe,1,saint,12
10399,0,tcp,klogin,REJ,0,0,0,0,0,0,0,0,0,0,0,0,0,0,0,0,0,0,121,3,0.00,0.00,1.00,1.00,0.02,0.07,0.00,255,3,0.01,0.06,0.00,0.00,0.00,0.00,1.00,1.00,dos,0,neptune,21
10529,0,tcp,http,SF,212,1798,0,0,0,0,0,1,0,0,0,0,0,0,0,0,0,0,28,35,0.00,0.00,0.00,0.00,1.00,0.00,0.11,255,255,1.00,0.00,0.00,0.00,0.00,0.00,0.00,0.00,normal,0,normal,21
8412,0,tcp,private,REJ,0,0,0,0,0,0,0,0,0,0,0,0,0,0,0,0,0,0,267,19,0.00,0.00,1.00,1.00,0.07,0.07,0.00,255,19,0.07,0.07,0.00,0.00,0.00,0.00,1.00,1.00,dos,0,neptune,21
17528,280,tcp,ftp_data,SF,283618,0,0,0,0,2,0,0,0,0,0,0,0,0,0,0,0,0,2,2,0.00,0.00,0.00,0.00,1.00,0.00,0.00,6,6,1.00,0.00,1.00,0.00,0.00,0.00,0.00,0.00,r2l,0,warezmaster,18
4156,0,tcp,http,SF,317,1965,0,0,0,0,0,1,0,0,0,0,0,0,0,0,0,0,16,21,0.00,0.00,0.00,0.00,1.00,0.00,0.10,62,255,1.00,0.00,0.02,0.02,0.00,0.00,0.00,0.00,normal,0,normal,21
797,0,tcp,http,SF,287,4268,0,0,0,0,0,1,0,0,0,0,0,0,0,0,0,0,13,14,0.00,0.00,0.00,0.00,1.00,0.00,0.14,51,255,1.00,0.00,0.02,0.05,0.00,0.00,0.00,0.00,normal,0,normal,21
4160,0,tcp,http,SF,238,396,0,0,0,0,0,1,0,0,0,0,0,0,0,0,0,0,17,17,0.00,0.00,0.00,0.00,1.00,0.00,0.00,231,255,1.00,0.00,0.00,0.01,0.00,0.00,0.00,0.00,normal,0,normal,21
12069,0,tcp,private,REJ,0,0,0,0,0,0,0,0,0,0,0,0,0,0,0,0,0,0,285,15,0.00,0.00,1.00,1.00,0.05,0.06,0.00,255,15,0.06,0.06,0.00,0.00,0.00,0.00,1.00,1.00,dos,0,neptune,21
21120,0,udp,private,SF,1,74,0,0,0,0,0,0,0,0,0,0,0,0,0,0,0,0,14,13,0.00,0.00,0.00,0.00,0.93,0.14,0.00,255,17,0.07,0.48,0.57,0.00,0.01,0.00,0.38,0.00,normal,0,normal,6
7795,0,tcp,http,SF,291,2370,0,0,0,0,0,1,0,0,0,0,0,0,0,0,0,0,16,16,0.00,0.00,0.00,0.00,1.00,0.00,0.00,35,255,1.00,0.00,0.03,0.02,0.00,0.00,0.00,0.00,normal,0,normal,21
7024,0,udp,private,SF,105,146,0,0,0,0,0,0,0,0,0,0,0,0,0,0,0,0,2,2,0.00,0.00,0.00,0.00,1.00,0.00,0.00,19,18,0.95,0.11,0.05,0.00,0.00,0.00,0.00,0.00,r2l,1,snmpgetattack,0
481,280,tcp,ftp_data,SF,283618,0,0,0,0,0,0,0,0,0,0,0,0,0,0,0,0,0,1,1,0.00,0.00,0.00,0.00,1.00,0.00,0.00,3,15,1.00,0.00,1.00,0.13,0.00,0.00,0.00,0.00,r2l,0,warezmaster,18
17604,0,tcp,ftp_data,SF,14052,0,0,0,0,0,0,0,0,0,0,0,0,0,0,0,0,0,16,16,0.00,0.00,0.00,0.00,1.00,0.00,0.00,255,22,0.09,0.02,0.09,0.00,0.00,0.00,0.00,0.00,normal,0,normal,20
15535,0,udp,domain_u,SF,34,34,0,0,0,0,0,0,0,0,0,0,0,0,0,0,0,0,6,9,0.00,0.00,0.00,0.00,1.00,0.00,0.22,255,241,0.95,0.01,0.00,0.00,0.00,0.00,0.04,0.00,normal,0,normal,18
21013,0,udp,domain_u,SF,43,43,0,0,0,0,0,0,0,0,0,0,0,0,0,0,0,0,142,142,0.00,0.00,0.00,0.00,1.00,0.00,0.00,255,255,1.00,0.00,0.00,0.00,0.00,0.00,0.00,0.00,normal,0,normal,18
20371,0,tcp,private,REJ,0,0,0,0,0,0,0,0,0,0,0,0,0,0,0,0,0,0,222,13,0.00,0.00,1.00,1.00,0.06,0.06,0.00,255,13,0.05,0.06,0.00,0.00,0.00,0.00,1.00,1.00,dos,0,neptune,21
6932,160,tcp,http,SF,327,538,0,0,0,0,0,1,0,0,0,0,0,0,1,0,0,0,3,5,0.00,0.00,0.00,0.00,1.00,0.00,0.60,3,255,1.00,0.00,0.33,0.04,0.00,0.00,0.00,0.00,normal,0,normal,21
14011,0,tcp,private,REJ,0,0,0,0,0,0,0,0,0,0,0,0,0,0,0,0,0,0,110,10,0.00,0.00,1.00,1.00,0.09,0.05,0.00,255,10,0.04,0.06,0.00,0.00,0.00,0.00,1.00,1.00,dos,0,neptune,21
3953,0,tcp,private,REJ,0,0,0,0,0,0,0,0,0,0,0,0,0,0,0,0,0,0,204,8,0.00,0.00,1.00,1.00,0.04,0.06,0.00,255,8,0.03,0.07,0.00,0.00,0.00,0.00,1.00,1.00,dos,0,neptune,21
18012,0,tcp,http,SF,244,938,0,0,0,0,0,1,0,0,0,0,0,0,0,0,0,0,1,14,0.00,0.00,0.00,0.00,1.00,0.00,0.21,1,255,1.00,0.00,1.00,0.01,0.00,0.00,0.00,0.00,normal,0,normal,21
12924,0,tcp,http,SF,249,285,0,0,0,0,0,1,0,0,0,0,0,0,0,0,0,0,15,15,0.00,0.00,0.00,0.00,1.00,0.00,0.00,255,255,1.00,0.00,0.00,0.00,0.00,0.00,0.00,0.00,normal,0,normal,21
5476,0,udp,domain_u,SF,45,45,0,0,0,0,0,0,0,0,0,0,0,0,0,0,0,0,135,135,0.00,0.00,0.00,0.00,1.00,0.00,0.00,255,255,1.00,0.00,0.00,0.00,0.00,0.00,0.00,0.00,normal,0,normal,18
19442,0,tcp,http,SF,311,2528,0,0,0,0,0,1,0,0,0,0,0,0,0,0,0,0,9,9,0.00,0.00,0.00,0.00,1.00,0.00,0.00,23,255,1.00,0.00,0.04,0.05,0.00,0.00,0.00,0.00,normal,0,normal,21
19281,0,tcp,ftp_data,SF,11,0,0,0,0,0,0,0,0,0,0,0,0,0,0,0,0,0,1,1,0.00,0.00,0.00,0.00,1.00,0.00,0.00,123,17,0.03,0.02,0.03,0.12,0.81,0.00,0.00,0.00,normal,0,normal,13
14555,0,tcp,systat,S0,0,0,0,0,0,0,0,0,0,0,0,0,0,0,0,0,0,0,271,1,1.00,1.00,0.00,0.00,0.00,0.07,0.00,255,1,0.00,0.07,0.00,0.00,1.00,1.00,0.00,0.00,dos,0,neptune,19
11994,0,udp,private,SF,46,0,0,0,0,0,0,0,0,0,0,0,0,0,0,0,0,0,4,4,0.00,0.00,0.00,0.00,1.00,0.00,0.00,255,253,0.99,0.01,0.01,0.00,0.00,0.00,0.00,0.00,r2l,1,snmpguess,15
6528,796,tcp,http,RSTR,56504,0,0,0,0,0,0,1,0,0,0,0,0,0,0,0,0,0,70,70,0.03,0.03,0.97,0.97,1.00,0.00,0.00,255,253,0.99,0.01,0.00,0.00,0.01,0.01,0.34,0.34,dos,1,apache2,15
9863,0,udp,domain_u,SF,44,77,0,0,0,0,0,0,0,0,0,0,0,0,0,0,0,0,166,166,0.00,0.00,0.00,0.00,1.00,0.00,0.00,93,70,0.75,0.02,0.01,0.00,0.00,0.00,0.00,0.00,normal,0,normal,20
1033,0,tcp,http,SF,327,1885,0,0,0,0,0,1,0,0,0,0,0,0,0,0,0,0,8,8,0.00,0.00,0.00,0.00,1.00,0.00,0.00,185,255,1.00,0.00,0.01,0.01,0.00,0.00,0.00,0.00,normal,0,normal,21
1353,0,tcp,http,SF,251,1955,0,0,0,0,0,1,0,0,0,0,0,0,0,0,0,0,1,1,0.00,0.00,0.00,0.00,1.00,0.00,0.00,255,255,1.00,0.00,0.00,0.00,0.00,0.00,0.00,0.00,normal,0,normal,21
10677,0,tcp,http,SF,224,4928,0,0,0,0,0,1,0,0,0,0,0,0,0,0,0,0,2,2,0.00,0.00,0.00,0.00,1.00,0.00,0.00,63,63,1.00,0.00,0.02,0.00,0.00,0.00,0.00,0.00,normal,0,normal,21
19856,0,tcp,finger,SF,9,140,0,0,0,0,0,0,0,0,0,0,0,0,0,0,0,0,1,1,0.00,0.00,0.00,0.00,1.00,0.00,0.00,109,8,0.07,0.05,0.01,0.00,0.00,0.00,0.00,0.00,normal,0,normal,21
16814,0,tcp,ftp_data,SF,12,0,0,0,0,0,0,0,0,0,0,0,0,0,0,0,0,0,1,1,0.00,0.00,0.00,0.00,1.00,0.00,0.00,5,11,1.00,0.00,1.00,0.27,0.00,0.00,0.00,0.00,r2l,0,warezmaster,15
9348,0,tcp,private,S0,0,0,0,0,0,0,0,0,0,0,0,0,0,0,0,0,0,0,100,4,0.04,0.75,0.96,0.25,0.04,0.07,0.00,255,4,0.02,0.06,0.00,0.00,0.02,0.75,0.98,0.25,dos,0,neptune,21
10220,0,tcp,http,SF,296,420,0,0,0,0,0,1,0,0,0,0,0,0,0,0,0,0,55,55,0.00,0.00,0.00,0.00,1.00,0.00,0.00,59,246,1.00,0.00,0.02,0.02,0.00,0.00,0.00,0.00,normal,0,normal,21
13123,0,tcp,http,SF,227,286,0,0,0,0,0,1,0,0,0,0,0,0,0,0,0,0,1,15,0.00,0.00,0.00,0.00,1.00,0.00,0.33,222,255,1.00,0.00,0.00,0.02,0.00,0.00,0.00,0.00,normal,0,normal,21
16938,0,tcp,private,SH,0,0,0,0,0,0,0,0,0,0,0,0,0,0,0,0,0,0,1,1,1.00,1.00,0.00,0.00,1.00,0.00,0.00,118,1,0.01,1.00,1.00,0.00,1.00,1.00,0.00,0.00,probe,0,nmap,18
8427,0,udp,domain_u,SF,43,43,0,0,0,0,0,0,0,0,0,0,0,0,0,0,0,0,129,129,0.00,0.00,0.00,0.00,1.00,0.00,0.00,255,254,1.00,0.01,0.00,0.00,0.00,0.00,0.00,0.00,normal,0,normal,18
8036,900,tcp,http,RSTR,77344,0,0,0,0,0,0,1,0,0,0,0,0,0,0,0,0,0,29,29,0.00,0.00,1.00,1.00,1.00,0.00,0.00,255,255,1.00,0.00,0.00,0.00,0.00,0.00,0.56,0.56,dos,1,apache2,14
19204,0,tcp,http,SF,302,313,0,0,0,0,0,1,0,0,0,0,0,0,0,0,0,0,22,33,0.00,0.00,0.00,0.00,1.00,0.00,0.06,255,255,1.00,0.00,0.00,0.00,0.00,0.00,0.00,0.00,normal,0,normal,21
20190,0,tcp,http,SF,294,10772,0,0,0,0,0,1,0,0,0,0,0,0,0,0,0,0,3,4,0.00,0.00,0.00,0.00,1.00,0.00,0.50,92,255,1.00,0.00,0.01,0.04,0.00,0.00,0.00,0.00,normal,0,normal,21
13454,0,tcp,http,SF,225,2464,0,0,0,0,0,1,0,0,0,0,0,0,0,0,0,0,4,4,0.00,0.00,0.00,0.00,1.00,0.00,0.00,38,255,1.00,0.00,0.03,0.01,0.00,0.00,0.00,0.00,normal,0,normal,21
5721,0,tcp,private,REJ,0,0,0,0,0,0,0,0,0,0,0,0,0,0,0,0,0,0,109,5,0.00,0.00,1.00,1.00,0.05,0.07,0.00,255,5,0.02,0.07,0.00,0.00,0.00,0.00,1.00,1.00,dos,0,neptune,21
1063,0,tcp,http,SF,296,6482,0,0,0,0,0,1,0,0,0,0,0,0,0,0,0,0,23,27,0.00,0.00,0.00,0.00,1.00,0.00,0.15,255,255,1.00,0.00,0.00,0.00,0.00,0.00,0.00,0.00,normal,0,normal,21
5609,0,tcp,uucp_path,REJ,0,0,0,0,0,0,0,0,0,0,0,0,0,0,0,0,0,0,252,7,0.00,0.00,1.00,1.00,0.03,0.06,0.00,255,7,0.03,0.07,0.00,0.00,0.00,0.00,1.00,1.00,dos,0,neptune,19
20657,0,tcp,http,SF,215,9412,0,0,0,0,0,1,0,0,0,0,0,0,0,0,0,0,12,12,0.00,0.00,0.00,0.00,1.00,0.00,0.00,255,255,1.00,0.00,0.00,0.00,0.00,0.00,0.00,0.00,normal,0,normal,21
16866,0,udp,private,SF,105,147,0,0,0,0,0,0,0,0,0,0,0,0,0,0,0,0,1,1,0.00,0.00,0.00,0.00,1.00,0.00,0.00,3,3,1.00,0.00,0.33,0.00,0.00,0.00,0.00,0.00,r2l,1,snmpgetattack,3
6847,0,tcp,http,SF,54540,8314,0,0,0,2,0,1,1,0,0,0,0,0,0,0,0,0,3,16,0.00,0.00,0.00,0.00,1.00,0.00,0.19,255,254,1.00,0.01,0.00,0.00,0.00,0.00,0.01,0.01,dos,0,back,14
9159,803,tcp,http,RSTR,75484,0,0,0,0,0,0,1,0,0,0,0,0,0,0,0,0,0,91,91,0.02,0.02,0.98,0.98,1.00,0.00,0.00,255,253,0.99,0.01,0.00,0.00,0.01,0.01,0.48,0.49,dos,1,apache2,14
1035,0,tcp,private,SH,0,0,0,0,0,0,0,0,0,0,0,0,0,0,0,0,0,0,1,1,1.00,1.00,0.00,0.00,1.00,0.00,0.00,181,1,0.01,0.99,0.99,0.00,0.99,1.00,0.00,0.00,probe,0,nmap,18
19868,0,tcp,private,S0,0,0,0,0,0,0,0,0,0,0,0,0,0,0,0,0,0,0,38,2,1.00,1.00,0.00,0.00,0.05,0.18,0.00,255,2,0.01,0.17,0.00,0.00,1.00,1.00,0.00,0.00,dos,0,neptune,21
7279,0,tcp,telnet,SF,21,97,0,0,0,0,0,0,0,0,0,0,0,0,0,0,0,0,4,15,0.00,0.13,0.75,0.73,0.50,0.75,0.80,255,38,0.15,0.02,0.00,0.00,0.00,0.00,0.22,0.50,probe,1,mscan,11
18915,0,tcp,netstat,REJ,0,0,0,0,0,0,0,0,0,0,0,0,0,0,0,0,0,0,104,1,0.00,0.00,1.00,1.00,0.01,0.08,0.00,255,1,0.00,0.06,0.00,0.00,0.00,0.00,1.00,1.00,dos,0,neptune,19
15081,0,tcp,private,REJ,0,0,0,0,0,0,0,0,0,0,0,0,0,0,0,0,0,0,251,16,0.00,0.00,1.00,1.00,0.06,0.07,0.00,255,16,0.06,0.08,0.00,0.00,0.00,0.00,1.00,1.00,dos,0,neptune,21
19286,0,tcp,ftp_data,SF,868,0,0,0,0,0,0,0,0,0,0,0,0,0,0,0,0,0,1,1,0.00,0.00,0.00,0.00,1.00,0.00,0.00,79,19,0.15,0.05,0.15,0.11,0.00,0.00,0.00,0.00,normal,0,normal,20
3326,0,tcp,http,SF,325,401,0,0,0,0,0,1,0,0,0,0,0,0,0,0,0,0,6,11,0.00,0.00,0.00,0.00,1.00,0.00,0.45,255,255,1.00,0.00,0.00,0.00,0.00,0.00,0.00,0.00,normal,0,normal,21
19540,0,tcp,http,SF,54540,8314,0,0,0,2,0,1,1,0,0,0,0,0,0,0,0,0,4,7,0.00,0.00,0.00,0.00,1.00,0.00,0.29,255,255,1.00,0.00,0.00,0.00,0.01,0.01,0.06,0.06,dos,0,back,15
3663,7260,tcp,telnet,SF,0,44,0,0,0,0,0,0,0,0,0,0,0,0,0,0,0,0,1,1,0.00,0.00,0.00,0.00,1.00,0.00,0.00,255,247,0.97,0.02,0.00,0.00,0.33,0.34,0.04,0.02,dos,1,processtable,18
2270,0,tcp,telnet,RSTO,0,12,0,0,0,0,0,0,0,0,0,0,0,0,0,0,0,0,4,24,0.00,0.21,0.75,0.54,0.50,0.75,0.83,255,14,0.05,0.02,0.00,0.00,0.00,0.00,0.08,0.50,probe,1,mscan,15
9315,0,tcp,http,SF,325,770,0,0,0,0,0,1,0,0,0,0,0,0,0,0,0,0,1,3,0.00,0.00,0.00,0.00,1.00,0.00,1.00,255,255,1.00,0.00,0.00,0.00,0.00,0.00,0.00,0.00,normal,0,normal,21
1939,0,tcp,http,SF,291,6699,0,0,0,0,0,1,0,0,0,0,0,0,0,0,0,0,19,19,0.00,0.00,0.00,0.00,1.00,0.00,0.00,44,255,1.00,0.00,0.02,0.02,0.02,0.00,0.00,0.00,normal,0,normal,21
3919,0,tcp,http,SF,207,1056,0,0,0,0,0,1,0,0,0,0,0,0,0,0,0,0,3,3,0.00,0.00,0.00,0.00,1.00,0.00,0.00,3,255,1.00,0.00,0.33,0.05,0.00,0.00,0.00,0.00,normal,0,normal,21
16108,0,tcp,imap4,RSTO,0,44,0,0,0,0,0,0,0,0,0,0,0,0,0,0,0,0,2,3,0.00,0.00,1.00,1.00,0.50,1.00,1.00,255,41,0.16,0.02,0.00,0.00,0.00,0.00,0.58,0.98,probe,1,mscan,13
7020,0,tcp,telnet,RSTO,0,0,0,0,0,0,0,0,0,0,0,0,0,0,0,0,0,0,198,2,0.00,0.00,1.00,1.00,0.01,0.07,0.00,255,2,0.01,0.07,0.00,0.00,0.00,0.00,1.00,1.00,dos,0,neptune,19
15693,0,tcp,http,SF,325,415,0,0,0,0,0,1,0,0,0,0,0,0,0,0,0,0,6,6,0.00,0.00,0.00,0.00,1.00,0.00,0.00,102,255,1.00,0.00,0.01,0.02,0.00,0.00,0.00,0.00,normal,0,normal,21
16347,0,tcp,http,SF,54540,8314,0,0,0,2,0,1,1,0,0,0,0,0,0,0,0,0,3,3,0.00,0.00,0.33,0.33,1.00,0.00,0.00,255,255,1.00,0.00,0.00,0.00,0.00,0.00,0.05,0.05,dos,0,back,16
15412,0,tcp,http,SF,208,3731,0,0,0,0,0,1,0,0,0,0,0,0,0,0,0,0,4,14,0.00,0.00,0.00,0.00,1.00,0.00,0.14,90,255,1.00,0.00,0.01,0.05,0.00,0.00,0.00,0.00,normal,0,normal,21
10568,5,tcp,pop_3,SF,28,93,0,0,0,0,0,1,0,0,0,0,0,0,0,0,0,0,1,1,0.00,0.00,0.00,0.00,1.00,0.00,0.00,255,248,0.97,0.01,0.00,0.00,0.00,0.00,0.01,0.00,r2l,0,guess_passwd,18
3237,0,udp,domain_u,SF,42,42,0,0,0,0,0,0,0,0,0,0,0,0,0,0,0,0,7,10,0.00,0.00,0.00,0.00,1.00,0.00,0.20,255,255,1.00,0.00,0.01,0.00,0.00,0.00,0.00,0.00,normal,0,normal,21
14795,0,tcp,smtp,SF,1902,285,0,0,0,0,0,1,0,0,0,0,0,0,0,0,0,0,1,1,0.00,0.00,0.00,0.00,1.00,0.00,0.00,168,157,0.64,0.04,0.01,0.01,0.00,0.00,0.00,0.00,normal,0,normal,21
10663,0,icmp,eco_i,SF,18,0,0,0,0,0,0,0,0,0,0,0,0,0,0,0,0,0,1,1,0.00,0.00,0.00,0.00,1.00,0.00,0.00,1,56,1.00,0.00,1.00,1.00,0.00,0.00,0.00,0.00,probe,0,ipsweep,18
10231,0,tcp,http,REJ,0,0,0,0,0,0,0,0,0,0,0,0,0,0,0,0,0,0,40,14,0.00,0.00,1.00,1.00,0.35,0.10,0.00,255,54,0.21,0.22,0.00,0.00,0.00,0.00,0.98,1.00,dos,0,neptune,17
14615,0,tcp,http,REJ,0,0,0,0,0,0,0,0,0,0,0,0,0,0,0,0,0,0,274,16,0.05,0.00,0.95,0.81,0.05,0.06,0.12,255,13,0.05,0.07,0.00,0.00,0.05,0.00,0.95,1.00,dos,0,neptune,20
22064,0,icmp,ecr_i,SF,1032,0,0,0,0,0,0,0,0,0,0,0,0,0,0,0,0,0,195,195,0.00,0.00,0.00,0.00,1.00,0.00,0.00,255,255,1.00,0.00,1.00,0.00,0.00,0.00,0.00,0.00,dos,0,smurf,18
5677,0,udp,private,SF,1,1,0,0,0,0,0,0,0,0,0,0,0,0,0,0,0,0,109,1,0.00,0.00,0.00,0.00,0.01,0.58,0.00,255,1,0.00,0.76,1.00,0.00,0.00,0.00,0.00,0.00,probe,0,satan,16
16069,0,tcp,http,SF,238,445,0,0,0,0,0,1,0,0,0,0,0,0,0,0,0,0,9,9,0.00,0.00,0.00,0.00,1.00,0.00,0.00,255,255,1.00,0.00,0.00,0.00,0.00,0.00,0.00,0.00,normal,0,normal,21
9931,0,tcp,telnet,S3,0,44,0,0,0,0,0,0,0,0,0,0,0,0,0,0,0,0,1,1,1.00,1.00,0.00,0.00,1.00,0.00,0.00,255,52,0.20,0.71,0.00,0.00,0.11,0.52,0.69,0.00,dos,1,processtable,17
5951,5,tcp,imap4,SF,0,0,0,0,0,0,0,0,0,0,0,0,0,0,0,0,0,0,2,2,0.00,0.00,0.50,0.50,0.50,1.00,1.00,26,58,0.19,0.19,0.04,0.03,0.00,0.02,0.15,0.90,probe,1,mscan,6
14451,0,tcp,http,SF,196,2094,0,0,0,0,0,1,0,0,0,0,0,0,0,0,0,0,4,5,0.00,0.00,0.00,0.00,1.00,0.00,0.40,19,251,1.00,0.00,0.05,0.04,0.00,0.00,0.00,0.00,normal,0,normal,21
16858,0,tcp,http,SF,216,760,0,0,0,0,0,1,0,0,0,0,0,0,0,0,0,0,21,24,0.00,0.00,0.00,0.00,1.00,0.00,0.08,255,255,1.00,0.00,0.00,0.00,0.00,0.00,0.00,0.00,normal,0,normal,21
6748,1,tcp,smtp,SF,745,332,0,0,0,0,0,1,0,0,0,0,0,0,0,0,0,0,1,3,0.00,0.00,0.00,0.00,1.00,0.00,1.00,183,114,0.62,0.03,0.01,0.00,0.00,0.00,0.00,0.00,normal,0,normal,21
5140,0,tcp,private,REJ,0,0,0,0,0,0,0,0,0,0,0,0,0,0,0,0,0,0,138,13,0.00,0.00,1.00,1.00,0.09,0.07,0.00,255,13,0.05,0.06,0.00,0.00,0.00,0.00,1.00,1.00,dos,0,neptune,21
14061,0,tcp,smtp,SF,1579,332,0,0,0,0,0,1,0,0,0,0,0,0,0,0,0,0,1,1,0.00,0.00,0.00,0.00,1.00,0.00,0.00,184,124,0.67,0.04,0.01,0.00,0.00,0.00,0.00,0.00,normal,0,normal,21
15830,0,tcp,http,SF,331,260,0,0,0,0,0,1,0,0,0,0,0,0,0,0,0,0,1,20,0.00,0.00,0.00,0.00,1.00,0.00,0.15,3,255,1.00,0.00,0.33,0.06,0.00,0.00,0.00,0.00,normal,0,normal,21
10004,0,tcp,domain,REJ,0,0,0,0,0,0,0,0,0,0,0,0,0,0,0,0,0,0,281,18,0.00,0.00,1.00,1.00,0.06,0.06,0.00,255,18,0.07,0.07,0.00,0.00,0.00,0.00,1.00,1.00,dos,0,neptune,20
18384,0,tcp,sunrpc,REJ,0,0,0,0,0,0,0,0,0,0,0,0,0,0,0,0,0,0,4,7,0.00,0.00,1.00,1.00,0.25,1.00,1.00,255,13,0.05,0.03,0.00,0.00,0.00,0.00,0.34,1.00,probe,1,mscan,14
17075,0,udp,private,SF,53,55,0,0,0,0,0,0,0,0,0,0,0,0,0,0,0,0,511,511,0.00,0.00,0.00,0.00,1.00,0.00,0.00,255,255,1.00,0.00,0.96,0.00,0.00,0.00,0.00,0.00,normal,0,normal,17
6867,0,tcp,iso_tsap,REJ,0,0,0,0,0,0,0,0,0,0,0,0,0,0,0,0,0,0,234,10,0.00,0.00,1.00,1.00,0.04,0.07,0.00,255,10,0.04,0.07,0.00,0.00,0.00,0.00,1.00,1.00,dos,0,neptune,18
14859,0,tcp,nnsp,REJ,0,0,0,0,0,0,0,0,0,0,0,0,0,0,0,0,0,0,101,18,0.00,0.00,1.00,1.00,0.18,0.07,0.00,255,18,0.07,0.05,0.00,0.00,0.00,0.00,1.00,1.00,dos,0,neptune,18
7275,0,tcp,ftp_data,SF,12,0,0,0,0,0,0,0,0,0,0,0,0,0,0,0,0,0,1,1,0.00,0.00,0.00,0.00,1.00,0.00,0.00,9,9,1.00,0.00,1.00,0.00,0.00,0.00,0.00,0.00,r2l,0,warezmaster,12
604,0,tcp,private,REJ,0,0,0,0,0,0,0,0,0,0,0,0,0,0,0,0,0,0,208,11,0.00,0.00,1.00,1.00,0.05,0.06,0.00,255,11,0.04,0.07,0.00,0.00,0.00,0.00,1.00,1.00,dos,0,neptune,21
22349,0,tcp,telnet,SF,122,174,0,0,0,0,1,0,0,0,0,0,0,0,0,0,0,0,1,1,0.00,0.00,0.00,0.00,1.00,0.00,0.00,255,248,0.97,0.01,0.00,0.00,0.00,0.00,0.02,0.02,r2l,0,guess_passwd,16
14581,0,tcp,http,SF,310,275,0,0,0,0,0,1,0,0,0,0,0,0,0,0,0,0,18,69,0.00,0.00,0.00,0.00,1.00,0.00,0.12,255,255,1.00,0.00,0.00,0.00,0.00,0.00,0.00,0.00,normal,0,normal,21
191,7510,tcp,telnet,SF,0,44,0,0,0,0,0,0,0,0,0,0,0,0,0,0,0,0,1,1,0.00,0.00,0.00,0.00,1.00,0.00,0.00,255,190,0.75,0.02,0.00,0.00,0.38,0.38,0.01,0.01,dos,1,processtable,18
3483,1,tcp,telnet,SF,6,54,0,0,0,0,0,0,0,0,0,0,0,0,0,0,0,0,4,5,0.00,0.00,0.50,0.80,0.50,0.75,0.80,255,5,0.02,0.78,0.00,0.00,0.00,0.00,0.03,0.40,probe,1,mscan,10
5987,0,udp,domain_u,SF,43,107,0,0,0,0,0,0,0,0,0,0,0,0,0,0,0,0,1,3,0.00,0.00,0.00,0.00,1.00,0.00,0.67,255,226,0.89,0.01,0.00,0.00,0.00,0.00,0.04,0.00,normal,0,normal,18
8590,0,icmp,ecr_i,SF,520,0,0,0,0,0,0,0,0,0,0,0,0,0,0,0,0,0,178,178,0.00,0.00,0.00,0.00,1.00,0.00,0.00,255,255,1.00,0.00,1.00,0.00,0.00,0.00,0.00,0.00,dos,0,smurf,18
17372,0,tcp,pop_3,SF,30,217,0,0,0,0,0,1,0,0,0,0,0,0,0,0,0,0,1,1,0.00,0.00,0.00,0.00,1.00,0.00,0.00,255,5,0.02,0.02,0.00,0.00,0.00,0.00,0.00,0.00,r2l,0,guess_passwd,4
20394,0,tcp,finger,RSTO,0,0,0,0,0,0,0,0,0,0,0,0,0,0,0,0,0,0,245,17,0.00,0.00,1.00,1.00,0.07,0.06,0.00,255,17,0.07,0.07,0.00,0.00,0.00,0.00,1.00,1.00,dos,0,neptune,20
13662,0,tcp,private,S0,0,0,0,0,0,0,0,0,0,0,0,0,0,0,0,0,0,0,39,3,1.00,1.00,0.00,0.00,0.08,0.21,0.00,255,3,0.01,0.17,0.00,0.00,1.00,1.00,0.00,0.00,dos,0,neptune,21
3379,281,tcp,ftp,SF,162,601,0,0,0,2,0,1,0,0,0,0,0,0,0,0,0,1,1,1,0.00,0.00,0.00,0.00,1.00,0.00,0.00,255,57,0.22,0.02,0.00,0.00,0.00,0.02,0.57,0.00,r2l,0,warezmaster,14
1461,0,tcp,other,RSTOS0,0,0,0,0,0,0,0,0,0,0,0,0,0,0,0,0,0,0,49,1,0.00,0.00,1.00,1.00,0.02,1.00,0.00,4,1,0.25,0.75,0.25,0.00,0.00,0.00,0.25,1.00,probe,0,satan,8
13213,0,tcp,http,SF,144,21408,0,0,0,0,0,1,0,0,0,0,0,0,0,0,0,0,1,2,0.00,0.00,0.00,0.00,1.00,0.00,1.00,66,255,1.00,0.00,0.02,0.02,0.00,0.00,0.00,0.00,normal,0,normal,21
3704,0,tcp,imap4,RSTO,0,44,0,0,0,0,0,0,0,0,0,0,0,0,0,0,0,0,3,1,0.00,0.00,0.67,1.00,0.33,1.00,0.00,255,21,0.08,0.02,0.00,0.00,0.00,0.00,0.32,0.95,probe,1,mscan,16
19009,5,tcp,pop_3,SF,28,93,0,0,0,0,0,1,0,0,0,0,0,0,0,0,0,0,1,1,0.00,0.00,0.00,0.00,1.00,0.00,0.00,255,255,1.00,0.00,0.00,0.00,0.00,0.00,0.00,0.00,r2l,0,guess_passwd,18
15727,0,tcp,http,SF,303,2507,0,0,0,0,0,1,0,0,0,0,0,0,0,0,0,0,3,3,0.00,0.00,0.00,0.00,1.00,0.00,0.00,255,227,0.89,0.01,0.00,0.00,0.00,0.00,0.03,0.00,normal,0,normal,18
20755,0,tcp,private,REJ,0,0,0,0,0,0,0,0,0,0,0,0,0,0,0,0,0,0,106,10,0.00,0.00,1.00,1.00,0.09,0.08,0.00,255,10,0.04,0.07,0.00,0.00,0.00,0.00,1.00,1.00,dos,0,neptune,21
14938,0,tcp,imap4,SF,0,44,0,0,0,0,0,0,0,0,0,0,0,0,0,0,0,0,4,7,0.00,0.00,0.75,0.43,0.25,1.00,1.00,202,58,0.23,0.02,0.00,0.03,0.00,0.00,0.88,0.97,probe,1,mscan,12
18927,280,tcp,ftp_data,SF,283618,0,0,0,0,0,0,0,0,0,0,0,0,0,0,0,0,0,1,1,0.00,0.00,0.00,0.00,1.00,0.00,0.00,7,15,1.00,0.00,1.00,0.13,0.00,0.00,0.00,0.00,r2l,0,warezmaster,16
1697,0,tcp,http,SF,227,12825,0,0,0,0,0,1,0,0,0,0,0,0,0,0,0,0,10,11,0.00,0.00,0.00,0.00,1.00,0.00,0.18,125,255,1.00,0.00,0.01,0.02,0.00,0.00,0.00,0.00,normal,0,normal,21
4312,0,tcp,private,S0,0,0,0,0,0,0,0,0,0,0,0,0,0,0,0,0,0,0,159,3,1.00,1.00,0.00,0.00,0.02,0.10,0.00,255,3,0.01,0.10,0.00,0.00,1.00,1.00,0.00,0.00,dos,0,neptune,21
19776,0,udp,private,SF,105,146,0,0,0,0,0,0,0,0,0,0,0,0,0,0,0,0,1,1,0.00,0.00,0.00,0.00,1.00,0.00,0.00,183,183,1.00,0.00,0.01,0.00,0.00,0.00,0.00,0.00,r2l,1,snmpgetattack,2
2568,0,tcp,http,SF,332,1379,0,0,0,0,0,1,0,0,0,0,0,0,0,0,0,0,4,12,0.00,0.00,0.00,0.00,1.00,0.00,0.25,58,255,1.00,0.00,0.02,0.01,0.02,0.00,0.00,0.00,normal,0,normal,21
2064,280,tcp,ftp_data,SF,283618,0,0,0,0,0,0,0,0,0,0,0,0,0,0,0,0,0,2,2,0.00,0.00,0.00,0.00,1.00,0.00,0.00,29,6,0.21,0.07,0.21,0.00,0.00,0.00,0.00,0.00,r2l,0,warezmaster,3
10274,0,udp,other,SF,1,1,0,0,0,0,0,0,0,0,0,0,0,0,0,0,0,0,25,1,0.00,0.00,0.00,0.00,0.04,1.00,0.00,255,1,0.00,0.44,1.00,0.00,0.00,0.00,0.00,0.00,probe,0,satan,19
16454,0,udp,private,SF,47,0,0,0,0,0,0,0,0,0,0,0,0,0,0,0,0,0,3,3,0.00,0.00,0.00,0.00,1.00,0.00,0.00,255,253,0.99,0.01,0.02,0.00,0.00,0.00,0.00,0.00,r2l,1,snmpguess,14
15277,0,udp,private,SF,54,51,0,0,0,0,0,0,0,0,0,0,0,0,0,0,0,0,466,466,0.00,0.00,0.00,0.00,1.00,0.00,0.00,255,255,1.00,0.00,1.00,0.00,0.00,0.00,0.00,0.00,normal,0,normal,17
21898,1,tcp,smtp,SF,736,330,0,0,0,0,0,1,0,0,0,0,0,0,0,0,0,0,1,2,0.00,0.00,0.00,0.00,1.00,0.00,1.00,73,117,0.81,0.05,0.01,0.02,0.00,0.00,0.00,0.00,normal,0,normal,21
5877,0,tcp,http,SF,196,631,0,0,0,0,0,1,0,0,0,0,0,0,0,0,0,0,14,17,0.00,0.00,0.00,0.00,1.00,0.00,0.12,199,255,1.00,0.00,0.01,0.02,0.00,0.00,0.00,0.00,normal,0,normal,21
2415,0,tcp,http,SF,297,714,0,0,0,0,0,1,0,0,0,0,0,0,0,0,0,0,4,12,0.00,0.00,0.00,0.00,1.00,0.00,0.25,113,255,1.00,0.00,0.01,0.03,0.00,0.00,0.00,0.00,normal,0,normal,21
14690,1,tcp,imap4,RSTO,0,44,0,0,0,0,0,0,0,0,0,0,0,0,0,0,0,0,2,4,0.00,0.00,1.00,1.00,0.50,1.00,1.00,255,52,0.20,0.02,0.00,0.00,0.00,0.00,0.78,0.98,probe,1,mscan,13
11521,0,tcp,private,REJ,0,0,0,0,0,0,0,0,0,0,0,0,0,0,0,0,0,0,103,7,0.00,0.00,1.00,1.00,0.07,0.06,0.00,54,7,0.13,0.07,0.02,0.00,0.00,0.00,1.00,1.00,dos,0,neptune,15
5890,0,tcp,http,SF,291,684,0,0,0,0,0,1,0,0,0,0,0,0,0,0,0,0,6,6,0.00,0.00,0.00,0.00,1.00,0.00,0.00,6,255,1.00,0.00,0.17,0.09,0.00,0.00,0.00,0.00,normal,0,normal,21
17460,0,tcp,http,SF,223,9533,0,0,0,0,0,1,0,0,0,0,0,0,0,0,0,0,3,5,0.00,0.00,0.00,0.00,1.00,0.00,0.40,7,255,1.00,0.00,0.14,0.01,0.00,0.00,0.00,0.00,normal,0,normal,21
10547,0,tcp,http,SF,151,429,0,0,0,0,0,1,0,0,0,0,0,0,0,0,0,0,1,14,0.00,0.00,0.00,0.00,1.00,0.00,0.21,17,255,1.00,0.00,0.06,0.09,0.00,0.00,0.00,0.00,normal,0,normal,21
1858,0,tcp,http,SF,171,405,0,0,0,0,0,1,0,0,0,0,0,0,0,0,0,0,1,1,0.00,0.00,0.00,0.00,1.00,0.00,0.00,42,255,1.00,0.00,0.02,0.05,0.00,0.00,0.00,0.00,normal,0,normal,21
18126,4,tcp,pop_3,SF,30,93,0,0,0,0,0,1,0,0,0,0,0,0,0,0,0,0,1,2,0.00,0.00,0.00,0.00,1.00,0.00,1.00,255,248,0.97,0.01,0.00,0.00,0.00,0.00,0.01,0.00,r2l,0,guess_passwd,16
18512,0,tcp,http,SF,262,12170,0,0,0,0,0,1,0,0,0,0,0,0,0,0,0,0,3,3,0.00,0.00,0.00,0.00,1.00,0.00,0.00,9,255,1.00,0.00,0.11,0.06,0.00,0.00,0.00,0.00,normal,0,normal,21
10799,0,tcp,private,REJ,0,0,0,0,0,0,0,0,0,0,0,0,0,0,0,0,0,0,192,1,0.00,0.00,1.00,1.00,0.01,0.07,0.00,78,1,0.01,0.12,0.01,0.00,0.00,0.00,1.00,1.00,dos,0,neptune,18
18932,0,tcp,finger,S0,0,0,0,0,0,0,0,0,0,0,0,0,0,0,0,0,0,0,129,17,0.10,0.76,0.90,0.24,0.13,0.05,0.00,255,17,0.07,0.05,0.00,0.00,0.05,0.76,0.95,0.24,dos,0,neptune,21
8405,0,tcp,ftp_data,SF,8173,0,0,0,0,0,0,0,0,0,0,0,0,0,0,0,0,0,5,6,0.00,0.00,0.00,0.00,1.00,0.00,0.33,45,21,0.38,0.07,0.38,0.10,0.00,0.00,0.00,0.00,normal,0,normal,21
1399,4,tcp,pop_3,SF,32,93,0,0,0,0,0,1,0,0,0,0,0,0,0,0,0,0,1,1,0.00,0.00,0.00,0.00,1.00,0.00,0.00,255,200,0.78,0.02,0.00,0.00,0.00,0.00,0.07,0.00,r2l,0,guess_passwd,16
15606,0,tcp,http,SF,230,1412,0,0,0,0,0,1,0,0,0,0,0,0,0,0,0,0,3,3,0.00,0.00,0.00,0.00,1.00,0.00,0.00,41,102,1.00,0.00,0.02,0.05,0.00,0.00,0.00,0.00,normal,0,normal,21
15121,0,tcp,private,REJ,0,0,0,0,0,0,0,0,0,0,0,0,0,0,0,0,0,0,132,4,0.00,0.00,1.00,1.00,0.03,0.07,0.00,255,4,0.02,0.06,0.00,0.00,0.00,0.00,1.00,1.00,dos,0,neptune,21
8330,4,tcp,pop_3,SF,32,93,0,0,0,0,0,1,0,0,0,0,0,0,0,0,0,0,1,1,0.00,0.00,0.00,0.00,1.00,0.00,0.00,255,226,0.89,0.02,0.00,0.00,0.00,0.00,0.06,0.00,r2l,0,guess_passwd,17
17434,0,tcp,http,SF,341,5320,0,0,0,0,0,1,0,0,0,0,0,0,0,0,0,0,19,19,0.00,0.00,0.00,0.00,1.00,0.00,0.00,124,255,1.00,0.00,0.01,0.03,0.00,0.00,0.00,0.00,normal,0,normal,21
492,0,tcp,sunrpc,RSTO,0,0,0,0,0,0,0,0,0,0,0,0,0,0,0,0,0,0,234,4,0.00,0.00,1.00,1.00,0.02,0.07,0.00,255,4,0.02,0.07,0.00,0.00,0.00,0.00,1.00,1.00,dos,0,neptune,20
2049,0,tcp,http,SF,226,916,0,0,0,0,0,1,0,0,0,0,0,0,0,0,0,0,6,6,0.00,0.00,0.00,0.00,1.00,0.00,0.00,6,236,1.00,0.00,0.17,0.03,0.00,0.00,0.00,0.00,normal,0,normal,21
13255,0,tcp,http,SF,181,1081,0,0,0,0,0,1,0,0,0,0,0,0,0,0,0,0,4,6,0.00,0.00,0.00,0.00,1.00,0.00,0.33,58,255,1.00,0.00,0.02,0.02,0.00,0.00,0.00,0.00,normal,0,normal,21
15492,0,tcp,http,SF,341,546,0,0,0,0,0,1,0,0,0,0,0,0,0,0,0,0,3,6,0.00,0.00,0.00,0.00,1.00,0.00,0.67,255,255,1.00,0.00,0.00,0.00,0.00,0.00,0.00,0.00,normal,0,normal,21
7202,0,tcp,http,SF,190,299,0,0,0,0,0,1,0,0,0,0,0,0,0,0,0,0,12,24,0.00,0.00,0.00,0.00,1.00,0.00,0.12,255,255,1.00,0.00,0.00,0.00,0.00,0.00,0.00,0.00,normal,0,normal,21
20827,0,tcp,http,SF,220,182,0,0,0,0,0,1,0,0,0,0,0,0,0,0,0,0,2,3,0.00,0.00,0.00,0.00,1.00,0.00,0.67,255,255,1.00,0.00,0.00,0.00,0.00,0.00,0.00,0.00,normal,0,normal,21
9752,0,tcp,telnet,SF,121,174,0,0,0,0,1,0,0,0,0,0,0,0,0,0,0,0,1,1,0.00,0.00,0.00,0.00,1.00,0.00,0.00,255,51,0.20,0.02,0.00,0.00,0.00,0.00,0.01,0.04,r2l,0,guess_passwd,11
4264,0,tcp,http,SF,356,544,0,0,0,0,0,1,0,0,0,0,0,0,0,0,0,0,1,2,0.00,0.00,0.00,0.00,1.00,0.00,1.00,35,255,1.00,0.00,0.06,0.02,0.00,0.00,0.00,0.00,normal,0,normal,21
12320,0,tcp,http,SF,263,630,0,0,0,0,0,1,0,0,0,0,0,0,0,0,0,0,1,1,0.00,0.00,0.00,0.00,1.00,0.00,0.00,216,166,0.77,0.03,0.00,0.00,0.00,0.00,0.02,0.00,normal,0,normal,21
20373,0,tcp,http,SF,234,15117,0,0,0,0,0,1,0,0,0,0,0,0,0,0,0,0,1,1,0.00,0.00,0.00,0.00,1.00,0.00,0.00,255,255,1.00,0.00,0.00,0.00,0.00,0.00,0.00,0.00,normal,0,normal,21
15451,0,tcp,http,SF,383,2887,0,0,0,0,0,1,0,0,0,0,0,0,0,0,0,0,5,5,0.00,0.00,0.00,0.00,1.00,0.00,0.00,255,255,1.00,0.00,0.00,0.00,0.00,0.00,0.00,0.00,normal,0,normal,21
1383,0,udp,private,SF,43,0,0,0,0,0,0,0,0,0,0,0,0,0,0,0,0,0,6,6,0.00,0.00,0.00,0.00,1.00,0.00,0.00,255,254,1.00,0.01,0.01,0.00,0.00,0.00,0.00,0.00,r2l,1,snmpguess,14
12123,0,tcp,private,SH,0,0,0,0,0,0,0,0,0,0,0,0,0,0,0,0,0,0,1,1,1.00,1.00,0.00,0.00,1.00,0.00,0.00,87,1,0.01,1.00,1.00,0.00,1.00,1.00,0.00,0.00,probe,0,nmap,18
17402,0,tcp,telnet,RSTO,0,3,0,0,0,0,0,0,0,0,0,0,0,0,0,0,0,0,1,24,0.00,0.08,1.00,0.79,1.00,0.00,0.83,255,10,0.04,0.73,0.00,0.00,0.00,0.00,0.05,0.50,probe,1,mscan,13
12642,0,tcp,http,SF,222,392,0,0,0,0,0,1,0,0,0,0,0,0,0,0,0,0,10,24,0.00,0.00,0.00,0.00,1.00,0.00,0.17,11,255,1.00,0.00,0.09,0.02,0.00,0.00,0.00,0.00,normal,0,normal,21
16971,0,tcp,klogin,REJ,0,0,0,0,0,0,0,0,0,0,0,0,0,0,0,0,0,0,127,2,0.00,0.00,1.00,1.00,0.02,0.07,0.00,255,2,0.01,0.06,0.00,0.00,0.00,0.00,1.00,1.00,dos,0,neptune,19
17071,0,tcp,other,REJ,0,0,0,0,0,0,0,0,0,0,0,0,0,0,0,0,0,0,1,1,0.00,0.00,1.00,1.00,1.00,0.00,0.00,255,14,0.05,0.02,0.00,0.00,0.00,0.00,0.05,1.00,u2r,1,httptunnel,17
8553,0,tcp,http,SF,211,2614,0,0,0,0,0,1,0,0,0,0,0,0,0,0,0,0,3,38,0.00,0.00,0.00,0.00,1.00,0.00,0.05,142,255,1.00,0.00,0.01,0.04,0.00,0.00,0.00,0.00,normal,0,normal,21
2614,0,tcp,gopher,REJ,0,0,0,0,0,0,0,0,0,0,0,0,0,0,0,0,0,0,263,16,0.02,0.00,0.98,1.00,0.06,0.06,0.00,255,16,0.06,0.07,0.00,0.00,0.02,0.00,0.98,1.00,dos,0,neptune,20
8797,0,tcp,private,REJ,0,0,0,0,0,0,0,0,0,0,0,0,0,0,0,0,0,0,193,2,0.00,0.00,1.00,1.00,0.01,0.08,0.00,255,2,0.01,0.07,0.00,0.00,0.00,0.00,1.00,1.00,dos,0,neptune,21
1072,0,tcp,private,REJ,0,0,0,0,0,0,0,0,0,0,0,0,0,0,0,0,0,0,232,11,0.00,0.00,1.00,1.00,0.05,0.07,0.00,255,11,0.04,0.08,0.00,0.00,0.00,0.00,1.00,1.00,dos,0,neptune,21
18298,0,tcp,http,S0,0,0,0,0,0,0,0,0,0,0,0,0,0,0,0,0,0,0,24,9,1.00,1.00,0.00,0.00,0.38,0.17,0.00,255,65,0.25,0.02,0.01,0.00,0.98,1.00,0.00,0.00,dos,0,neptune,19
16400,0,tcp,ftp,SF,26,157,0,0,0,0,1,0,0,0,0,0,0,0,0,0,0,1,1,1,0.00,0.00,0.00,0.00,1.00,0.00,0.00,169,80,0.47,0.03,0.01,0.00,0.00,0.00,0.00,0.00,r2l,0,guess_passwd,7
21648,0,udp,private,SF,1,0,0,0,0,0,0,0,0,0,0,0,0,0,0,0,0,0,26,15,0.00,0.00,0.00,0.00,0.58,0.15,0.00,255,15,0.06,0.48,1.00,0.00,0.00,0.00,0.00,0.00,probe,0,satan,18
8084,0,tcp,http,SF,323,396,0,0,0,0,0,1,0,0,0,0,0,0,0,0,0,0,6,39,0.00,0.00,0.00,0.00,1.00,0.00,0.10,17,231,1.00,0.00,0.06,0.04,0.00,0.00,0.00,0.00,normal,0,normal,21
12932,0,tcp,http,SF,208,999,0,0,0,0,0,1,0,0,0,0,0,0,0,0,0,0,21,21,0.00,0.00,0.00,0.00,1.00,0.00,0.00,147,255,1.00,0.00,0.01,0.01,0.00,0.00,0.00,0.00,normal,0,normal,21
10158,0,udp,domain_u,SF,45,135,0,0,0,0,0,0,0,0,0,0,0,0,0,0,0,0,67,146,0.00,0.00,0.00,0.00,1.00,0.00,0.01,255,255,1.00,0.00,0.00,0.00,0.00,0.00,0.00,0.00,normal,0,normal,20
7921,0,udp,private,SF,1,0,0,0,0,0,0,0,0,0,0,0,0,0,0,0,0,0,123,15,0.00,0.00,0.00,0.00,0.12,0.80,0.00,255,15,0.06,0.93,1.00,0.00,0.00,0.00,0.00,0.00,normal,0,normal,4
17231,0,udp,domain_u,SF,45,72,0,0,0,0,0,0,0,0,0,0,0,0,0,0,0,0,238,236,0.00,0.00,0.00,0.00,0.99,0.01,0.00,255,254,1.00,0.01,0.00,0.00,0.00,0.00,0.00,0.00,normal,0,normal,18
17290,907,tcp,http,RSTR,78404,0,0,0,0,0,0,1,0,0,0,0,0,0,0,0,0,0,20,20,0.00,0.00,1.00,1.00,1.00,0.00,0.00,255,255,1.00,0.00,0.00,0.00,0.00,0.00,0.49,0.49,dos,1,apache2,15
12547,281,tcp,ftp,SF,162,599,0,0,0,2,0,1,0,0,0,0,0,0,0,0,0,1,1,1,0.00,0.00,0.00,0.00,1.00,0.00,0.00,255,6,0.02,0.02,0.00,0.00,0.91,0.00,0.01,0.00,r2l,0,warezmaster,15
7277,0,tcp,iso_tsap,S0,0,0,0,0,0,0,0,0,0,0,0,0,0,0,0,0,0,0,280,10,1.00,1.00,0.00,0.00,0.04,0.06,0.00,255,10,0.04,0.06,0.00,0.00,1.00,1.00,0.00,0.00,dos,0,neptune,20
12264,0,tcp,private,S0,0,0,0,0,0,0,0,0,0,0,0,0,0,0,0,0,0,0,107,13,1.00,1.00,0.00,0.00,0.12,0.07,0.00,255,13,0.05,0.06,0.00,0.00,1.00,1.00,0.00,0.00,dos,0,neptune,21
529,2,tcp,smtp,SF,1397,338,0,0,0,0,0,1,0,0,0,0,0,0,0,0,0,0,1,3,0.00,0.00,0.00,0.00,1.00,0.00,1.00,193,122,0.63,0.08,0.01,0.00,0.00,0.00,0.02,0.00,normal,0,normal,21
8421,0,tcp,private,REJ,0,0,0,0,0,0,0,0,0,0,0,0,0,0,0,0,0,0,237,7,0.05,0.00,0.95,1.00,0.03,0.07,0.00,255,7,0.03,0.08,0.00,0.00,0.05,0.00,0.95,1.00,dos,0,neptune,21
14270,0,tcp,http,SF,209,5888,0,0,0,0,0,1,0,0,0,0,0,0,0,0,0,0,8,9,0.00,0.00,0.00,0.00,1.00,0.00,0.22,101,255,1.00,0.00,0.01,0.02,0.00,0.00,0.00,0.00,normal,0,normal,21
11362,0,tcp,ftp,S1,151,552,0,0,0,2,0,1,0,0,0,0,0,0,0,0,0,1,1,1,1.00,1.00,0.00,0.00,1.00,0.00,0.00,255,57,0.22,0.02,0.00,0.00,0.00,0.02,0.60,0.00,r2l,0,warezmaster,13
16744,0,tcp,http,SF,162,2512,0,0,0,0,0,1,0,0,0,0,0,0,0,0,0,0,25,29,0.00,0.00,0.00,0.00,1.00,0.00,0.07,26,144,1.00,0.00,0.04,0.06,0.00,0.00,0.00,0.00,normal,0,normal,21
4100,0,tcp,private,REJ,0,0,0,0,0,0,0,0,0,0,0,0,0,0,0,0,0,0,272,20,0.00,0.00,1.00,1.00,0.07,0.07,0.00,255,20,0.08,0.07,0.00,0.00,0.00,0.00,1.00,1.00,dos,0,neptune,21
5535,796,tcp,http,RSTR,62344,0,0,0,0,0,0,1,0,0,0,0,0,0,0,0,0,0,66,66,0.03,0.03,0.97,0.97,1.00,0.00,0.00,255,253,0.99,0.01,0.00,0.00,0.01,0.01,0.32,0.32,dos,1,apache2,15
6685,0,udp,private,SF,53,52,0,0,0,0,0,0,0,0,0,0,0,0,0,0,0,0,508,508,0.00,0.00,0.00,0.00,1.00,0.00,0.00,255,255,1.00,0.00,1.00,0.00,0.00,0.00,0.00,0.00,normal,0,normal,17
21015,0,tcp,http,SF,54540,8314,0,0,0,2,0,1,1,0,0,0,0,0,0,0,0,0,4,18,0.00,0.00,0.00,0.00,1.00,0.00,0.11,255,255,1.00,0.00,0.00,0.00,0.01,0.01,0.05,0.05,dos,0,back,11
19060,0,tcp,private,S0,0,0,0,0,0,0,0,0,0,0,0,0,0,0,0,0,0,0,274,12,0.09,0.75,0.91,0.25,0.04,0.06,0.00,255,12,0.05,0.06,0.00,0.00,0.10,0.75,0.90,0.25,dos,0,neptune,21
116,0,tcp,http,SF,321,372,0,0,0,0,0,1,0,0,0,0,0,0,0,0,0,0,16,17,0.00,0.00,0.00,0.00,1.00,0.00,0.12,255,255,1.00,0.00,0.00,0.00,0.00,0.00,0.00,0.00,normal,0,normal,21
16706,280,tcp,ftp_data,SF,283618,0,0,0,0,0,0,0,0,0,0,0,0,0,0,0,0,0,2,2,0.00,0.00,0.00,0.00,1.00,0.00,0.00,9,16,0.89,0.22,0.89,0.12,0.00,0.00,0.00,0.00,r2l,0,warezmaster,7
2356,0,udp,private,SF,47,44,0,0,0,0,0,0,0,0,0,0,0,0,0,0,0,0,140,140,0.00,0.00,0.00,0.00,1.00,0.00,0.00,255,255,1.00,0.00,0.55,0.00,0.00,0.00,0.00,0.00,normal,0,normal,14
12709,0,udp,private,SF,105,146,0,0,0,0,0,0,0,0,0,0,0,0,0,0,0,0,1,1,0.00,0.00,0.00,0.00,1.00,0.00,0.00,180,178,0.99,0.01,0.01,0.00,0.00,0.00,0.00,0.00,normal,0,normal,19
18572,0,tcp,private,REJ,0,0,0,0,0,0,0,0,0,0,0,0,0,0,0,0,0,0,248,11,0.00,0.00,1.00,1.00,0.04,0.07,0.00,255,11,0.04,0.07,0.00,0.00,0.00,0.00,1.00,1.00,dos,0,neptune,21
19381,0,tcp,http,SF,236,20632,0,0,0,0,0,1,0,0,0,0,0,0,0,0,0,0,1,1,0.00,0.00,0.00,0.00,1.00,0.00,0.00,255,255,1.00,0.00,0.00,0.00,0.00,0.00,0.00,0.00,normal,0,normal,21
12566,0,tcp,telnet,SF,120,174,0,0,0,0,1,0,0,0,0,0,0,0,0,0,0,0,1,1,0.00,0.00,0.00,0.00,1.00,0.00,0.00,255,110,0.43,0.02,0.00,0.00,0.00,0.00,0.01,0.03,r2l,0,guess_passwd,11
8792,0,tcp,http,SF,347,908,0,0,0,0,0,1,0,0,0,0,0,0,0,0,0,0,16,17,0.00,0.00,0.00,0.00,1.00,0.00,0.12,255,255,1.00,0.00,0.00,0.00,0.00,0.00,0.00,0.00,normal,0,normal,21
16906,0,tcp,http,SF,289,1340,0,0,0,0,0,1,0,0,0,0,0,0,0,0,0,0,5,7,0.00,0.00,0.00,0.00,1.00,0.00,0.29,5,255,1.00,0.00,0.20,0.04,0.00,0.00,0.00,0.00,normal,0,normal,21
6608,0,tcp,telnet,S3,0,44,0,0,0,0,0,0,0,0,0,0,0,0,0,0,0,0,1,1,1.00,1.00,0.00,0.00,1.00,0.00,0.00,255,73,0.29,0.64,0.00,0.00,0.19,0.66,0.62,0.00,dos,1,processtable,18
18640,7633,tcp,telnet,SF,0,44,0,0,0,0,0,0,0,0,0,0,0,0,0,0,0,0,1,1,0.00,0.00,0.00,0.00,1.00,0.00,0.00,255,170,0.67,0.02,0.00,0.00,0.48,0.46,0.01,0.01,dos,1,processtable,18
2708,0,tcp,private,REJ,0,0,0,0,0,0,0,0,0,0,0,0,0,0,0,0,0,0,135,10,0.00,0.00,1.00,1.00,0.07,0.07,0.00,255,10,0.04,0.06,0.00,0.00,0.00,0.00,1.00,1.00,dos,0,neptune,21
17862,0,tcp,http,REJ,0,0,0,0,0,0,0,0,0,0,0,0,0,0,0,0,0,0,1,1,0.00,0.00,1.00,1.00,1.00,0.00,0.00,255,29,0.11,0.55,0.00,0.00,0.00,0.00,0.11,1.00,normal,0,normal,15
18127,0,tcp,http_443,REJ,0,0,0,0,0,0,0,0,0,0,0,0,0,0,0,0,0,0,110,1,0.00,0.00,1.00,1.00,0.01,0.07,0.00,255,1,0.00,0.06,0.00,0.00,0.00,0.00,1.00,1.00,dos,0,neptune,19
8363,0,tcp,private,OTH,0,0,0,0,0,0,0,0,0,0,0,0,0,0,0,0,0,0,1,1,0.00,0.00,0.00,0.00,1.00,0.00,0.00,255,1,0.00,0.87,0.85,0.00,0.00,0.00,0.85,0.00,probe,0,portsweep,14
3465,0,tcp,gopher,REJ,0,0,0,0,0,0,0,0,0,0,0,0,0,0,0,0,0,0,244,9,0.00,0.00,1.00,1.00,0.04,0.07,0.00,255,9,0.04,0.07,0.00,0.00,0.00,0.00,1.00,1.00,dos,0,neptune,20
5519,0,udp,domain_u,SF,46,81,0,0,0,0,0,0,0,0,0,0,0,0,0,0,0,0,182,182,0.00,0.00,0.00,0.00,1.00,0.00,0.00,255,255,1.00,0.00,0.01,0.00,0.00,0.00,0.00,0.00,normal,0,normal,18
235,0,icmp,ecr_i,SF,1480,0,0,1,0,0,0,0,0,0,0,0,0,0,0,0,0,0,1,3,0.00,0.00,0.00,0.00,1.00,0.00,0.67,1,39,1.00,0.00,1.00,0.51,0.00,0.00,0.00,0.00,dos,0,pod,15
9984,0,tcp,http,SF,310,5028,0,0,0,0,0,1,0,0,0,0,0,0,0,0,0,0,1,7,0.00,0.00,0.00,0.00,1.00,0.00,0.29,70,255,1.00,0.00,0.01,0.01,0.00,0.00,0.00,0.00,normal,0,normal,21
13668,0,tcp,smtp,SF,747,334,0,0,0,0,0,1,0,0,0,0,0,0,0,0,0,0,1,1,0.00,0.00,0.00,0.00,1.00,0.00,0.00,229,148,0.59,0.03,0.00,0.01,0.00,0.00,0.00,0.00,normal,0,normal,21
3605,0,tcp,http,SF,311,487,0,0,0,0,0,1,0,0,0,0,0,0,0,0,0,0,3,3,0.00,0.00,0.00,0.00,1.00,0.00,0.00,64,255,1.00,0.00,0.02,0.04,0.00,0.00,0.00,0.00,normal,0,normal,21
8376,0,udp,other,SF,1,1,0,0,0,0,0,0,0,0,0,0,0,0,0,0,0,0,510,1,0.00,0.00,0.00,0.00,0.00,0.98,0.00,255,1,0.00,0.96,1.00,0.00,0.00,0.00,0.00,0.00,probe,0,satan,20
10497,0,tcp,gopher,REJ,0,0,0,0,0,0,0,0,0,0,0,0,0,0,0,0,0,0,272,5,0.00,0.00,1.00,1.00,0.02,0.06,0.00,255,5,0.02,0.06,0.00,0.00,0.00,0.00,1.00,1.00,dos,0,neptune,19
80,0,tcp,private,REJ,0,0,0,0,0,0,0,0,0,0,0,0,0,0,0,0,0,0,267,19,0.01,0.00,0.99,1.00,0.07,0.06,0.00,255,19,0.07,0.06,0.00,0.00,0.01,0.00,0.99,1.00,dos,0,neptune,21
6563,0,tcp,private,S0,0,0,0,0,0,0,0,0,0,0,0,0,0,0,0,0,0,0,230,16,1.00,1.00,0.00,0.00,0.07,0.06,0.00,255,16,0.06,0.07,0.00,0.00,1.00,1.00,0.00,0.00,dos,0,neptune,21
10177,0,udp,private,SF,49,0,0,0,0,0,0,0,0,0,0,0,0,0,0,0,0,0,5,5,0.00,0.00,0.00,0.00,1.00,0.00,0.00,255,255,1.00,0.00,0.01,0.00,0.00,0.00,0.00,0.00,r2l,1,snmpguess,15
22143,0,tcp,private,REJ,0,0,0,0,0,0,0,0,0,0,0,0,0,0,0,0,0,0,216,19,0.00,0.00,1.00,1.00,0.09,0.06,0.00,255,19,0.07,0.07,0.00,0.00,0.00,0.00,1.00,1.00,dos,0,neptune,21
11583,0,tcp,ftp_data,SF,93238,0,0,0,0,0,0,0,0,0,0,0,0,0,0,0,0,0,15,15,0.00,0.00,0.00,0.00,1.00,0.00,0.00,255,52,0.20,0.03,0.20,0.00,0.00,0.00,0.00,0.00,normal,0,normal,20
20310,0,tcp,telnet,S0,0,0,0,0,0,0,0,0,0,0,0,0,0,0,0,0,0,0,120,120,1.00,1.00,0.00,0.00,1.00,0.00,0.00,255,255,1.00,0.00,0.00,0.00,1.00,1.00,0.00,0.00,dos,0,neptune,19
7339,805,tcp,http,RSTR,60884,1,0,0,0,0,0,1,0,0,0,0,0,0,0,0,0,0,50,50,0.00,0.00,1.00,1.00,1.00,0.00,0.00,255,253,0.99,0.01,0.00,0.00,0.00,0.00,0.27,0.27,dos,1,apache2,15
7117,0,tcp,http,SF,213,645,0,0,0,0,0,1,0,0,0,0,0,0,0,0,0,0,24,24,0.00,0.00,0.00,0.00,1.00,0.00,0.00,255,255,1.00,0.00,0.00,0.00,0.01,0.01,0.00,0.00,normal,0,normal,21
1807,0,tcp,private,S0,0,0,0,0,0,0,0,0,0,0,0,0,0,0,0,0,0,0,128,20,1.00,1.00,0.00,0.00,0.16,0.06,0.00,255,20,0.08,0.06,0.00,0.00,1.00,1.00,0.00,0.00,dos,0,neptune,21
4947,0,tcp,telnet,S3,0,44,0,0,0,0,0,0,0,0,0,0,0,0,0,0,0,0,1,1,1.00,1.00,0.00,0.00,1.00,0.00,0.00,255,144,0.56,0.03,0.00,0.00,0.27,0.49,0.11,0.09,dos,1,processtable,18
6621,0,tcp,http,SF,339,488,0,0,0,0,0,1,0,0,0,0,0,0,0,0,0,0,5,5,0.00,0.00,0.00,0.00,1.00,0.00,0.00,255,255,1.00,0.00,0.00,0.00,0.00,0.00,0.00,0.00,normal,0,normal,21
14101,0,tcp,http,SF,328,10176,0,0,0,0,0,1,0,0,0,0,0,0,0,0,0,0,2,5,0.00,0.00,0.00,0.00,1.00,0.00,0.40,42,231,1.00,0.00,0.02,0.03,0.00,0.00,0.00,0.00,normal,0,normal,21
20809,0,udp,private,SF,1,1,0,0,0,0,0,0,0,0,0,0,0,0,0,0,0,0,104,1,0.00,0.00,0.00,0.00,0.01,0.96,0.00,255,1,0.00,0.66,1.00,0.00,0.00,0.00,0.00,0.00,probe,0,satan,16
19098,1,tcp,smtp,SF,2005,328,0,0,0,0,0,1,0,0,0,0,0,0,0,0,0,0,1,1,0.00,0.00,0.00,0.00,1.00,0.00,0.00,234,141,0.58,0.03,0.00,0.01,0.00,0.00,0.00,0.00,normal,0,normal,21
10657,0,udp,private,SF,1,0,0,0,0,0,0,0,0,0,0,0,0,0,0,0,0,0,66,2,0.00,0.00,0.00,0.00,0.03,0.67,0.00,255,2,0.01,0.74,1.00,0.00,0.00,0.00,0.00,0.00,normal,0,normal,8
22122,0,tcp,sunrpc,REJ,0,0,0,0,0,0,0,0,0,0,0,0,0,0,0,0,0,0,5,4,0.00,0.00,0.80,1.00,0.20,0.80,1.00,255,43,0.17,0.02,0.00,0.00,0.00,0.00,0.78,1.00,probe,1,mscan,15
8014,0,tcp,private,REJ,0,0,0,0,0,0,0,0,0,0,0,0,0,0,0,0,0,0,107,18,0.00,0.00,1.00,1.00,0.17,0.06,0.00,255,18,0.07,0.05,0.00,0.00,0.00,0.00,1.00,1.00,dos,0,neptune,21
3093,7473,tcp,telnet,SF,0,44,0,0,0,0,0,0,0,0,0,0,0,0,0,0,0,0,1,1,0.00,0.00,0.00,0.00,1.00,0.00,0.00,255,206,0.81,0.03,0.00,0.00,0.33,0.41,0.12,0.07,dos,1,processtable,18
11244,0,udp,other,SF,1,1,0,0,0,0,0,0,0,0,0,0,0,0,0,0,0,0,77,1,0.00,0.00,0.00,0.00,0.01,0.82,0.00,255,1,0.00,0.54,0.96,0.00,0.00,0.00,0.04,0.00,probe,0,satan,13
15611,2065,tcp,http,RSTR,56504,1,0,0,0,0,0,1,0,0,0,0,0,0,0,0,0,0,10,10,0.00,0.00,1.00,1.00,1.00,0.00,0.00,255,243,0.95,0.01,0.00,0.00,0.02,0.02,0.36,0.38,dos,1,apache2,14
18538,0,tcp,private,RSTR,0,0,0,0,0,0,0,0,0,0,0,0,0,0,0,0,0,0,2,1,0.00,0.00,0.50,1.00,0.50,1.00,0.00,255,1,0.00,0.82,0.80,0.00,0.00,0.00,0.80,1.00,probe,0,portsweep,18
7588,0,tcp,http,SF,207,1769,0,0,0,0,0,1,0,0,0,0,0,0,0,0,0,0,40,55,0.00,0.00,0.00,0.00,1.00,0.00,0.04,255,255,1.00,0.00,0.00,0.00,0.00,0.00,0.00,0.00,normal,0,normal,21
20109,0,tcp,http,SF,212,8676,0,0,0,0,0,1,0,0,0,0,0,0,0,0,0,0,25,26,0.00,0.00,0.00,0.00,1.00,0.00,0.08,255,255,1.00,0.00,0.00,0.00,0.00,0.00,0.00,0.00,normal,0,normal,21
4712,0,tcp,http,SF,302,10063,0,0,0,0,0,1,0,0,0,0,0,0,0,0,0,0,27,27,0.00,0.00,0.00,0.00,1.00,0.00,0.00,255,255,1.00,0.00,0.00,0.00,0.00,0.00,0.00,0.00,normal,0,normal,21
1923,0,tcp,http,SF,231,2698,0,0,0,0,0,1,0,0,0,0,0,0,1,0,0,0,4,4,0.00,0.00,0.00,0.00,1.00,0.00,0.00,255,246,0.96,0.01,0.00,0.00,0.00,0.00,0.00,0.00,normal,0,normal,21
20136,0,tcp,http,SF,218,11135,0,0,0,0,0,1,0,0,0,0,0,0,0,0,0,0,6,9,0.00,0.00,0.00,0.00,1.00,0.00,0.33,255,255,1.00,0.00,0.00,0.00,0.00,0.00,0.00,0.00,normal,0,normal,21
6462,0,tcp,http,SF,328,486,0,0,0,0,0,1,0,0,0,0,0,0,0,0,0,0,1,1,0.00,0.00,0.00,0.00,1.00,0.00,0.00,46,255,1.00,0.00,0.02,0.06,0.00,0.00,0.00,0.00,normal,0,normal,21
9134,0,tcp,http,SF,320,7885,0,0,0,0,0,1,0,0,0,0,0,0,0,0,0,0,2,2,0.00,0.00,0.00,0.00,1.00,0.00,0.00,2,255,1.00,0.00,0.50,0.03,0.00,0.00,0.00,0.00,normal,0,normal,21
1292,0,tcp,http,SF,218,765,0,0,0,0,0,1,0,0,0,0,0,0,0,0,0,0,4,12,0.00,0.00,0.00,0.00,1.00,0.00,0.33,104,255,1.00,0.00,0.01,0.01,0.00,0.00,0.00,0.00,normal,0,normal,21
19781,0,tcp,Z39_50,S0,0,0,0,0,0,0,0,0,0,0,0,0,0,0,0,0,0,0,188,16,1.00,1.00,0.00,0.00,0.09,0.09,0.00,255,16,0.06,0.09,0.00,0.00,1.00,1.00,0.00,0.00,dos,0,neptune,18
21678,0,tcp,http,SF,211,24572,0,0,0,0,0,1,0,0,0,0,0,0,0,0,0,0,3,3,0.00,0.00,0.00,0.00,1.00,0.00,0.00,90,255,1.00,0.00,0.01,0.02,0.00,0.00,0.00,0.00,normal,0,normal,21
8357,0,icmp,ecr_i,SF,1032,0,0,0,0,0,0,0,0,0,0,0,0,0,0,0,0,0,511,511,0.00,0.00,0.00,0.00,1.00,0.00,0.00,177,176,0.99,0.01,0.99,0.00,0.00,0.00,0.00,0.00,dos,0,smurf,18
15529,0,tcp,private,REJ,0,0,0,0,0,0,0,0,0,0,0,0,0,0,0,0,0,0,2,1,0.00,0.00,1.00,1.00,0.50,1.00,0.00,255,1,0.00,0.61,0.42,0.00,0.00,0.00,0.42,1.00,probe,0,portsweep,18
16250,0,udp,other,SF,1,1,0,0,0,0,0,0,0,0,0,0,0,0,0,0,0,0,73,3,0.00,0.00,0.00,0.00,0.04,0.71,0.00,255,3,0.01,0.74,1.00,0.00,0.00,0.00,0.00,0.00,normal,0,normal,9
11171,0,udp,domain_u,SF,45,114,0,0,0,0,0,0,0,0,0,0,0,0,0,0,0,0,1,2,0.00,0.00,0.00,0.00,1.00,0.00,1.00,255,251,0.98,0.01,0.00,0.00,0.00,0.00,0.00,0.00,normal,0,normal,21
11402,0,udp,domain_u,SF,45,45,0,0,0,0,0,0,0,0,0,0,0,0,0,0,0,0,121,121,0.00,0.00,0.00,0.00,1.00,0.00,0.00,255,255,1.00,0.00,0.00,0.00,0.00,0.00,0.00,0.00,normal,0,normal,18
13894,0,tcp,http,SF,291,8195,0,0,0,0,0,1,0,0,0,0,0,0,0,0,0,0,16,16,0.00,0.00,0.00,0.00,1.00,0.00,0.00,73,255,1.00,0.00,0.01,0.01,0.00,0.00,0.00,0.00,normal,0,normal,21
12375,21,tcp,ftp,SF,241,772,0,0,0,4,0,1,0,0,0,0,0,0,0,0,0,1,2,2,0.00,0.00,0.00,0.00,1.00,0.00,0.00,255,90,0.35,0.02,0.00,0.00,0.00,0.00,0.01,0.00,normal,0,normal,16
365,0,tcp,smtp,SF,642,331,0,0,0,0,0,1,0,0,0,0,0,0,0,0,0,0,1,1,0.00,0.00,0.00,0.00,1.00,0.00,0.00,111,140,0.37,0.05,0.01,0.01,0.00,0.00,0.00,0.04,normal,0,normal,21
914,0,tcp,private,REJ,0,0,0,0,0,0,0,0,0,0,0,0,0,0,0,0,0,0,115,19,0.00,0.00,1.00,1.00,0.17,0.06,0.00,255,19,0.07,0.06,0.00,0.00,0.00,0.00,1.00,1.00,dos,0,neptune,21
2659,0,tcp,http,SF,301,3314,0,0,0,0,0,1,0,0,0,0,0,0,0,0,0,0,2,4,0.00,0.00,0.00,0.00,1.00,0.00,0.75,255,255,1.00,0.00,0.00,0.00,0.00,0.00,0.00,0.00,normal,0,normal,21
17879,0,tcp,http,SF,282,650,0,0,0,0,0,1,0,0,0,0,0,0,0,0,0,0,6,6,0.00,0.00,0.00,0.00,1.00,0.00,0.00,255,255,1.00,0.00,0.00,0.00,0.00,0.00,0.00,0.00,normal,0,normal,21
289,0,tcp,telnet,S3,0,44,0,0,0,0,0,0,0,0,0,0,0,0,0,0,0,0,1,1,1.00,1.00,0.00,0.00,1.00,0.00,0.00,255,60,0.24,0.68,0.00,0.00,0.14,0.58,0.67,0.00,dos,1,processtable,18
20081,912,tcp,http,RSTR,60884,0,0,0,0,0,0,1,0,0,0,0,0,0,0,0,0,0,29,29,0.03,0.03,0.93,0.93,1.00,0.00,0.00,255,255,1.00,0.00,0.00,0.00,0.00,0.00,0.11,0.11,dos,1,apache2,15
9590,0,icmp,ecr_i,SF,1032,0,0,0,0,0,0,0,0,0,0,0,0,0,0,0,0,0,18,18,0.00,0.00,0.00,0.00,1.00,0.00,0.00,255,255,1.00,0.00,1.00,0.00,0.00,0.00,0.00,0.00,dos,0,smurf,20
12066,0,tcp,http,S0,0,0,0,0,0,0,0,0,0,0,0,0,0,0,0,0,0,0,36,36,0.28,0.28,0.72,0.72,1.00,0.00,0.00,255,255,1.00,0.00,0.00,0.00,0.05,0.05,0.68,0.68,dos,1,apache2,18
8826,0,tcp,ftp_data,SF,12,0,0,0,0,0,0,0,0,0,0,0,0,0,0,0,0,0,1,1,0.00,0.00,0.00,0.00,1.00,0.00,0.00,11,37,1.00,0.00,1.00,0.11,0.00,0.00,0.00,0.00,r2l,0,warezmaster,12
10195,0,tcp,csnet_ns,REJ,0,0,0,0,0,0,0,0,0,0,0,0,0,0,0,0,0,0,237,2,0.12,0.50,0.88,0.50,0.01,0.07,0.00,255,2,0.01,0.07,0.00,0.00,0.11,0.50,0.89,0.50,dos,0,neptune,20
12187,0,tcp,http,SF,243,11029,0,0,0,0,0,1,0,0,0,0,0,0,0,0,0,0,30,30,0.00,0.00,0.00,0.00,1.00,0.00,0.00,255,255,1.00,0.00,0.00,0.00,0.00,0.00,0.00,0.00,normal,0,normal,21
4218,0,tcp,http,SF,236,7133,0,0,0,0,0,1,0,0,0,0,0,0,0,0,0,0,1,2,0.00,0.00,0.00,0.00,1.00,0.00,1.00,2,255,1.00,0.00,0.50,0.07,0.00,0.00,0.00,0.00,normal,0,normal,21
17514,0,tcp,private,S0,0,0,0,0,0,0,0,0,0,0,0,0,0,0,0,0,0,0,251,4,1.00,1.00,0.00,0.00,0.02,0.07,0.00,255,4,0.02,0.07,0.00,0.00,1.00,1.00,0.00,0.00,dos,0,neptune,21
9177,0,tcp,private,RSTR,0,0,0,0,0,0,0,0,0,0,0,0,0,0,0,0,0,0,1,1,0.00,0.00,1.00,1.00,1.00,0.00,0.00,255,1,0.00,0.81,0.78,0.00,0.00,0.00,0.80,1.00,probe,0,portsweep,18
11321,0,icmp,ecr_i,SF,1032,0,0,0,0,0,0,0,0,0,0,0,0,0,0,0,0,0,76,76,0.00,0.00,0.00,0.00,1.00,0.00,0.00,255,255,1.00,0.00,1.00,0.00,0.00,0.00,0.00,0.00,dos,0,smurf,19
17059,0,udp,private,SF,28,0,0,3,0,0,0,0,0,0,0,0,0,0,0,0,0,0,37,37,0.00,0.00,0.00,0.00,1.00,0.00,0.00,62,37,0.60,0.06,0.60,0.00,0.00,0.00,0.00,0.00,normal,0,normal,10
13598,0,tcp,imap4,REJ,0,0,0,0,0,0,0,0,0,0,0,0,0,0,0,0,0,0,2,20,0.00,0.05,1.00,0.95,0.50,1.00,1.00,27,53,0.26,0.19,0.04,0.04,0.00,0.00,0.89,0.13,probe,1,mscan,12
19269,282,tcp,ftp,SF,160,597,0,0,0,2,0,1,0,0,0,0,0,0,0,0,0,1,1,1,0.00,0.00,0.00,0.00,1.00,0.00,0.00,255,108,0.42,0.03,0.00,0.00,0.00,0.00,0.00,0.00,r2l,0,warezmaster,14
12704,284,tcp,ftp,SF,158,595,0,0,0,2,0,1,0,0,0,0,0,0,0,0,0,1,1,1,0.00,0.00,0.00,0.00,1.00,0.00,0.00,255,52,0.20,0.03,0.00,0.00,0.15,0.00,0.02,0.00,r2l,0,warezmaster,11
12995,0,tcp,http,SF,198,1974,0,0,0,0,0,1,0,0,0,0,0,0,0,0,0,0,10,36,0.00,0.00,0.00,0.00,1.00,0.00,0.08,112,255,1.00,0.00,0.01,0.04,0.00,0.00,0.00,0.00,normal,0,normal,21
11937,0,udp,private,SF,1,1,0,0,0,0,0,0,0,0,0,0,0,0,0,0,0,0,11,2,0.00,0.00,0.00,0.00,0.18,0.45,0.00,255,2,0.01,0.24,1.00,0.00,0.00,0.00,0.00,0.00,normal,0,normal,1
9510,281,tcp,ftp,SF,160,597,0,0,0,2,0,1,0,0,0,0,0,0,0,0,0,1,1,1,0.00,0.00,0.00,0.00,1.00,0.00,0.00,48,28,0.58,0.06,0.02,0.00,0.00,0.00,0.00,0.00,r2l,0,warezmaster,11
5669,0,tcp,http,SF,193,1643,0,0,0,0,0,1,0,0,0,0,0,0,0,0,0,0,1,11,0.00,0.00,0.00,0.00,1.00,0.00,0.36,73,255,1.00,0.00,0.01,0.04,0.00,0.00,0.00,0.00,normal,0,normal,21
15307,6,tcp,telnet,SF,24,154,0,0,0,0,0,0,0,0,0,0,0,0,0,0,0,0,4,16,0.00,0.00,0.75,0.50,0.50,0.75,0.50,90,55,0.08,0.08,0.01,0.04,0.00,0.00,0.18,0.62,probe,1,mscan,5
22140,0,tcp,http,SF,234,10599,0,0,0,0,0,1,0,0,0,0,0,0,0,0,0,0,2,2,0.00,0.00,0.00,0.00,1.00,0.00,0.00,6,225,1.00,0.00,0.17,0.04,0.00,0.00,0.00,0.00,normal,0,normal,21
10602,0,tcp,http,SF,193,454,0,0,0,0,0,1,0,0,0,0,0,0,0,0,0,0,17,17,0.00,0.00,0.00,0.00,1.00,0.00,0.00,255,255,1.00,0.00,0.00,0.00,0.00,0.00,0.00,0.00,normal,0,normal,21
16276,0,tcp,smtp,SF,887,334,0,0,0,0,0,1,0,0,0,0,0,0,0,0,0,0,1,4,0.00,0.00,0.00,0.00,1.00,0.00,1.00,73,176,0.81,0.07,0.01,0.01,0.00,0.00,0.00,0.00,normal,0,normal,21
12699,0,tcp,ftp_data,SF,16,0,0,0,0,0,0,0,0,0,0,0,0,0,0,0,0,0,2,2,0.00,0.00,0.00,0.00,1.00,0.00,0.00,255,3,0.01,0.84,0.01,0.00,0.00,0.00,0.01,0.00,normal,0,normal,18
21701,0,tcp,uucp,RSTO,0,0,0,0,0,0,0,0,0,0,0,0,0,0,0,0,0,0,141,15,0.00,0.00,1.00,1.00,0.11,0.06,0.00,255,15,0.06,0.06,0.00,0.00,0.00,0.00,1.00,1.00,dos,0,neptune,19
3125,0,udp,private,SF,52,54,0,0,0,0,0,0,0,0,0,0,0,0,0,0,0,0,511,511,0.00,0.00,0.00,0.00,1.00,0.00,0.00,255,255,1.00,0.00,0.87,0.00,0.00,0.00,0.00,0.00,normal,0,normal,17
16324,0,tcp,exec,RSTO,0,0,0,0,0,0,0,0,0,0,0,0,0,0,0,0,0,0,133,19,0.50,0.00,0.50,1.00,0.14,0.06,0.00,255,19,0.07,0.05,0.00,0.00,0.67,0.00,0.33,1.00,dos,0,neptune,20
9811,0,udp,domain_u,SF,17,17,0,0,0,0,0,0,0,0,0,0,0,0,0,0,0,0,7,97,0.00,0.00,0.00,0.00,1.00,0.00,0.02,52,29,0.56,0.06,0.02,0.00,0.00,0.00,0.00,0.00,normal,0,normal,21
16385,3,tcp,http,RSTR,32120,7300,0,0,0,1,0,1,0,0,0,0,0,0,0,0,0,0,3,3,0.00,0.00,0.67,0.67,1.00,0.00,0.00,255,255,1.00,0.00,0.00,0.00,0.01,0.01,0.06,0.06,dos,0,back,11
20529,0,udp,domain_u,SF,34,34,0,0,0,0,0,0,0,0,0,0,0,0,0,0,0,0,2,7,0.00,0.00,0.00,0.00,1.00,0.00,0.57,255,250,0.98,0.01,0.00,0.00,0.00,0.00,0.00,0.00,normal,0,normal,21
5528,0,icmp,ecr_i,SF,1032,0,0,0,0,0,0,0,0,0,0,0,0,0,0,0,0,0,418,418,0.00,0.00,0.00,0.00,1.00,0.00,0.00,255,255,1.00,0.00,1.00,0.00,0.00,0.00,0.00,0.00,dos,0,smurf,20
21253,0,udp,private,SF,1,1,0,0,0,0,0,0,0,0,0,0,0,0,0,0,0,0,125,1,0.00,0.00,0.00,0.00,0.01,0.98,0.00,255,1,0.00,0.89,1.00,0.00,0.00,0.00,0.00,0.00,probe,0,satan,17
4138,0,tcp,http,SF,244,6319,0,0,0,0,0,1,0,0,0,0,0,0,0,0,0,0,4,4,0.00,0.00,0.00,0.00,1.00,0.00,0.00,45,255,1.00,0.00,0.02,0.02,0.00,0.00,0.00,0.00,normal,0,normal,21
19011,0,tcp,http,SF,185,3427,0,0,0,0,0,1,0,0,0,0,0,0,0,0,0,0,7,7,0.00,0.00,0.00,0.00,1.00,0.00,0.00,7,229,1.00,0.00,0.14,0.04,0.00,0.00,0.00,0.00,normal,0,normal,21
14936,0,udp,other,SF,1,1,0,0,0,0,0,0,0,0,0,0,0,0,0,0,0,0,62,1,0.00,0.00,0.00,0.00,0.02,1.00,0.00,255,1,0.00,0.69,0.99,0.00,0.00,0.00,0.00,0.00,probe,0,satan,15
2906,0,tcp,http,SF,232,14335,0,0,0,0,0,1,0,0,0,0,0,0,0,0,0,0,48,48,0.00,0.00,0.00,0.00,1.00,0.00,0.00,255,255,1.00,0.00,0.00,0.00,0.00,0.00,0.00,0.00,normal,0,normal,21
12041,0,tcp,ssh,REJ,0,0,0,0,0,0,0,0,0,0,0,0,0,0,0,0,0,0,204,10,0.00,0.00,1.00,1.00,0.05,0.06,0.00,255,10,0.04,0.07,0.00,0.00,0.00,0.00,1.00,1.00,dos,0,neptune,21
19659,0,icmp,ecr_i,SF,1008,0,0,0,0,0,0,0,0,0,0,0,0,0,0,0,0,0,510,510,0.00,0.00,0.00,0.00,1.00,0.00,0.00,255,255,1.00,0.00,1.00,0.00,0.00,0.00,0.00,0.00,dos,0,smurf,21
7594,0,tcp,http,SF,308,3222,0,0,0,0,0,1,0,0,0,0,0,0,0,0,0,0,5,18,0.00,0.00,0.00,0.00,1.00,0.00,0.17,255,151,0.59,0.02,0.00,0.00,0.19,0.32,0.12,0.21,normal,0,normal,18
20126,4,tcp,pop_3,SF,28,93,0,0,0,0,0,1,0,0,0,0,0,0,0,0,0,0,1,1,0.00,0.00,0.00,0.00,1.00,0.00,0.00,255,247,0.97,0.02,0.00,0.00,0.00,0.00,0.02,0.00,r2l,0,guess_passwd,18
1758,0,icmp,ecr_i,SF,1032,0,0,0,0,0,0,0,0,0,0,0,0,0,0,0,0,0,121,121,0.00,0.00,0.00,0.00,1.00,0.00,0.00,255,255,1.00,0.00,1.00,0.00,0.00,0.00,0.00,0.00,dos,0,smurf,21
16940,0,tcp,http,SF,280,592,0,0,0,0,0,1,0,0,0,0,0,0,0,0,0,0,7,7,0.00,0.00,0.00,0.00,1.00,0.00,0.00,99,255,1.00,0.00,0.01,0.04,0.00,0.00,0.00,0.00,normal,0,normal,21
11879,0,tcp,private,S0,0,0,0,0,0,0,0,0,0,0,0,0,0,0,0,0,0,0,218,4,1.00,1.00,0.00,0.00,0.02,0.07,0.00,255,4,0.02,0.07,0.00,0.00,1.00,1.00,0.00,0.00,dos,0,neptune,21
15349,0,tcp,http,SF,325,2005,0,0,0,0,0,1,0,0,0,0,0,0,0,0,0,0,12,16,0.00,0.00,0.00,0.00,1.00,0.00,0.12,255,255,1.00,0.00,0.00,0.00,0.00,0.00,0.00,0.00,normal,0,normal,21
7757,0,tcp,netbios_ssn,REJ,0,0,0,0,0,0,0,0,0,0,0,0,0,0,0,0,0,0,142,20,0.00,0.00,1.00,1.00,0.14,0.06,0.00,255,20,0.08,0.05,0.00,0.00,0.00,0.00,1.00,1.00,dos,0,neptune,19
287,0,tcp,private,REJ,0,0,0,0,0,0,0,0,0,0,0,0,0,0,0,0,0,0,221,2,0.00,0.00,1.00,1.00,0.01,0.08,0.00,255,2,0.01,0.08,0.00,0.00,0.00,0.00,1.00,1.00,dos,0,neptune,21
20397,280,tcp,ftp_data,SF,283618,0,0,0,0,0,0,0,0,0,0,0,0,0,0,0,0,0,1,1,0.00,0.00,0.00,0.00,1.00,0.00,0.00,1,19,1.00,0.00,1.00,0.21,0.00,0.00,0.00,0.00,r2l,0,warezmaster,17
6306,0,tcp,http,SF,209,415,0,0,0,0,0,1,0,0,0,0,0,0,0,0,0,0,15,15,0.00,0.00,0.00,0.00,1.00,0.00,0.00,255,255,1.00,0.00,0.00,0.00,0.00,0.00,0.00,0.00,normal,0,normal,21
3327,0,tcp,private,S0,0,0,0,0,0,0,0,0,0,0,0,0,0,0,0,0,0,0,260,9,1.00,1.00,0.00,0.00,0.03,0.07,0.00,255,9,0.04,0.07,0.00,0.00,1.00,1.00,0.00,0.00,dos,0,neptune,21
12203,3054,tcp,telnet,SF,777,124974,0,0,0,4,0,1,381,1,0,401,0,0,0,0,0,0,1,1,0.00,0.00,0.00,0.00,1.00,0.00,0.00,17,7,0.41,0.12,0.06,0.00,0.00,0.00,0.00,0.00,normal,0,normal,20
4534,280,tcp,ftp_data,SF,283618,0,0,0,0,0,0,0,0,0,0,0,0,0,0,0,0,0,1,1,0.00,0.00,0.00,0.00,1.00,0.00,0.00,6,3,0.50,0.33,0.50,0.00,0.00,0.00,0.00,0.00,r2l,0,warezmaster,5
4639,0,tcp,http,SF,314,281,0,0,0,0,0,1,0,0,0,0,0,0,0,0,0,0,1,3,0.00,0.00,0.00,0.00,1.00,0.00,0.67,14,255,1.00,0.00,0.07,0.01,0.00,0.00,0.00,0.00,normal,0,normal,21
3045,0,tcp,http,SF,230,3216,0,0,0,0,0,1,0,0,0,0,0,0,0,0,0,0,2,2,0.00,0.00,0.00,0.00,1.00,0.00,0.00,215,255,1.00,0.00,0.00,0.02,0.00,0.00,0.00,0.00,normal,0,normal,21
2983,0,icmp,ecr_i,SF,1008,0,0,0,0,0,0,0,0,0,0,0,0,0,0,0,0,0,188,188,0.00,0.00,0.00,0.00,1.00,0.00,0.00,255,255,1.00,0.00,1.00,0.00,0.00,0.00,0.00,0.00,dos,0,smurf,18
11712,0,tcp,http,SF,213,3390,0,0,0,0,0,1,0,0,0,0,0,0,0,0,0,0,4,4,0.00,0.00,0.00,0.00,1.00,0.00,0.00,255,255,1.00,0.00,0.00,0.00,0.00,0.00,0.00,0.00,normal,0,normal,21
4224,898,tcp,http,RSTR,62344,0,0,0,0,0,0,1,0,0,0,0,0,0,0,0,0,0,23,23,0.00,0.00,1.00,1.00,1.00,0.00,0.00,255,255,1.00,0.00,0.00,0.00,0.00,0.00,0.50,0.50,dos,1,apache2,15
3797,3616,tcp,IRC,RSTR,998,5939,0,0,0,0,0,0,0,0,0,0,0,0,0,0,0,0,1,1,0.00,0.00,1.00,1.00,1.00,0.00,0.00,12,7,0.58,0.17,0.08,0.00,0.00,0.00,0.50,0.86,normal,0,normal,20
7748,281,tcp,ftp,SF,160,597,0,0,0,2,0,1,0,0,0,0,0,0,0,0,0,1,1,1,0.00,0.00,0.00,0.00,1.00,0.00,0.00,178,59,0.33,0.04,0.01,0.00,0.00,0.00,0.00,0.00,r2l,0,warezmaster,12
2886,0,udp,private,SF,1,1,0,0,0,0,0,0,0,0,0,0,0,0,0,0,0,0,128,1,0.00,0.00,0.00,0.00,0.01,0.88,0.00,255,1,0.00,0.78,1.00,0.00,0.00,0.00,0.00,0.00,probe,0,satan,17
19933,0,tcp,ftp_data,SF,15876,0,0,0,0,0,0,0,0,0,0,0,0,0,0,0,0,0,15,15,0.00,0.00,0.00,0.00,1.00,0.00,0.00,255,21,0.08,0.02,0.08,0.00,0.00,0.00,0.02,0.00,normal,0,normal,18
9198,2073,tcp,http,RSTR,56504,0,0,0,0,0,0,1,0,0,0,0,0,0,0,0,0,0,12,12,0.25,0.25,0.75,0.75,1.00,0.00,0.00,255,242,0.95,0.01,0.00,0.00,0.02,0.02,0.25,0.26,dos,1,apache2,18
19798,0,tcp,whois,S0,0,0,0,0,0,0,0,0,0,0,0,0,0,0,0,0,0,0,266,20,1.00,1.00,0.00,0.00,0.08,0.05,0.00,255,20,0.08,0.05,0.00,0.00,1.00,1.00,0.00,0.00,dos,0,neptune,20
417,0,tcp,Z39_50,REJ,0,0,0,0,0,0,0,0,0,0,0,0,0,0,0,0,0,0,250,9,0.00,0.00,1.00,1.00,0.04,0.06,0.00,255,9,0.04,0.07,0.00,0.00,0.00,0.00,1.00,1.00,dos,0,neptune,19
4881,0,tcp,telnet,SF,123,174,0,0,0,0,1,0,0,0,0,0,0,0,0,0,0,0,1,1,0.00,0.00,0.00,0.00,1.00,0.00,0.00,255,254,1.00,0.01,0.00,0.00,0.02,0.02,0.01,0.01,r2l,0,guess_passwd,13
17481,0,tcp,telnet,SF,126,174,0,0,0,0,1,0,0,0,0,0,0,0,0,0,0,0,2,2,0.00,0.00,0.00,0.00,1.00,0.00,0.00,255,248,0.97,0.01,0.00,0.00,0.00,0.00,0.02,0.02,r2l,0,guess_passwd,16
2394,0,icmp,ecr_i,SF,1032,0,0,0,0,0,0,0,0,0,0,0,0,0,0,0,0,0,376,376,0.00,0.00,0.00,0.00,1.00,0.00,0.00,255,255,1.00,0.00,1.00,0.00,0.00,0.00,0.00,0.00,dos,0,smurf,18
21548,0,tcp,http,SF,244,2684,0,0,0,0,0,1,0,0,0,0,0,0,0,0,0,0,1,1,0.00,0.00,0.00,0.00,1.00,0.00,0.00,19,251,1.00,0.00,0.05,0.08,0.00,0.00,0.00,0.00,normal,0,normal,21
18552,0,tcp,time,RSTO,0,0,0,0,0,0,0,0,0,0,0,0,0,0,0,0,0,0,267,17,0.00,0.00,1.00,1.00,0.06,0.06,0.00,255,17,0.07,0.07,0.00,0.00,0.00,0.00,1.00,1.00,dos,0,neptune,20
1367,0,tcp,ftp_data,REJ,0,0,0,0,0,0,0,0,0,0,0,0,0,0,0,0,0,0,272,18,0.00,0.00,1.00,1.00,0.07,0.06,0.00,255,18,0.07,0.07,0.00,0.00,0.00,0.00,1.00,1.00,dos,0,neptune,20
2070,0,tcp,http,SF,160,193,0,0,0,0,0,1,0,0,0,0,0,0,0,0,0,0,1,2,0.00,0.00,0.00,0.00,1.00,0.00,1.00,12,255,1.00,0.00,0.08,0.04,0.00,0.00,0.00,0.00,normal,0,normal,21
22399,0,udp,private,SF,54,51,0,0,0,0,0,0,0,0,0,0,0,0,0,0,0,0,285,285,0.00,0.00,0.00,0.00,1.00,0.00,0.00,255,255,1.00,0.00,0.93,0.00,0.00,0.00,0.00,0.00,normal,0,normal,17
12567,0,tcp,http,SF,54540,8314,0,0,0,2,0,1,1,0,0,0,0,0,0,0,0,0,4,28,0.00,0.00,0.00,0.00,1.00,0.00,0.07,255,255,1.00,0.00,0.00,0.00,0.00,0.00,0.05,0.05,dos,0,back,11
7479,0,tcp,ftp_data,SF,9311,0,0,0,0,0,0,0,0,0,0,0,0,0,0,0,0,0,7,8,0.00,0.00,0.00,0.00,1.00,0.00,0.25,181,45,0.25,0.02,0.25,0.00,0.00,0.00,0.02,0.00,normal,0,normal,21
10475,0,tcp,http,REJ,0,0,0,0,0,0,0,0,0,0,0,0,0,0,0,0,0,0,56,18,0.00,0.00,1.00,1.00,0.32,0.07,0.00,255,58,0.23,0.11,0.00,0.00,0.00,0.00,0.99,1.00,dos,0,neptune,17
5082,0,tcp,telnet,S0,0,0,0,0,0,0,0,0,0,0,0,0,0,0,0,0,0,0,137,137,1.00,1.00,0.00,0.00,1.00,0.00,0.00,255,255,1.00,0.00,0.00,0.00,1.00,1.00,0.00,0.00,dos,0,neptune,18
11406,281,tcp,ftp,SF,162,599,0,0,0,2,0,1,0,0,0,0,0,0,0,0,0,1,1,1,0.00,0.00,0.00,0.00,1.00,0.00,0.00,255,31,0.12,0.02,0.00,0.00,0.00,0.00,0.39,0.00,r2l,0,warezmaster,14
9392,0,tcp,http,SF,201,7384,0,0,0,0,0,1,0,0,0,0,0,0,0,0,0,0,17,18,0.00,0.00,0.00,0.00,1.00,0.00,0.11,94,255,1.00,0.00,0.01,0.02,0.00,0.00,0.00,0.00,normal,0,normal,21
7408,0,tcp,private,REJ,0,0,0,0,0,0,0,0,0,0,0,0,0,0,0,0,0,0,246,8,0.00,0.00,1.00,1.00,0.03,0.06,0.00,255,8,0.03,0.07,0.00,0.00,0.00,0.00,1.00,1.00,dos,0,neptune,21
7732,0,tcp,private,REJ,0,0,0,0,0,0,0,0,0,0,0,0,0,0,0,0,0,0,128,12,0.00,0.00,1.00,1.00,0.09,0.05,0.00,255,12,0.05,0.06,0.00,0.00,0.00,0.00,1.00,1.00,dos,0,neptune,21
5430,1194,udp,other,SF,146,105,0,0,0,0,0,0,0,0,0,0,0,0,0,0,0,0,1,1,0.00,0.00,0.00,0.00,1.00,0.00,0.00,5,1,0.20,0.60,1.00,0.00,0.00,0.00,0.00,0.00,r2l,1,snmpgetattack,0
17766,0,tcp,finger,S0,0,0,0,0,0,0,0,0,0,0,0,0,0,0,0,0,0,0,181,11,1.00,1.00,0.00,0.00,0.06,0.09,0.00,255,11,0.04,0.09,0.00,0.00,1.00,1.00,0.00,0.00,dos,0,neptune,18
13921,0,tcp,private,S0,0,0,0,0,0,0,0,0,0,0,0,0,0,0,0,0,0,0,251,9,1.00,1.00,0.00,0.00,0.04,0.07,0.00,255,9,0.04,0.07,0.00,0.00,1.00,1.00,0.00,0.00,dos,0,neptune,21
12742,6,tcp,pop_3,SF,26,93,0,0,0,0,0,1,0,0,0,0,0,0,0,0,0,0,1,1,0.00,0.00,0.00,0.00,1.00,0.00,0.00,14,15,1.00,0.00,0.07,0.13,0.00,0.00,0.00,0.00,r2l,0,guess_passwd,6
13975,0,tcp,http,SF,287,5146,0,0,0,0,0,1,0,0,0,0,0,0,0,0,0,0,5,5,0.00,0.00,0.00,0.00,1.00,0.00,0.00,5,255,1.00,0.00,0.20,0.03,0.00,0.00,0.00,0.00,normal,0,normal,21
2449,0,tcp,http,SF,292,294,0,0,0,0,0,1,0,0,0,0,0,0,0,0,0,0,15,15,0.00,0.00,0.00,0.00,1.00,0.00,0.00,70,255,1.00,0.00,0.01,0.02,0.00,0.00,0.00,0.00,normal,0,normal,21
16536,0,tcp,http,SF,303,622,0,0,0,0,0,1,0,0,0,0,0,0,0,0,0,0,7,25,0.00,0.00,0.00,0.00,1.00,0.00,0.08,255,255,1.00,0.00,0.00,0.00,0.00,0.00,0.00,0.00,normal,0,normal,21
11227,0,tcp,private,REJ,0,0,0,0,0,0,0,0,0,0,0,0,0,0,0,0,0,0,185,5,0.00,0.00,1.00,1.00,0.03,0.06,0.00,255,5,0.02,0.07,0.00,0.00,0.00,0.00,1.00,1.00,dos,0,neptune,21
11005,0,tcp,http,SF,246,58844,0,0,0,0,0,1,0,0,0,0,0,0,0,0,0,0,3,3,0.00,0.00,0.00,0.00,1.00,0.00,0.00,29,255,1.00,0.00,0.03,0.03,0.00,0.00,0.00,0.00,normal,0,normal,21
3037,0,tcp,telnet,SF,119,174,0,0,0,0,1,0,0,0,0,0,0,0,0,0,0,0,1,1,0.00,0.00,0.00,0.00,1.00,0.00,0.00,255,7,0.03,0.02,0.00,0.00,0.00,0.00,0.00,0.14,r2l,0,guess_passwd,7
13928,0,tcp,http,SF,303,260,0,0,0,0,0,1,0,0,0,0,0,0,0,0,0,0,1,19,0.00,0.00,0.00,0.00,1.00,0.00,0.11,9,255,1.00,0.00,0.11,0.02,0.00,0.00,0.00,0.00,normal,0,normal,21
10635,0,tcp,private,S0,0,0,0,0,0,0,0,0,0,0,0,0,0,0,0,0,0,0,283,6,1.00,1.00,0.00,0.00,0.02,0.06,0.00,255,6,0.02,0.06,0.00,0.00,1.00,1.00,0.00,0.00,dos,0,neptune,21
2667,0,tcp,private,S0,0,0,0,0,0,0,0,0,0,0,0,0,0,0,0,0,0,0,164,16,1.00,1.00,0.00,0.00,0.10,0.09,0.00,255,16,0.06,0.09,0.00,0.00,1.00,1.00,0.00,0.00,dos,0,neptune,21
17099,0,tcp,sunrpc,REJ,0,0,0,0,0,0,0,0,0,0,0,0,0,0,0,0,0,0,4,7,0.00,0.00,1.00,1.00,0.25,1.00,1.00,214,10,0.02,0.03,0.00,0.20,0.00,0.00,0.13,1.00,probe,1,mscan,14
3929,0,tcp,http,SF,286,6924,0,0,0,0,0,1,0,0,0,0,0,0,0,0,0,0,4,4,0.00,0.00,0.00,0.00,1.00,0.00,0.00,255,255,1.00,0.00,0.00,0.00,0.00,0.00,0.00,0.00,normal,0,normal,21
19831,0,tcp,http,SF,297,2006,0,0,0,0,0,1,0,0,0,0,0,0,0,0,0,0,10,16,0.00,0.00,0.00,0.00,1.00,0.00,0.19,255,255,1.00,0.00,0.00,0.00,0.00,0.00,0.00,0.00,normal,0,normal,21
19357,0,tcp,pop_3,SF,30,217,0,0,0,0,0,1,0,0,0,0,0,0,0,0,0,0,1,1,0.00,0.00,0.00,0.00,1.00,0.00,0.00,255,6,0.02,0.02,0.00,0.00,0.00,0.00,0.00,0.00,r2l,0,guess_passwd,4
8568,0,tcp,private,REJ,0,0,0,0,0,0,0,0,0,0,0,0,0,0,0,0,0,0,254,4,0.00,0.00,1.00,1.00,0.02,0.07,0.00,255,4,0.02,0.07,0.00,0.00,0.00,0.00,1.00,1.00,dos,0,neptune,21
19728,0,tcp,other,REJ,0,0,0,0,0,0,0,0,0,0,0,0,0,0,0,0,0,0,1,1,0.00,0.00,1.00,1.00,1.00,0.00,0.00,255,2,0.01,0.02,0.00,0.00,0.00,0.00,0.01,1.00,u2r,1,httptunnel,18
12602,0,tcp,http,SF,229,2507,0,0,0,0,0,1,0,0,0,0,0,0,0,0,0,0,2,2,0.00,0.00,0.00,0.00,1.00,0.00,0.00,180,134,0.74,0.03,0.01,0.00,0.00,0.00,0.02,0.00,normal,0,normal,21
12854,0,tcp,telnet,RSTO,0,12,0,0,0,0,0,0,0,0,0,0,0,0,0,0,0,0,1,10,0.00,0.20,1.00,0.70,1.00,0.00,0.90,255,31,0.12,0.02,0.00,0.00,0.00,0.00,0.18,0.52,probe,1,mscan,14
7644,0,udp,domain_u,SF,46,46,0,0,0,0,0,0,0,0,0,0,0,0,0,0,0,0,112,170,0.00,0.00,0.00,0.00,1.00,0.00,0.01,255,214,0.84,0.01,0.01,0.00,0.00,0.00,0.00,0.00,normal,0,normal,18
22085,43,tcp,telnet,SF,260,2611,0,0,0,0,0,1,0,1,0,2,2,1,0,0,0,0,1,1,0.00,0.00,0.00,0.00,1.00,0.00,0.00,255,13,0.05,0.02,0.00,0.00,0.00,0.00,0.03,0.62,u2r,0,perl,3
7424,0,tcp,private,REJ,0,0,0,0,0,0,0,0,0,0,0,0,0,0,0,0,0,0,117,5,0.00,0.00,1.00,1.00,0.04,0.06,0.00,255,5,0.02,0.06,0.00,0.00,0.00,0.00,1.00,1.00,dos,0,neptune,21
14359,0,tcp,http,SF,313,375,0,0,0,0,0,1,0,0,0,0,0,0,0,0,0,0,2,16,0.00,0.00,0.00,0.00,1.00,0.00,0.12,220,255,1.00,0.00,0.00,0.01,0.00,0.00,0.00,0.00,normal,0,normal,21
20064,0,udp,private,SF,43,0,0,0,0,0,0,0,0,0,0,0,0,0,0,0,0,0,4,4,0.00,0.00,0.00,0.00,1.00,0.00,0.00,255,254,1.00,0.01,0.01,0.00,0.00,0.00,0.00,0.00,r2l,1,snmpguess,16
11872,6,tcp,imap4,RSTO,0,44,0,0,0,0,0,0,0,0,0,0,0,0,0,0,0,0,3,11,0.00,0.00,1.00,1.00,0.33,1.00,1.00,65,60,0.26,0.08,0.02,0.03,0.00,0.00,0.91,0.98,probe,1,mscan,12
6903,1,tcp,smtp,SF,2599,293,0,0,0,0,0,1,0,0,0,0,0,0,0,0,0,0,4,3,0.00,0.00,0.25,0.00,0.75,0.50,0.00,255,180,0.71,0.13,0.00,0.00,0.00,0.00,0.28,0.00,dos,1,mailbomb,11
9477,0,tcp,http,SF,279,5592,0,0,0,0,0,1,0,0,0,0,0,0,0,0,0,0,2,2,0.00,0.00,0.00,0.00,1.00,0.00,0.00,48,255,1.00,0.00,0.02,0.01,0.00,0.00,0.00,0.00,normal,0,normal,21
10314,0,icmp,ecr_i,SF,1008,0,0,0,0,0,0,0,0,0,0,0,0,0,0,0,0,0,133,133,0.00,0.00,0.00,0.00,1.00,0.00,0.00,255,255,1.00,0.00,1.00,0.00,0.00,0.00,0.00,0.00,dos,0,smurf,18
17571,0,tcp,http,SF,207,1918,0,0,0,0,0,1,0,0,0,0,0,0,0,0,0,0,4,4,0.00,0.00,0.00,0.00,1.00,0.00,0.00,255,255,1.00,0.00,0.00,0.00,0.00,0.00,0.00,0.00,normal,0,normal,21
6666,0,tcp,http,SF,249,1512,0,0,0,0,0,1,0,0,0,0,0,0,0,0,0,0,11,41,0.00,0.00,0.00,0.00,1.00,0.00,0.05,255,255,1.00,0.00,0.00,0.00,0.00,0.00,0.00,0.00,normal,0,normal,21
403,0,tcp,http,REJ,0,0,0,0,0,0,0,0,0,0,0,0,0,0,0,0,0,0,256,19,0.00,0.00,1.00,1.00,0.07,0.06,0.00,255,19,0.07,0.06,0.00,0.00,0.00,0.00,1.00,1.00,dos,0,neptune,17
20237,0,tcp,pop_3,REJ,0,0,0,0,0,0,0,0,0,0,0,0,0,0,0,0,0,0,3,5,0.00,0.00,1.00,0.80,0.33,1.00,1.00,64,60,0.25,0.08,0.02,0.03,0.02,0.00,0.89,0.98,probe,1,mscan,15
11944,0,tcp,http,SF,235,280,0,0,0,0,0,1,0,0,0,0,0,0,0,0,0,0,6,10,0.00,0.00,0.00,0.00,1.00,0.00,0.20,255,255,1.00,0.00,0.00,0.00,0.00,0.00,0.00,0.00,normal,0,normal,21
10192,0,tcp,http,SF,300,1278,0,0,0,0,0,1,0,0,0,0,0,0,0,0,0,0,6,7,0.00,0.00,0.00,0.00,1.00,0.00,0.29,21,255,1.00,0.00,0.05,0.02,0.00,0.00,0.00,0.00,normal,0,normal,21
10824,805,tcp,http,RSTR,61504,1,0,0,0,0,0,1,0,0,0,0,0,0,0,0,0,0,32,32,0.03,0.03,0.97,0.97,1.00,0.00,0.00,255,253,0.99,0.01,0.00,0.00,0.01,0.01,0.63,0.64,dos,1,apache2,14
14882,0,tcp,pop_3,REJ,0,0,0,0,0,0,0,0,0,0,0,0,0,0,0,0,0,0,3,10,0.00,0.00,1.00,0.90,0.33,1.00,1.00,42,59,0.24,0.12,0.02,0.03,0.00,0.00,0.88,1.00,probe,1,mscan,15
7483,0,tcp,uucp,RSTO,0,0,0,0,0,0,0,0,0,0,0,0,0,0,0,0,0,0,136,7,0.00,0.00,1.00,1.00,0.05,0.06,0.00,255,7,0.03,0.06,0.00,0.00,0.00,0.00,1.00,1.00,dos,0,neptune,19
212,0,tcp,http,SF,326,3942,0,0,0,0,0,1,0,0,0,0,0,0,0,0,0,0,11,34,0.00,0.00,0.00,0.00,1.00,0.00,0.06,32,255,1.00,0.00,0.03,0.05,0.00,0.00,0.00,0.00,normal,0,normal,21
14394,1,tcp,smtp,SF,1129,324,0,0,0,0,0,1,0,0,0,0,0,0,0,0,0,0,1,2,0.00,0.00,0.00,0.00,1.00,0.00,1.00,78,177,0.51,0.04,0.01,0.01,0.00,0.00,0.00,0.02,normal,0,normal,21
3510,0,tcp,http,SF,321,770,0,0,0,0,0,1,0,0,0,0,0,0,0,0,0,0,3,4,0.00,0.00,0.00,0.00,1.00,0.00,0.50,255,255,1.00,0.00,0.00,0.00,0.00,0.00,0.00,0.00,normal,0,normal,21
20802,0,icmp,ecr_i,SF,1032,0,0,0,0,0,0,0,0,0,0,0,0,0,0,0,0,0,460,460,0.00,0.00,0.00,0.00,1.00,0.00,0.00,255,255,1.00,0.00,1.00,0.00,0.00,0.00,0.00,0.00,dos,0,smurf,19
4784,0,tcp,http,SF,205,2080,0,0,0,0,0,1,0,0,0,0,0,0,0,0,0,0,10,10,0.00,0.00,0.00,0.00,1.00,0.00,0.00,30,30,1.00,0.00,0.03,0.00,0.00,0.00,0.00,0.00,normal,0,normal,21
16362,0,tcp,private,S0,0,0,0,0,0,0,0,0,0,0,0,0,0,0,0,0,0,0,240,6,1.00,1.00,0.00,0.00,0.03,0.05,0.00,255,6,0.02,0.07,0.00,0.00,1.00,1.00,0.00,0.00,dos,0,neptune,21
21038,7589,tcp,telnet,SF,0,44,0,0,0,0,0,0,0,0,0,0,0,0,0,0,0,0,1,9,0.00,0.22,0.00,0.67,1.00,0.00,1.00,255,180,0.71,0.03,0.00,0.00,0.33,0.47,0.12,0.08,dos,1,processtable,18
8706,7574,tcp,telnet,SF,0,44,0,0,0,0,0,0,0,0,0,0,0,0,0,0,0,0,1,1,0.00,0.00,0.00,0.00,1.00,0.00,0.00,255,179,0.70,0.02,0.00,0.00,0.43,0.42,0.01,0.01,dos,1,processtable,18
8997,0,tcp,http,SF,226,295,0,0,0,0,0,1,0,0,0,0,0,0,0,0,0,0,3,3,0.00,0.00,0.00,0.00,1.00,0.00,0.00,34,253,1.00,0.00,0.03,0.02,0.00,0.00,0.00,0.00,normal,0,normal,21
17610,0,tcp,http,SF,214,441,0,0,0,0,0,1,0,0,0,0,0,0,0,0,0,0,4,5,0.00,0.00,0.00,0.00,1.00,0.00,0.40,255,255,1.00,0.00,0.00,0.00,0.00,0.00,0.00,0.00,normal,0,normal,21
10374,0,udp,private,SF,54,52,0,0,0,0,0,0,0,0,0,0,0,0,0,0,0,0,509,509,0.00,0.00,0.00,0.00,1.00,0.00,0.00,255,254,1.00,0.01,0.82,0.00,0.00,0.00,0.00,0.00,normal,0,normal,17
2626,0,tcp,telnet,REJ,0,0,0,0,0,0,0,0,0,0,0,0,0,0,0,0,0,0,1,23,0.00,0.13,1.00,0.74,1.00,0.00,0.91,218,17,0.06,0.03,0.00,0.12,0.00,0.00,0.15,0.71,probe,1,mscan,14
1741,0,tcp,http,SF,348,7478,0,0,0,0,0,1,0,0,0,0,0,0,0,0,0,0,3,9,0.00,0.00,0.00,0.00,1.00,0.00,0.22,45,255,1.00,0.00,0.02,0.01,0.00,0.00,0.00,0.00,normal,0,normal,21
9213,0,tcp,private,S0,0,0,0,0,0,0,0,0,0,0,0,0,0,0,0,0,0,0,140,5,1.00,1.00,0.00,0.00,0.04,0.06,0.00,255,5,0.02,0.06,0.00,0.00,1.00,1.00,0.00,0.00,dos,0,neptune,21
15050,0,udp,private,SF,105,145,0,0,0,0,0,0,0,0,0,0,0,0,0,0,0,0,2,2,0.00,0.00,0.00,0.00,1.00,0.00,0.00,255,252,0.99,0.01,0.00,0.00,0.00,0.00,0.00,0.00,normal,0,normal,17
12392,0,tcp,Z39_50,S0,0,0,0,0,0,0,0,0,0,0,0,0,0,0,0,0,0,0,224,7,1.00,1.00,0.00,0.00,0.03,0.06,0.00,255,7,0.03,0.07,0.00,0.00,1.00,1.00,0.00,0.00,dos,0,neptune,20
16920,0,tcp,ftp_data,SF,12,0,0,0,0,0,0,0,0,0,0,0,0,0,0,0,0,0,2,2,0.00,0.00,0.00,0.00,1.00,0.00,0.00,89,34,0.16,0.07,0.16,0.06,0.00,0.00,0.00,0.00,r2l,0,warezmaster,4
18005,4,tcp,pop_3,SF,28,93,0,0,0,0,0,1,0,0,0,0,0,0,0,0,0,0,1,1,0.00,0.00,0.00,0.00,1.00,0.00,0.00,231,212,0.92,0.01,0.00,0.00,0.00,0.00,0.04,0.00,r2l,0,guess_passwd,11
20785,283,tcp,ftp,SF,160,595,0,0,0,2,0,1,0,0,0,0,0,0,0,0,0,1,1,1,0.00,0.00,0.00,0.00,1.00,0.00,0.00,255,117,0.46,0.03,0.00,0.00,0.00,0.00,0.00,0.00,r2l,0,warezmaster,14
7706,0,tcp,ftp_data,SF,12,0,0,0,0,0,0,0,0,0,0,0,0,0,0,0,0,0,1,1,0.00,0.00,0.00,0.00,1.00,0.00,0.00,112,13,0.04,0.02,0.04,0.15,0.00,0.00,0.00,0.00,r2l,0,warezmaster,5
8106,4,tcp,pop_3,SF,32,93,0,0,0,0,0,1,0,0,0,0,0,0,0,0,0,0,1,1,0.00,0.00,0.00,0.00,1.00,0.00,0.00,174,156,0.89,0.02,0.01,0.01,0.00,0.00,0.06,0.00,r2l,0,guess_passwd,10
4848,0,tcp,http,SF,235,33650,0,0,0,0,0,1,0,0,0,0,0,0,0,0,0,0,1,35,0.00,0.00,0.00,0.00,1.00,0.00,0.09,255,255,1.00,0.00,0.00,0.00,0.00,0.00,0.00,0.00,normal,0,normal,21
2004,0,tcp,http,SF,210,255,0,0,0,0,0,1,0,0,0,0,0,0,0,0,0,0,11,11,0.00,0.00,0.00,0.00,1.00,0.00,0.00,11,102,1.00,0.00,0.09,0.04,0.00,0.00,0.00,0.00,normal,0,normal,21
15569,0,tcp,domain,REJ,0,0,0,0,0,0,0,0,0,0,0,0,0,0,0,0,0,0,200,1,0.00,0.00,1.00,1.00,0.00,0.06,0.00,255,1,0.00,0.07,0.00,0.00,0.00,0.00,1.00,1.00,dos,0,neptune,19
11082,0,tcp,telnet,SF,123,174,0,0,0,0,1,0,0,0,0,0,0,0,0,0,0,0,1,1,0.00,0.00,0.00,0.00,1.00,0.00,0.00,255,125,0.49,0.02,0.00,0.00,0.00,0.00,0.01,0.02,r2l,0,guess_passwd,11
22126,0,tcp,http,SF,364,668,0,0,0,0,0,1,0,0,0,0,0,0,0,0,0,0,36,36,0.00,0.00,0.00,0.00,1.00,0.00,0.00,255,255,1.00,0.00,0.00,0.00,0.00,0.00,0.00,0.00,normal,0,normal,21
3884,0,tcp,private,S0,0,0,0,0,0,0,0,0,0,0,0,0,0,0,0,0,0,0,168,19,1.00,1.00,0.00,0.00,0.11,0.10,0.00,255,19,0.07,0.09,0.00,0.00,1.00,1.00,0.00,0.00,dos,0,neptune,21
18243,0,tcp,http,SF,320,478,0,0,0,0,0,1,0,0,0,0,0,0,0,0,0,0,8,8,0.00,0.00,0.00,0.00,1.00,0.00,0.00,255,255,1.00,0.00,0.00,0.00,0.00,0.00,0.00,0.00,normal,0,normal,21
13044,282,tcp,ftp,SF,162,597,0,0,0,2,0,1,0,0,0,0,0,0,0,0,0,1,1,1,0.00,0.00,0.00,0.00,1.00,0.00,0.00,3,2,0.67,0.67,0.33,0.00,0.00,0.00,0.00,0.00,r2l,0,warezmaster,11
7879,0,tcp,efs,REJ,0,0,0,0,0,0,0,0,0,0,0,0,0,0,0,0,0,0,95,2,0.00,0.00,1.00,1.00,0.02,0.07,0.00,255,2,0.01,0.06,0.00,0.00,0.00,0.00,1.00,1.00,dos,0,neptune,18
6516,0,udp,private,SF,28,0,0,3,0,0,0,0,0,0,0,0,0,0,0,0,0,0,72,72,0.00,0.00,0.00,0.00,1.00,0.00,0.00,92,72,0.78,0.03,0.78,0.00,0.00,0.00,0.00,0.00,normal,0,normal,9
17611,0,tcp,http,SF,215,1047,0,0,0,0,0,1,0,0,0,0,0,0,0,0,0,0,1,8,0.00,0.00,0.00,0.00,1.00,0.00,0.25,255,255,1.00,0.00,0.00,0.00,0.01,0.01,0.00,0.00,normal,0,normal,21
22458,0,tcp,telnet,SF,122,174,0,0,0,0,1,0,0,0,0,0,0,0,0,0,0,0,1,1,0.00,0.00,0.00,0.00,1.00,0.00,0.00,255,62,0.24,0.02,0.00,0.00,0.00,0.00,0.01,0.05,r2l,0,guess_passwd,11
6105,7545,tcp,telnet,SF,0,44,0,0,0,0,0,0,0,0,0,0,0,0,0,0,0,0,1,1,0.00,0.00,0.00,0.00,1.00,0.00,0.00,255,190,0.75,0.03,0.00,0.00,0.33,0.45,0.12,0.07,dos,1,processtable,18
1818,0,tcp,http,SF,222,7104,0,0,0,0,0,1,0,0,0,0,0,0,0,0,0,0,14,16,0.00,0.00,0.00,0.00,1.00,0.00,0.19,30,255,1.00,0.00,0.03,0.04,0.00,0.00,0.00,0.00,normal,0,normal,21
9090,0,tcp,private,REJ,0,0,0,0,0,0,0,0,0,0,0,0,0,0,0,0,0,0,138,17,0.00,0.00,1.00,1.00,0.12,0.06,0.00,255,17,0.07,0.06,0.00,0.00,0.00,0.00,1.00,1.00,dos,0,neptune,21
15259,0,tcp,http,S0,0,0,0,0,0,0,0,0,0,0,0,0,0,0,0,0,0,0,85,85,1.00,1.00,0.00,0.00,1.00,0.00,0.00,255,255,1.00,0.00,0.00,0.00,0.47,0.47,0.52,0.52,dos,1,apache2,17
6818,0,tcp,http,SF,218,4430,0,0,0,0,0,1,0,0,0,0,0,0,0,0,0,0,10,11,0.00,0.00,0.00,0.00,1.00,0.00,0.18,10,255,1.00,0.00,0.10,0.04,0.00,0.00,0.00,0.00,normal,0,normal,21
18889,0,tcp,link,REJ,0,0,0,0,0,0,0,0,0,0,0,0,0,0,0,0,0,0,219,2,0.00,0.00,1.00,1.00,0.01,0.07,0.00,255,2,0.01,0.08,0.00,0.00,0.00,0.00,1.00,1.00,dos,0,neptune,20
3583,1,tcp,smtp,SF,1613,329,0,0,0,0,0,1,0,0,0,0,0,0,0,0,0,0,1,2,0.00,0.00,0.00,0.00,1.00,0.00,1.00,45,169,0.69,0.09,0.02,0.01,0.00,0.00,0.00,0.01,normal,0,normal,21
209,0,tcp,http,SF,245,351,0,0,0,0,0,1,0,0,0,0,0,0,0,0,0,0,13,20,0.00,0.00,0.00,0.00,1.00,0.00,0.10,254,255,1.00,0.00,0.00,0.01,0.00,0.00,0.00,0.00,normal,0,normal,21
11306,0,tcp,ftp_data,REJ,0,0,0,0,0,0,0,0,0,0,0,0,0,0,0,0,0,0,50,12,0.00,0.00,1.00,1.00,0.24,0.08,0.00,255,52,0.20,0.19,0.01,0.00,0.00,0.00,0.98,1.00,dos,0,neptune,18
8776,0,tcp,private,REJ,0,0,0,0,0,0,0,0,0,0,0,0,0,0,0,0,0,0,146,5,0.00,0.00,1.00,1.00,0.03,0.06,0.00,255,5,0.02,0.06,0.00,0.00,0.00,0.00,1.00,1.00,dos,0,neptune,21
7332,0,tcp,private,S0,0,0,0,0,0,0,0,0,0,0,0,0,0,0,0,0,0,0,286,16,0.73,0.62,0.27,0.38,0.06,0.06,0.00,255,16,0.06,0.07,0.00,0.00,0.74,0.62,0.26,0.38,dos,0,neptune,21
18149,0,tcp,http,SF,216,1790,0,0,0,0,0,1,0,0,0,0,0,0,0,0,0,0,12,21,0.00,0.00,0.00,0.00,1.00,0.00,0.19,255,255,1.00,0.00,0.00,0.00,0.00,0.00,0.00,0.00,normal,0,normal,21
10110,0,tcp,private,REJ,0,0,0,0,0,0,0,0,0,0,0,0,0,0,0,0,0,0,121,20,0.00,0.00,1.00,1.00,0.17,0.06,0.00,255,20,0.08,0.06,0.00,0.00,0.00,0.00,1.00,1.00,dos,0,neptune,21
7242,0,tcp,ftp,RSTO,0,0,0,0,0,0,0,0,0,0,0,0,0,0,0,0,0,0,246,13,0.00,0.00,1.00,1.00,0.05,0.07,0.00,255,13,0.05,0.07,0.00,0.00,0.00,0.00,1.00,1.00,dos,0,neptune,20
9136,0,tcp,http,SF,225,702,0,0,0,0,0,1,0,0,0,0,0,0,0,0,0,0,8,9,0.00,0.00,0.00,0.00,1.00,0.00,0.22,228,255,1.00,0.00,0.00,0.01,0.00,0.00,0.00,0.00,normal,0,normal,21
16681,4,tcp,pop_3,SF,32,93,0,0,0,0,0,1,0,0,0,0,0,0,0,0,0,0,1,1,0.00,0.00,0.00,0.00,1.00,0.00,0.00,255,133,0.52,0.02,0.00,0.00,0.00,0.00,0.17,0.00,r2l,0,guess_passwd,17
3887,1,tcp,imap4,RSTO,0,44,0,0,0,0,0,0,0,0,0,0,0,0,0,0,0,0,2,11,0.00,0.00,1.00,0.73,0.50,1.00,1.00,255,55,0.22,0.02,0.00,0.00,0.02,0.05,0.79,0.91,probe,1,mscan,14
7528,0,udp,private,SF,48,0,0,0,0,0,0,0,0,0,0,0,0,0,0,0,0,0,3,3,0.00,0.00,0.00,0.00,1.00,0.00,0.00,255,254,1.00,0.01,0.01,0.00,0.00,0.00,0.00,0.00,r2l,1,snmpguess,16
13753,0,tcp,http,SF,300,1198,0,0,0,0,0,1,0,0,0,0,0,0,0,0,0,0,5,6,0.00,0.00,0.00,0.00,1.00,0.00,0.33,29,255,1.00,0.00,0.03,0.02,0.00,0.00,0.00,0.00,normal,0,normal,21
18447,5,tcp,pop_3,SF,30,93,0,0,0,0,0,1,0,0,0,0,0,0,0,0,0,0,1,1,0.00,0.00,0.00,0.00,1.00,0.00,0.00,255,248,0.97,0.02,0.00,0.00,0.00,0.00,0.00,0.00,r2l,0,guess_passwd,18
19355,0,tcp,other,RSTR,0,0,0,0,0,0,0,0,0,0,0,0,0,0,0,0,0,0,1,1,0.00,0.00,1.00,1.00,1.00,0.00,0.00,255,1,0.00,0.64,0.62,0.00,0.00,0.00,0.62,1.00,normal,0,normal,3
18074,0,tcp,private,REJ,0,0,0,0,0,0,0,0,0,0,0,0,0,0,0,0,0,0,256,4,0.00,0.00,1.00,1.00,0.02,0.06,0.00,255,4,0.02,0.06,0.00,0.00,0.00,0.00,1.00,1.00,dos,0,neptune,21
10284,0,tcp,ldap,S0,0,0,0,0,0,0,0,0,0,0,0,0,0,0,0,0,0,0,122,20,1.00,1.00,0.00,0.00,0.16,0.07,0.00,255,20,0.08,0.06,0.00,0.00,1.00,1.00,0.00,0.00,dos,0,neptune,21
16949,21,tcp,ftp,SF,227,764,0,0,0,4,0,1,0,0,0,0,0,0,0,0,0,1,1,1,0.00,0.00,0.00,0.00,1.00,0.00,0.00,6,5,0.67,0.33,0.17,0.40,0.00,0.00,0.00,0.00,normal,0,normal,21
3153,0,tcp,private,REJ,0,0,0,0,0,0,0,0,0,0,0,0,0,0,0,0,0,0,510,1,0.01,0.00,0.97,1.00,0.00,1.00,0.00,255,1,0.00,1.00,0.00,0.00,0.02,0.00,0.98,1.00,probe,0,satan,20
4981,0,udp,private,SF,1,1,0,0,0,0,0,0,0,0,0,0,0,0,0,0,0,0,24,1,0.00,0.00,0.00,0.00,0.04,0.71,0.00,255,1,0.00,0.51,0.97,0.00,0.00,0.00,0.03,0.00,probe,0,satan,17
8521,0,tcp,iso_tsap,REJ,0,0,0,0,0,0,0,0,0,0,0,0,0,0,0,0,0,0,291,16,0.00,0.00,1.00,1.00,0.05,0.06,0.00,255,16,0.06,0.07,0.00,0.00,0.00,0.00,1.00,1.00,dos,0,neptune,21
15231,0,tcp,private,REJ,0,0,0,0,0,0,0,0,0,0,0,0,0,0,0,0,0,0,139,4,0.00,0.00,1.00,1.00,0.03,0.06,0.00,255,4,0.02,0.06,0.00,0.00,0.00,0.00,1.00,1.00,dos,0,neptune,21
22229,0,tcp,telnet,S3,0,44,0,0,0,0,0,0,0,0,0,0,0,0,0,0,0,0,1,1,1.00,1.00,0.00,0.00,1.00,0.00,0.00,255,61,0.24,0.68,0.00,0.00,0.14,0.59,0.66,0.00,dos,1,processtable,18
9205,0,icmp,ecr_i,SF,1032,0,0,0,0,0,0,0,0,0,0,0,0,0,0,0,0,0,510,510,0.00,0.00,0.00,0.00,1.00,0.00,0.00,255,156,0.61,0.01,0.61,0.00,0.00,0.00,0.00,0.00,dos,0,smurf,18
4868,0,tcp,http,SF,226,26153,0,0,0,0,0,1,0,0,0,0,0,0,0,0,0,0,14,15,0.00,0.00,0.00,0.00,1.00,0.00,0.13,69,255,1.00,0.00,0.01,0.02,0.00,0.00,0.00,0.00,normal,0,normal,21
19090,3,tcp,pop_3,SF,30,93,0,0,0,0,0,1,0,0,0,0,0,0,0,0,0,0,1,1,0.00,0.00,0.00,0.00,1.00,0.00,0.00,255,254,1.00,0.01,0.00,0.00,0.00,0.00,0.00,0.00,r2l,0,guess_passwd,17
21397,0,tcp,telnet,S0,0,0,0,0,0,0,0,0,0,0,0,0,0,0,0,0,0,0,1,22,1.00,0.14,0.00,0.73,1.00,0.00,0.91,62,85,0.35,0.05,0.02,0.02,1.00,0.26,0.00,0.52,probe,1,mscan,14
12017,0,tcp,private,REJ,0,0,0,0,0,0,0,0,0,0,0,0,0,0,0,0,0,0,269,6,0.00,0.00,1.00,1.00,0.02,0.06,0.00,255,6,0.02,0.06,0.00,0.00,0.00,0.00,1.00,1.00,dos,0,neptune,21
20224,0,tcp,private,S0,0,0,0,0,0,0,0,0,0,0,0,0,0,0,0,0,0,0,146,19,1.00,1.00,0.00,0.00,0.13,0.06,0.00,255,19,0.07,0.08,0.00,0.00,1.00,1.00,0.00,0.00,dos,0,neptune,21
22210,0,udp,private,SF,1,1,0,0,0,0,0,0,0,0,0,0,0,0,0,0,0,0,65,1,0.00,0.00,0.00,0.00,0.02,1.00,0.00,255,1,0.00,0.76,0.99,0.00,0.00,0.00,0.01,0.00,probe,0,satan,14
683,0,icmp,ecr_i,SF,508,0,0,0,0,0,0,0,0,0,0,0,0,0,0,0,0,0,182,182,0.00,0.00,0.00,0.00,1.00,0.00,0.00,255,255,1.00,0.00,1.00,0.00,0.00,0.00,0.00,0.00,dos,0,smurf,18
10922,0,tcp,finger,S2,0,334,0,0,0,0,0,0,0,0,0,0,0,0,0,0,0,0,95,1,0.15,1.00,0.84,0.00,0.01,1.00,0.00,255,3,0.01,0.32,0.00,0.00,0.06,0.33,0.25,0.00,probe,1,saint,15
21923,0,tcp,private,S0,0,0,0,0,0,0,0,0,0,0,0,0,0,0,0,0,0,0,116,13,1.00,1.00,0.00,0.00,0.11,0.06,0.00,255,13,0.05,0.05,0.00,0.00,1.00,1.00,0.00,0.00,dos,0,neptune,21
2505,0,tcp,http,SF,319,402,0,0,0,0,0,1,0,0,0,0,0,0,0,0,0,0,13,13,0.00,0.00,0.00,0.00,1.00,0.00,0.00,228,255,1.00,0.00,0.00,0.01,0.00,0.00,0.00,0.00,normal,0,normal,21
6238,0,udp,private,SF,52,49,0,0,0,0,0,0,0,0,0,0,0,0,0,0,0,0,511,511,0.00,0.00,0.00,0.00,1.00,0.00,0.00,255,255,1.00,0.00,0.82,0.00,0.00,0.00,0.00,0.00,normal,0,normal,17
2120,0,tcp,private,REJ,0,0,0,0,0,0,0,0,0,0,0,0,0,0,0,0,0,0,2,1,0.00,0.00,1.00,1.00,0.50,1.00,0.00,255,1,0.00,0.48,0.20,0.00,0.00,0.00,0.21,1.00,probe,0,portsweep,18
12564,0,tcp,http,SF,303,3995,0,0,0,0,0,1,0,0,0,0,0,0,0,0,0,0,8,8,0.00,0.00,0.00,0.00,1.00,0.00,0.00,23,233,1.00,0.00,0.04,0.04,0.00,0.00,0.00,0.00,normal,0,normal,21
17350,0,tcp,http,S0,0,0,0,0,0,0,0,0,0,0,0,0,0,0,0,0,0,0,13,13,1.00,1.00,0.00,0.00,1.00,0.00,0.00,255,245,0.96,0.01,0.00,0.00,0.16,0.16,0.56,0.59,dos,1,apache2,15
12650,0,tcp,http,SF,355,1680,0,0,0,0,0,1,0,0,0,0,0,0,0,0,0,0,1,9,0.00,0.00,0.00,0.00,1.00,0.00,0.22,147,255,1.00,0.00,0.01,0.02,0.00,0.00,0.00,0.00,normal,0,normal,21
17247,0,tcp,http,SF,309,1212,0,0,0,0,0,1,0,0,0,0,0,0,0,0,0,0,4,4,0.00,0.00,0.00,0.00,1.00,0.00,0.00,237,255,1.00,0.00,0.00,0.01,0.00,0.00,0.00,0.00,normal,0,normal,21
13744,0,tcp,private,S0,0,0,0,0,0,0,0,0,0,0,0,0,0,0,0,0,0,0,228,4,1.00,1.00,0.00,0.00,0.02,0.08,0.00,255,4,0.02,0.08,0.00,0.00,1.00,1.00,0.00,0.00,dos,0,neptune,21
14170,0,tcp,http,SF,262,2337,0,0,0,0,0,1,0,0,0,0,0,0,0,0,0,0,26,26,0.00,0.00,0.00,0.00,1.00,0.00,0.00,115,255,1.00,0.00,0.01,0.02,0.00,0.00,0.00,0.00,normal,0,normal,21
22329,0,tcp,private,REJ,0,0,0,0,0,0,0,0,0,0,0,0,0,0,0,0,0,0,132,15,0.00,0.00,1.00,1.00,0.11,0.06,0.00,255,15,0.06,0.06,0.00,0.00,0.00,0.00,1.00,1.00,dos,0,neptune,21
11641,0,tcp,domain,REJ,0,0,0,0,0,0,0,0,0,0,0,0,0,0,0,0,0,0,228,2,0.00,0.00,1.00,1.00,0.01,0.07,0.00,255,2,0.01,0.09,0.00,0.00,0.00,0.00,1.00,1.00,dos,0,neptune,20
9337,126,tcp,ftp,SF,644,1876,0,0,0,11,3,1,0,0,0,0,0,0,0,0,0,0,1,1,0.00,0.00,0.00,0.00,1.00,0.00,0.00,9,3,0.33,0.22,0.11,0.00,0.00,0.00,0.00,0.00,normal,0,normal,19
11212,0,tcp,telnet,S3,0,44,0,0,0,0,0,0,0,0,0,0,0,0,0,0,0,0,1,1,1.00,1.00,0.00,0.00,1.00,0.00,0.00,255,54,0.21,0.70,0.00,0.00,0.11,0.54,0.68,0.00,dos,1,processtable,17
3165,0,tcp,private,REJ,0,0,0,0,0,0,0,0,0,0,0,0,0,0,0,0,0,0,236,14,0.00,0.00,1.00,1.00,0.06,0.07,0.00,255,14,0.05,0.07,0.00,0.00,0.00,0.00,1.00,1.00,dos,0,neptune,21
20038,0,tcp,http,SF,297,446,0,0,0,0,0,1,0,0,0,0,0,0,0,0,0,0,33,33,0.00,0.00,0.00,0.00,1.00,0.00,0.00,245,255,1.00,0.00,0.00,0.01,0.00,0.00,0.00,0.00,normal,0,normal,21
12290,0,tcp,telnet,RSTO,0,15,0,0,0,0,0,0,0,0,0,0,0,0,0,0,0,0,3,5,0.00,0.20,0.67,0.40,0.67,0.67,0.60,255,51,0.20,0.02,0.00,0.00,0.00,0.02,0.55,0.75,probe,1,mscan,15
6411,4,tcp,pop_3,SF,31,93,0,0,0,0,0,1,0,0,0,0,0,0,0,0,0,0,1,1,0.00,0.00,0.00,0.00,1.00,0.00,0.00,182,163,0.90,0.02,0.01,0.00,0.00,0.00,0.05,0.00,r2l,0,guess_passwd,11
19521,0,tcp,private,REJ,0,0,0,0,0,0,0,0,0,0,0,0,0,0,0,0,0,0,213,11,0.00,0.00,1.00,1.00,0.05,0.08,0.00,255,11,0.04,0.07,0.00,0.00,0.00,0.00,1.00,1.00,dos,0,neptune,21
4561,282,tcp,ftp,SF,160,597,0,0,0,2,0,1,0,0,0,0,0,0,0,0,0,1,1,1,0.00,0.00,0.00,0.00,1.00,0.00,0.00,132,47,0.36,0.05,0.01,0.00,0.00,0.00,0.00,0.00,r2l,0,warezmaster,12
13990,0,tcp,finger,S0,0,0,0,0,0,0,0,0,0,0,0,0,0,0,0,0,0,0,16,4,1.00,1.00,0.00,0.00,0.25,0.25,0.00,255,25,0.10,0.05,0.00,0.00,0.82,0.96,0.02,0.00,dos,0,neptune,18
14501,0,tcp,http,SF,328,2261,0,0,0,0,0,1,0,0,0,0,0,0,0,0,0,0,8,8,0.00,0.00,0.00,0.00,1.00,0.00,0.00,243,255,1.00,0.00,0.01,0.01,0.00,0.00,0.00,0.00,normal,0,normal,21
12495,0,tcp,exec,RSTO,0,0,0,0,0,0,0,0,0,0,0,0,0,0,0,0,0,0,130,8,0.00,0.00,1.00,1.00,0.06,0.06,0.00,255,8,0.03,0.05,0.00,0.00,0.00,0.00,1.00,1.00,dos,0,neptune,21
4098,0,tcp,http,SF,334,55417,0,0,0,0,0,1,0,0,0,0,0,0,0,0,0,0,1,1,0.00,0.00,0.00,0.00,1.00,0.00,0.00,91,255,1.00,0.00,0.01,0.02,0.00,0.00,0.00,0.00,normal,0,normal,21
6969,902,tcp,http,RSTR,59424,0,0,0,0,0,0,1,0,0,0,0,0,0,0,0,0,0,80,80,0.01,0.01,0.98,0.98,1.00,0.00,0.00,255,255,1.00,0.00,0.00,0.00,0.00,0.00,0.31,0.31,dos,1,apache2,15
11070,0,tcp,http,SF,238,7971,0,0,0,0,0,1,0,0,0,0,0,0,0,0,0,0,11,20,0.00,0.00,0.00,0.00,1.00,0.00,0.15,255,255,1.00,0.00,0.00,0.00,0.00,0.00,0.00,0.00,normal,0,normal,21
1816,0,tcp,http,SF,266,2395,0,0,0,0,0,1,0,0,0,0,0,0,0,0,0,0,10,10,0.00,0.00,0.00,0.00,1.00,0.00,0.00,255,255,1.00,0.00,0.00,0.00,0.00,0.00,0.00,0.00,normal,0,normal,21
11865,791,tcp,http,RSTR,1024,0,0,0,0,0,0,1,0,0,0,0,0,0,0,0,0,0,57,57,0.04,0.04,0.96,0.96,1.00,0.00,0.00,255,253,0.99,0.01,0.00,0.00,0.01,0.01,0.29,0.29,dos,1,apache2,14
2712,0,tcp,vmnet,REJ,0,0,0,0,0,0,0,0,0,0,0,0,0,0,0,0,0,0,229,9,0.00,0.00,1.00,1.00,0.04,0.06,0.00,255,9,0.04,0.07,0.00,0.00,0.00,0.00,1.00,1.00,dos,0,neptune,20
8391,283,tcp,ftp,SF,158,597,0,0,0,2,0,1,0,0,0,0,0,0,0,0,0,1,1,1,0.00,0.00,0.00,0.00,1.00,0.00,0.00,255,76,0.30,0.03,0.00,0.00,0.03,0.00,0.02,0.00,r2l,0,warezmaster,12
3428,2,tcp,imap4,RSTO,0,44,0,0,0,0,0,0,0,0,0,0,0,0,0,0,0,0,2,4,0.00,0.00,1.00,1.00,0.50,1.00,1.00,30,60,0.27,0.17,0.03,0.03,0.00,0.00,0.87,0.98,probe,1,mscan,12
18311,0,tcp,other,SF,240,611,0,0,0,0,0,0,0,0,0,0,0,0,0,0,0,0,2,2,0.00,0.00,0.00,0.00,1.00,0.00,0.00,255,21,0.08,0.02,0.00,0.00,0.00,0.00,0.08,0.86,u2r,1,httptunnel,5
21051,29,tcp,http,SF,248,190,0,0,0,0,0,1,0,0,0,0,0,0,0,0,0,0,35,35,0.00,0.00,0.00,0.00,1.00,0.00,0.00,124,255,1.00,0.00,0.01,0.02,0.00,0.00,0.00,0.00,normal,0,normal,21
13115,0,tcp,other,S0,0,0,0,0,0,0,0,0,0,0,0,0,0,0,0,0,0,0,458,1,0.14,1.00,0.86,0.00,0.00,1.00,0.00,255,1,0.00,0.89,0.00,0.00,0.13,1.00,0.87,0.00,probe,0,satan,19
6806,0,tcp,http,SF,293,3048,0,0,0,0,0,1,0,0,0,0,0,0,0,0,0,0,11,11,0.00,0.00,0.00,0.00,1.00,0.00,0.00,255,255,1.00,0.00,0.00,0.00,0.00,0.00,0.00,0.00,normal,0,normal,21
14869,1,tcp,smtp,SF,2599,293,0,0,0,0,0,1,0,0,0,0,0,0,0,0,0,0,2,2,0.00,0.00,0.00,0.00,1.00,0.00,0.00,255,14,0.05,0.16,0.00,0.00,0.00,0.00,0.93,0.00,dos,1,mailbomb,12
21789,0,tcp,private,REJ,0,0,0,0,0,0,0,0,0,0,0,0,0,0,0,0,0,0,118,12,0.00,0.00,1.00,1.00,0.10,0.07,0.00,255,12,0.05,0.06,0.00,0.00,0.00,0.00,1.00,1.00,dos,0,neptune,21
5901,0,tcp,time,S0,0,0,0,0,0,0,0,0,0,0,0,0,0,0,0,0,0,0,294,2,1.00,1.00,0.00,0.00,0.01,0.06,0.00,255,2,0.01,0.07,0.00,0.00,1.00,1.00,0.00,0.00,dos,0,neptune,18
22071,0,tcp,http,SF,304,2698,0,0,0,0,0,1,0,0,0,0,0,0,1,0,0,0,3,3,0.00,0.00,0.00,0.00,1.00,0.00,0.00,255,239,0.94,0.01,0.00,0.00,0.00,0.00,0.01,0.01,normal,0,normal,21
166,0,tcp,private,S0,0,0,0,0,0,0,0,0,0,0,0,0,0,0,0,0,0,0,216,7,1.00,1.00,0.00,0.00,0.03,0.06,0.00,255,7,0.03,0.07,0.00,0.00,1.00,1.00,0.00,0.00,dos,0,neptune,21
8278,0,tcp,http,SF,307,3731,0,0,0,0,0,1,0,0,0,0,0,0,0,0,0,0,3,3,0.00,0.00,0.00,0.00,1.00,0.00,0.00,149,255,1.00,0.00,0.01,0.02,0.00,0.00,0.00,0.00,normal,0,normal,21
7139,0,tcp,http,SF,242,5259,0,0,0,0,0,1,0,0,0,0,0,0,0,0,0,0,10,10,0.00,0.00,0.00,0.00,1.00,0.00,0.00,237,237,1.00,0.00,0.00,0.00,0.00,0.00,0.00,0.00,normal,0,normal,21
13896,0,tcp,private,REJ,0,0,0,0,0,0,0,0,0,0,0,0,0,0,0,0,0,0,263,7,0.00,0.00,1.00,1.00,0.03,0.07,0.00,255,7,0.03,0.07,0.00,0.00,0.00,0.00,1.00,1.00,dos,0,neptune,21
15480,0,tcp,private,REJ,0,0,0,0,0,0,0,0,0,0,0,0,0,0,0,0,0,0,139,19,0.00,0.00,1.00,1.00,0.14,0.05,0.00,255,19,0.07,0.05,0.00,0.00,0.00,0.00,1.00,1.00,dos,0,neptune,21
18009,0,tcp,http,SF,193,288,0,0,0,0,0,1,0,0,0,0,0,0,0,0,0,0,5,7,0.00,0.00,0.00,0.00,1.00,0.00,0.43,29,255,1.00,0.00,0.03,0.03,0.00,0.00,0.00,0.00,normal,0,normal,21
20411,0,tcp,ftp_data,SF,12,0,0,0,0,0,0,0,0,0,0,0,0,0,0,0,0,0,1,1,0.00,0.00,0.00,0.00,1.00,0.00,0.00,6,13,0.83,0.33,0.83,0.15,0.00,0.00,0.00,0.00,r2l,0,warezmaster,6
5760,0,tcp,private,REJ,0,0,0,0,0,0,0,0,0,0,0,0,0,0,0,0,0,0,223,10,0.00,0.00,1.00,1.00,0.04,0.08,0.00,255,10,0.04,0.07,0.00,0.00,0.00,0.00,1.00,1.00,dos,0,neptune,21
12565,0,tcp,sunrpc,REJ,0,0,0,0,0,0,0,0,0,0,0,0,0,0,0,0,0,0,5,9,0.00,0.00,0.80,1.00,0.20,1.00,1.00,225,28,0.12,0.03,0.01,0.07,0.00,0.00,0.57,1.00,probe,1,mscan,14
22153,0,tcp,http,SF,244,668,0,0,0,0,0,1,0,0,0,0,0,0,0,0,0,0,7,7,0.00,0.00,0.00,0.00,1.00,0.00,0.00,38,255,1.00,0.00,0.03,0.01,0.00,0.00,0.00,0.00,normal,0,normal,21
21810,28,tcp,ftp_data,SF,6291668,0,0,0,0,0,0,0,0,0,0,0,0,0,0,0,0,0,1,1,0.00,0.00,0.00,0.00,1.00,0.00,0.00,6,51,0.17,0.67,0.17,0.04,0.00,0.00,0.00,0.00,normal,0,normal,20
662,0,tcp,ftp,SF,26,157,0,0,0,0,1,0,0,0,0,0,0,0,0,0,0,1,1,1,0.00,0.00,0.00,0.00,1.00,0.00,0.00,131,61,0.47,0.03,0.01,0.00,0.00,0.00,0.00,0.00,r2l,0,guess_passwd,7
10952,0,tcp,http,SF,282,598,0,0,0,0,0,1,0,0,0,0,0,0,0,0,0,0,1,3,0.00,0.00,0.00,0.00,1.00,0.00,0.67,82,255,1.00,0.00,0.01,0.01,0.00,0.00,0.00,0.00,normal,0,normal,21
21402,0,udp,private,SF,105,147,0,0,0,0,0,0,0,0,0,0,0,0,0,0,0,0,1,1,0.00,0.00,0.00,0.00,1.00,0.00,0.00,204,202,0.99,0.01,0.00,0.00,0.00,0.00,0.00,0.00,r2l,1,snmpgetattack,1
6414,7646,tcp,telnet,SF,0,44,0,0,0,0,0,0,0,0,0,0,0,0,0,0,0,0,1,1,0.00,0.00,0.00,0.00,1.00,0.00,0.00,255,168,0.66,0.02,0.00,0.00,0.49,0.48,0.01,0.01,dos,1,processtable,18
15871,280,tcp,ftp_data,SF,283618,0,0,0,0,0,0,0,0,0,0,0,0,0,0,0,0,0,2,2,0.00,0.00,0.00,0.00,1.00,0.00,0.00,2,20,1.00,0.00,1.00,0.15,0.00,0.00,0.00,0.00,r2l,0,warezmaster,17
1112,0,tcp,private,S0,0,0,0,0,0,0,0,0,0,0,0,0,0,0,0,0,0,0,222,7,1.00,1.00,0.00,0.00,0.03,0.07,0.00,255,7,0.03,0.07,0.00,0.00,1.00,1.00,0.00,0.00,dos,0,neptune,21
22026,0,tcp,http,SF,251,540,0,0,0,0,0,1,0,0,0,0,0,0,0,0,0,0,18,18,0.00,0.00,0.00,0.00,1.00,0.00,0.00,255,255,1.00,0.00,0.00,0.00,0.00,0.00,0.00,0.00,normal,0,normal,21
16210,0,udp,domain_u,SF,42,42,0,0,0,0,0,0,0,0,0,0,0,0,0,0,0,0,2,5,0.00,0.00,0.00,0.00,1.00,0.00,0.40,255,252,0.99,0.01,0.03,0.00,0.00,0.00,0.00,0.00,normal,0,normal,21
9344,0,icmp,ecr_i,SF,1008,0,0,0,0,0,0,0,0,0,0,0,0,0,0,0,0,0,425,425,0.00,0.00,0.00,0.00,1.00,0.00,0.00,255,255,1.00,0.00,1.00,0.00,0.00,0.00,0.00,0.00,dos,0,smurf,18
16634,0,tcp,http,SF,228,3398,0,0,0,0,0,1,0,0,0,0,0,0,0,0,0,0,3,3,0.00,0.00,0.00,0.00,1.00,0.00,0.00,52,255,1.00,0.00,0.02,0.04,0.00,0.00,0.00,0.00,normal,0,normal,21
11296,0,tcp,http,SF,156,513,0,0,0,0,0,1,0,0,0,0,0,0,0,0,0,0,8,10,0.00,0.00,0.00,0.00,1.00,0.00,0.20,9,245,1.00,0.00,0.11,0.02,0.00,0.00,0.00,0.00,normal,0,normal,21
21962,0,udp,domain_u,SF,36,0,0,0,0,0,0,0,0,0,0,0,0,0,0,0,0,0,5,5,0.00,0.00,0.00,0.00,1.00,0.00,0.00,5,122,1.00,0.00,1.00,0.02,0.00,0.00,0.00,0.00,normal,0,normal,21
18647,0,tcp,http,SF,242,18309,0,0,0,0,0,1,0,0,0,0,0,0,0,0,0,0,2,29,0.00,0.00,0.00,0.00,1.00,0.00,0.10,2,255,1.00,0.00,0.50,0.02,0.00,0.00,0.00,0.00,normal,0,normal,21
20165,0,tcp,http,SF,196,9297,0,0,0,0,0,1,0,0,0,0,0,0,0,0,0,0,2,2,0.00,0.00,0.00,0.00,1.00,0.00,0.00,255,255,1.00,0.00,0.00,0.00,0.00,0.00,0.00,0.00,normal,0,normal,21
2551,0,tcp,ftp_data,SF,12,0,0,0,0,0,0,0,0,0,0,0,0,0,0,0,0,0,1,1,0.00,0.00,0.00,0.00,1.00,0.00,0.00,4,11,0.75,0.50,0.75,0.18,0.00,0.00,0.00,0.00,r2l,0,warezmaster,5
17549,0,tcp,http,SF,327,5924,0,0,0,0,0,1,0,0,0,0,0,0,0,0,0,0,2,2,0.00,0.00,0.00,0.00,1.00,0.00,0.00,91,255,1.00,0.00,0.01,0.02,0.00,0.00,0.00,0.00,normal,0,normal,21
20740,0,tcp,http,SF,336,406,0,0,0,0,0,1,0,0,0,0,0,0,0,0,0,0,10,30,0.20,0.10,0.00,0.00,1.00,0.00,0.07,255,255,1.00,0.00,0.00,0.00,0.01,0.01,0.00,0.00,normal,0,normal,20
2668,281,tcp,ftp,SF,162,597,0,0,0,2,0,1,0,0,0,0,0,0,0,0,0,1,1,1,0.00,0.00,0.00,0.00,1.00,0.00,0.00,255,34,0.13,0.02,0.00,0.00,0.00,0.00,0.41,0.00,r2l,0,warezmaster,13
8563,0,tcp,telnet,SF,120,174,0,0,0,0,1,0,0,0,0,0,0,0,0,0,0,0,1,1,0.00,0.00,0.00,0.00,1.00,0.00,0.00,255,209,0.82,0.02,0.00,0.00,0.00,0.00,0.02,0.03,r2l,0,guess_passwd,15
13638,0,tcp,http,SF,241,396,0,0,0,0,0,1,0,0,0,0,0,0,0,0,0,0,10,10,0.00,0.00,0.00,0.00,1.00,0.00,0.00,255,255,1.00,0.00,0.00,0.00,0.00,0.00,0.00,0.00,normal,0,normal,21
10224,0,tcp,telnet,SF,122,174,0,0,0,0,1,0,0,0,0,0,0,0,0,0,0,0,1,1,0.00,0.00,0.00,0.00,1.00,0.00,0.00,255,254,1.00,0.01,0.00,0.00,0.01,0.01,0.01,0.01,r2l,0,guess_passwd,13
6456,0,tcp,smtp,SF,0,83,0,0,0,0,0,1,0,0,0,0,0,0,0,0,0,0,1,1,0.00,0.00,0.00,0.00,1.00,0.00,0.00,142,199,0.77,0.04,0.01,0.01,0.00,0.00,0.01,0.02,normal,0,normal,18
18612,0,udp,other,SF,1,1,0,0,0,0,0,0,0,0,0,0,0,0,0,0,0,0,40,1,0.00,0.00,0.00,0.00,0.03,0.90,0.00,255,1,0.00,0.60,0.97,0.00,0.00,0.00,0.03,0.00,probe,0,satan,15
3136,0,udp,private,SF,105,146,0,0,0,0,0,0,0,0,0,0,0,0,0,0,0,0,1,1,0.00,0.00,0.00,0.00,1.00,0.00,0.00,255,250,0.98,0.01,0.00,0.00,0.00,0.00,0.00,0.00,r2l,1,snmpgetattack,0
20493,0,tcp,private,S0,0,0,0,0,0,0,0,0,0,0,0,0,0,0,0,0,0,0,133,15,1.00,1.00,0.00,0.00,0.11,0.06,0.00,255,15,0.06,0.06,0.00,0.00,1.00,1.00,0.00,0.00,dos,0,neptune,21
2148,0,tcp,pop_3,RSTO,0,0,0,0,0,0,0,0,0,0,0,0,0,0,0,0,0,0,288,12,0.00,0.00,1.00,1.00,0.04,0.06,0.00,255,12,0.05,0.06,0.00,0.00,0.00,0.00,1.00,1.00,dos,0,neptune,21
6385,0,tcp,http,S0,0,0,0,0,0,0,0,0,0,0,0,0,0,0,0,0,0,0,41,41,0.85,0.85,0.12,0.12,1.00,0.00,0.00,255,255,1.00,0.00,0.00,0.00,0.19,0.19,0.70,0.70,dos,1,apache2,17
22518,0,tcp,http,SF,295,757,0,0,0,0,0,1,0,0,0,0,0,0,0,0,0,0,3,4,0.00,0.00,0.00,0.00,1.00,0.00,0.50,255,255,1.00,0.00,0.00,0.00,0.00,0.00,0.00,0.00,normal,0,normal,21
18716,0,udp,private,SF,46,0,0,0,0,0,0,0,0,0,0,0,0,0,0,0,0,0,4,4,0.00,0.00,0.00,0.00,1.00,0.00,0.00,255,253,0.99,0.01,0.00,0.00,0.00,0.00,0.00,0.00,r2l,1,snmpguess,15
5513,1,tcp,smtp,SF,2599,293,0,0,0,0,0,1,0,0,0,0,0,0,0,0,0,0,3,3,0.00,0.00,0.00,0.00,1.00,0.00,0.00,255,199,0.78,0.13,0.00,0.00,0.00,0.00,0.21,0.00,dos,1,mailbomb,11
5772,282,tcp,ftp,SF,162,599,0,0,0,2,0,1,0,0,0,0,0,0,0,0,0,1,3,1,0.00,0.00,0.00,0.00,0.33,0.67,0.00,255,1,0.00,0.04,0.00,0.00,0.00,0.00,0.03,0.00,r2l,0,warezmaster,11
10608,0,tcp,http,SF,250,291,0,0,0,0,0,1,0,0,0,0,0,0,0,0,0,0,24,33,0.00,0.00,0.00,0.00,1.00,0.00,0.15,255,255,1.00,0.00,0.00,0.00,0.00,0.00,0.00,0.00,normal,0,normal,21
6132,4,tcp,pop_3,SF,28,93,0,0,0,0,0,1,0,0,0,0,0,0,0,0,0,0,1,1,0.00,0.00,0.00,0.00,1.00,0.00,0.00,255,252,0.99,0.01,0.00,0.00,0.00,0.00,0.00,0.00,r2l,0,guess_passwd,18
17333,2,tcp,smtp,SF,844,334,0,0,0,0,0,1,0,0,0,0,0,0,0,0,0,0,1,4,0.00,0.00,0.00,0.00,1.00,0.00,1.00,165,113,0.57,0.04,0.01,0.02,0.00,0.00,0.00,0.00,normal,0,normal,21
593,2066,tcp,http,RSTR,56504,0,0,0,0,0,0,1,0,0,0,0,0,0,0,0,0,0,8,8,0.00,0.00,1.00,1.00,1.00,0.00,0.00,255,244,0.96,0.01,0.00,0.00,0.02,0.02,0.51,0.53,dos,1,apache2,15
20306,0,icmp,ecr_i,SF,1032,0,0,0,0,0,0,0,0,0,0,0,0,0,0,0,0,0,425,425,0.00,0.00,0.00,0.00,1.00,0.00,0.00,255,255,1.00,0.00,1.00,0.00,0.00,0.00,0.00,0.00,dos,0,smurf,20
22048,0,tcp,private,S0,0,0,0,0,0,0,0,0,0,0,0,0,0,0,0,0,0,0,103,16,1.00,1.00,0.00,0.00,0.16,0.06,0.00,255,16,0.06,0.05,0.00,0.00,1.00,1.00,0.00,0.00,dos,0,neptune,21
1398,0,udp,domain_u,SF,44,44,0,0,0,0,0,0,0,0,0,0,0,0,0,0,0,0,177,177,0.00,0.00,0.00,0.00,1.00,0.00,0.00,255,228,0.89,0.01,0.01,0.00,0.00,0.00,0.00,0.00,normal,0,normal,18
9587,0,tcp,http,SF,153,5181,0,0,0,0,0,1,0,0,0,0,0,0,0,0,0,0,1,1,0.00,0.00,0.00,0.00,1.00,0.00,0.00,21,255,1.00,0.00,0.05,0.02,0.00,0.00,0.00,0.00,normal,0,normal,21
21941,4,tcp,pop_3,SF,26,93,0,0,0,0,0,1,0,0,0,0,0,0,0,0,0,0,1,1,0.00,0.00,0.00,0.00,1.00,0.00,0.00,18,19,1.00,0.00,0.06,0.11,0.00,0.00,0.00,0.00,r2l,0,guess_passwd,6
3775,0,icmp,eco_i,SF,40008,0,0,0,0,0,0,0,0,0,0,0,0,0,0,0,0,0,3,3,0.00,0.00,0.00,0.00,1.00,0.00,0.00,134,145,0.18,0.04,0.18,0.43,0.00,0.00,0.02,0.00,normal,0,normal,20
19866,0,tcp,gopher,REJ,0,0,0,0,0,0,0,0,0,0,0,0,0,0,0,0,0,0,208,17,0.00,0.00,1.00,1.00,0.08,0.07,0.00,255,17,0.07,0.07,0.00,0.00,0.00,0.00,1.00,1.00,dos,0,neptune,18
21065,0,tcp,http,SF,303,2698,0,0,0,0,0,1,0,0,0,0,0,0,1,0,0,0,4,4,0.00,0.00,0.00,0.00,1.00,0.00,0.00,255,253,0.99,0.01,0.00,0.00,0.21,0.21,0.56,0.57,normal,0,normal,18
4137,1,tcp,smtp,SF,2599,293,0,0,0,0,0,1,0,0,0,0,0,0,0,0,0,0,2,2,0.00,0.00,0.00,0.00,1.00,0.00,0.00,255,201,0.79,0.13,0.00,0.00,0.00,0.00,0.20,0.00,dos,1,mailbomb,11
5495,0,tcp,http,SF,351,949,0,0,0,0,0,1,0,0,0,0,0,0,0,0,0,0,5,5,0.00,0.00,0.00,0.00,1.00,0.00,0.00,72,255,1.00,0.00,0.01,0.02,0.00,0.00,0.00,0.00,normal,0,normal,21
7012,1,tcp,telnet,SF,24,109,0,0,0,0,0,0,0,0,0,0,0,0,0,0,0,0,3,2,0.00,0.00,0.67,0.00,0.33,1.00,1.00,146,84,0.32,0.03,0.01,0.02,0.00,0.00,0.90,0.70,probe,1,mscan,8
18354,0,tcp,private,S0,0,0,0,0,0,0,0,0,0,0,0,0,0,0,0,0,0,0,140,1,1.00,1.00,0.00,0.00,0.01,0.06,0.00,255,1,0.00,0.06,0.00,0.00,1.00,1.00,0.00,0.00,dos,0,neptune,21
8187,0,tcp,http,SF,208,16687,0,0,0,0,0,1,0,0,0,0,0,0,0,0,0,0,12,12,0.00,0.00,0.00,0.00,1.00,0.00,0.00,119,255,1.00,0.00,0.01,0.02,0.00,0.00,0.00,0.00,normal,0,normal,21
3418,0,udp,private,SF,49,0,0,0,0,0,0,0,0,0,0,0,0,0,0,0,0,0,4,4,0.00,0.00,0.00,0.00,1.00,0.00,0.00,255,254,1.00,0.01,0.01,0.00,0.00,0.00,0.00,0.00,r2l,1,snmpguess,16
18733,0,tcp,private,REJ,0,0,0,0,0,0,0,0,0,0,0,0,0,0,0,0,0,0,250,4,0.00,0.00,1.00,1.00,0.02,0.07,0.00,255,4,0.02,0.07,0.00,0.00,0.00,0.00,1.00,1.00,dos,0,neptune,21
19872,0,icmp,eco_i,SF,40008,0,0,0,0,0,0,0,0,0,0,0,0,0,0,0,0,0,3,3,0.00,0.00,0.00,0.00,1.00,0.00,0.00,146,145,0.25,0.03,0.25,0.39,0.00,0.00,0.02,0.00,normal,0,normal,20
443,0,tcp,http,SF,272,404,0,0,0,0,0,1,0,0,0,0,0,0,0,0,0,0,8,9,0.00,0.00,0.00,0.00,1.00,0.00,0.22,41,255,1.00,0.00,0.02,0.01,0.00,0.00,0.00,0.00,normal,0,normal,21
2932,0,tcp,ftp_data,SF,12,0,0,0,0,0,0,0,0,0,0,0,0,0,0,0,0,0,1,1,0.00,0.00,0.00,0.00,1.00,0.00,0.00,116,17,0.08,0.02,0.08,0.12,0.00,0.00,0.00,0.00,r2l,0,warezmaster,4
1762,0,udp,private,SF,48,0,0,0,0,0,0,0,0,0,0,0,0,0,0,0,0,0,5,5,0.00,0.00,0.00,0.00,1.00,0.00,0.00,255,255,1.00,0.00,0.00,0.00,0.00,0.00,0.00,0.00,r2l,1,snmpguess,16
11250,282,tcp,ftp,SF,154,591,0,0,0,2,0,1,0,0,0,0,0,0,0,0,0,1,1,1,0.00,0.00,0.00,0.00,1.00,0.00,0.00,19,16,0.84,0.11,0.05,0.00,0.00,0.00,0.00,0.00,r2l,0,warezmaster,10
16658,0,tcp,courier,REJ,0,0,0,0,0,0,0,0,0,0,0,0,0,0,0,0,0,0,147,20,0.00,0.00,1.00,1.00,0.14,0.06,0.00,255,20,0.08,0.06,0.00,0.00,0.00,0.00,1.00,1.00,dos,0,neptune,18
1618,4,tcp,pop_3,SF,28,93,0,0,0,0,0,1,0,0,0,0,0,0,0,0,0,0,1,1,0.00,0.00,0.00,0.00,1.00,0.00,0.00,255,162,0.64,0.02,0.00,0.00,0.00,0.00,0.13,0.00,r2l,0,guess_passwd,15
17242,280,tcp,ftp_data,SF,283618,0,0,0,0,0,0,0,0,0,0,0,0,0,0,0,0,0,1,1,0.00,0.00,0.00,0.00,1.00,0.00,0.00,13,1,0.08,0.15,0.08,0.00,0.00,0.00,0.00,0.00,r2l,0,warezmaster,3
16155,0,tcp,http,SF,313,375,0,0,0,0,0,1,0,0,0,0,0,0,0,0,0,0,4,4,0.00,0.00,0.00,0.00,1.00,0.00,0.00,4,255,1.00,0.00,0.25,0.12,0.00,0.00,0.00,0.00,normal,0,normal,21
5709,0,tcp,private,REJ,0,0,0,0,0,0,0,0,0,0,0,0,0,0,0,0,0,0,123,10,0.00,0.00,1.00,1.00,0.08,0.08,0.00,255,10,0.04,0.07,0.00,0.00,0.00,0.00,1.00,1.00,dos,0,neptune,21
8042,5,tcp,imap4,SF,0,0,0,0,0,0,0,0,0,0,0,0,0,0,0,0,0,0,3,10,0.00,0.00,0.00,0.90,0.33,1.00,1.00,92,53,0.20,0.05,0.01,0.04,0.00,0.02,0.16,0.64,probe,1,mscan,6
13002,0,tcp,http,SF,54540,8314,0,0,0,2,0,1,1,0,0,0,0,0,0,0,0,0,2,5,0.00,0.00,0.00,0.00,1.00,0.00,0.40,255,255,1.00,0.00,0.00,0.00,0.01,0.01,0.05,0.05,dos,0,back,15
1198,0,tcp,ftp_data,REJ,0,0,0,0,0,0,0,0,0,0,0,0,0,0,0,0,0,0,244,20,0.00,0.00,1.00,1.00,0.08,0.07,0.00,255,20,0.08,0.08,0.00,0.00,0.00,0.00,1.00,1.00,dos,0,neptune,19
2644,0,udp,domain_u,SF,42,42,0,0,0,0,0,0,0,0,0,0,0,0,0,0,0,0,7,13,0.00,0.00,0.00,0.00,1.00,0.00,0.15,255,250,0.98,0.01,0.00,0.00,0.00,0.00,0.00,0.00,normal,0,normal,21
274,0,tcp,private,REJ,0,0,0,0,0,0,0,0,0,0,0,0,0,0,0,0,0,0,145,17,0.00,0.00,1.00,1.00,0.12,0.06,0.00,244,17,0.07,0.05,0.00,0.00,0.00,0.00,1.00,1.00,dos,0,neptune,18
41,0,tcp,http,SF,277,4968,0,0,0,0,0,1,0,0,0,0,0,0,0,0,0,0,13,13,0.00,0.00,0.00,0.00,1.00,0.00,0.00,13,255,1.00,0.00,0.08,0.01,0.00,0.00,0.00,0.00,normal,0,normal,21
21231,0,udp,domain_u,SF,36,0,0,0,0,0,0,0,0,0,0,0,0,0,0,0,0,0,7,24,0.00,0.00,0.00,0.00,1.00,0.00,0.12,7,7,1.00,0.00,1.00,0.00,0.00,0.00,0.00,0.00,normal,0,normal,21
3190,0,tcp,http,SF,279,526,0,0,0,0,0,1,0,0,0,0,0,0,0,0,0,0,1,13,0.00,0.00,0.00,0.00,1.00,0.00,0.15,2,255,1.00,0.00,0.50,0.02,0.00,0.00,0.00,0.00,normal,0,normal,21
19389,0,tcp,private,S0,0,0,0,0,0,0,0,0,0,0,0,0,0,0,0,0,0,0,171,12,1.00,1.00,0.00,0.00,0.07,0.09,0.00,255,12,0.05,0.10,0.00,0.00,1.00,1.00,0.00,0.00,dos,0,neptune,21
13708,0,tcp,http,SF,205,5089,0,0,0,0,0,1,0,0,0,0,0,0,0,0,0,0,2,17,0.00,0.00,0.00,0.00,1.00,0.00,0.18,122,255,1.00,0.00,0.01,0.04,0.00,0.00,0.00,0.00,normal,0,normal,21
16298,0,tcp,auth,REJ,0,0,0,0,0,0,0,0,0,0,0,0,0,0,0,0,0,0,236,13,0.00,0.00,1.00,1.00,0.06,0.07,0.00,255,13,0.05,0.07,0.00,0.00,0.00,0.00,1.00,1.00,dos,0,neptune,19
11780,0,udp,private,SF,1,0,0,0,0,0,0,0,0,0,0,0,0,0,0,0,0,0,72,6,0.00,0.00,0.00,0.00,0.08,0.57,0.00,255,17,0.07,0.51,0.87,0.00,0.00,0.00,0.13,0.00,probe,0,satan,20
1776,2,tcp,smtp,SF,4485,1125,0,0,0,0,0,1,0,0,0,1,0,0,1,0,0,0,1,1,0.00,0.00,0.00,0.00,1.00,0.00,0.00,255,1,0.00,0.01,0.00,0.00,0.00,0.00,0.00,0.00,r2l,1,sendmail,0
13301,0,tcp,http,SF,209,11302,0,0,0,0,0,1,0,0,0,0,0,0,0,0,0,0,1,3,0.00,0.00,0.00,0.00,1.00,0.00,0.67,3,255,1.00,0.00,0.33,0.01,0.00,0.00,0.00,0.00,normal,0,normal,21
7306,0,tcp,http,SF,160,15137,0,0,0,0,0,1,0,0,0,0,0,0,0,0,0,0,3,3,0.00,0.00,0.00,0.00,1.00,0.00,0.00,15,255,1.00,0.00,0.07,0.07,0.00,0.00,0.00,0.00,normal,0,normal,21
11528,0,udp,other,SF,1,1,0,0,0,0,0,0,0,0,0,0,0,0,0,0,0,0,35,1,0.00,0.00,0.00,0.00,0.03,1.00,0.00,255,1,0.00,0.45,1.00,0.00,0.00,0.00,0.00,0.00,probe,0,satan,17
13408,0,tcp,http,SF,204,1072,0,0,0,0,0,1,0,0,0,0,0,0,0,0,0,0,5,5,0.00,0.00,0.00,0.00,1.00,0.00,0.00,5,193,1.00,0.00,0.20,0.05,0.00,0.00,0.00,0.00,normal,0,normal,21
18071,0,tcp,http,S0,0,0,0,0,0,0,0,0,0,0,0,0,0,0,0,0,0,0,75,75,1.00,1.00,0.00,0.00,1.00,0.00,0.00,255,255,1.00,0.00,0.00,0.00,0.36,0.36,0.63,0.63,dos,1,apache2,17
9545,0,tcp,private,REJ,0,0,0,0,0,0,0,0,0,0,0,0,0,0,0,0,0,0,261,9,0.00,0.00,1.00,1.00,0.03,0.06,0.00,255,9,0.04,0.05,0.00,0.00,0.00,0.00,1.00,1.00,dos,0,neptune,21
4320,0,tcp,imap4,REJ,0,0,0,0,0,0,0,0,0,0,0,0,0,0,0,0,0,0,2,3,0.00,0.00,1.00,1.00,0.50,1.00,1.00,255,44,0.17,0.02,0.00,0.00,0.00,0.00,0.56,1.00,probe,1,mscan,13
343,0,udp,domain_u,SF,44,71,0,0,0,0,0,0,0,0,0,0,0,0,0,0,0,0,188,187,0.00,0.00,0.00,0.00,0.99,0.01,0.00,255,255,1.00,0.00,0.00,0.00,0.00,0.00,0.00,0.00,normal,0,normal,18
6832,4,tcp,smtp,SF,1411,330,0,0,0,0,0,1,0,0,0,0,0,0,0,0,0,0,1,1,0.00,0.00,0.00,0.00,1.00,0.00,0.00,194,182,0.72,0.02,0.01,0.01,0.00,0.00,0.00,0.00,normal,0,normal,21
4936,0,tcp,http,SF,317,32073,0,0,0,0,0,1,0,0,0,0,0,0,0,0,0,0,21,21,0.00,0.00,0.00,0.00,1.00,0.00,0.00,80,255,1.00,0.00,0.01,0.03,0.00,0.00,0.00,0.00,normal,0,normal,21
16762,0,udp,private,SF,55,52,0,0,0,0,0,0,0,0,0,0,0,0,0,0,0,0,511,511,0.00,0.00,0.00,0.00,1.00,0.00,0.00,255,255,1.00,0.00,0.87,0.00,0.00,0.00,0.00,0.00,normal,0,normal,17
9901,0,tcp,http,SF,312,1227,0,0,0,0,0,1,0,0,0,0,0,0,0,0,0,0,3,3,0.00,0.00,0.00,0.00,1.00,0.00,0.00,255,255,1.00,0.00,0.00,0.00,0.00,0.00,0.00,0.00,normal,0,normal,21
5435,0,tcp,uucp,RSTO,0,0,0,0,0,0,0,0,0,0,0,0,0,0,0,0,0,0,111,10,0.00,0.00,1.00,1.00,0.09,0.06,0.00,255,10,0.04,0.05,0.00,0.00,0.00,0.00,1.00,1.00,dos,0,neptune,20
16085,0,udp,private,SF,1,0,0,0,0,0,0,0,0,0,0,0,0,0,0,0,0,0,63,2,0.00,0.00,0.00,0.00,0.03,0.98,0.00,255,2,0.01,0.75,0.95,0.00,0.00,0.00,0.05,0.00,normal,0,normal,7
21182,0,tcp,private,S0,0,0,0,0,0,0,0,0,0,0,0,0,0,0,0,0,0,0,159,5,1.00,1.00,0.00,0.00,0.03,0.11,0.00,255,5,0.02,0.09,0.00,0.00,1.00,1.00,0.00,0.00,dos,0,neptune,21
6172,0,tcp,domain,REJ,0,0,0,0,0,0,0,0,0,0,0,0,0,0,0,0,0,0,281,12,0.00,0.00,1.00,1.00,0.04,0.06,0.00,255,12,0.05,0.06,0.00,0.00,0.00,0.00,1.00,1.00,dos,0,neptune,20
17906,0,udp,domain_u,SF,46,81,0,0,0,0,0,0,0,0,0,0,0,0,0,0,0,0,171,171,0.00,0.00,0.00,0.00,1.00,0.00,0.00,255,255,1.00,0.00,0.01,0.00,0.00,0.00,0.00,0.00,normal,0,normal,18
18620,0,tcp,telnet,SF,0,0,0,0,0,0,0,0,0,0,0,0,0,0,0,0,0,0,1,2,0.00,0.50,0.00,0.00,1.00,0.00,1.00,153,77,0.50,0.02,0.01,0.00,0.00,0.00,0.63,0.26,probe,1,mscan,8
13132,2076,tcp,http,RSTR,72128,0,0,0,0,0,0,1,0,0,0,0,0,0,0,0,0,0,11,11,0.00,0.00,1.00,1.00,1.00,0.00,0.00,255,233,0.91,0.02,0.00,0.00,0.00,0.00,0.12,0.13,dos,1,apache2,15
17977,0,tcp,uucp_path,REJ,0,0,0,0,0,0,0,0,0,0,0,0,0,0,0,0,0,0,257,7,0.00,0.00,1.00,1.00,0.03,0.06,0.00,255,7,0.03,0.06,0.00,0.00,0.00,0.00,1.00,1.00,dos,0,neptune,18
9048,0,tcp,telnet,SF,121,174,0,0,0,0,1,0,0,0,0,0,0,0,0,0,0,0,1,1,0.00,0.00,0.00,0.00,1.00,0.00,0.00,255,181,0.71,0.02,0.00,0.00,0.00,0.00,0.02,0.03,r2l,0,guess_passwd,15
20183,0,tcp,http,SF,198,474,0,0,0,0,0,1,0,0,0,0,0,0,0,0,0,0,5,5,0.00,0.00,0.00,0.00,1.00,0.00,0.00,99,255,1.00,0.00,0.01,0.05,0.00,0.00,0.00,0.00,normal,0,normal,21
5316,0,tcp,http,SF,148,29366,0,0,0,0,0,1,0,0,0,0,0,0,0,0,0,0,1,1,0.00,0.00,0.00,0.00,1.00,0.00,0.00,15,245,1.00,0.00,0.07,0.03,0.00,0.00,0.00,0.00,normal,0,normal,21
10261,280,tcp,ftp_data,SF,283618,0,0,0,0,0,0,0,0,0,0,0,0,0,0,0,0,0,2,2,0.00,0.00,0.00,0.00,1.00,0.00,0.00,248,18,0.06,0.03,0.06,0.11,0.01,0.00,0.00,0.00,r2l,0,warezmaster,4
20621,0,udp,domain_u,SF,42,42,0,0,0,0,0,0,0,0,0,0,0,0,0,0,0,0,3,5,0.00,0.00,0.00,0.00,1.00,0.00,0.40,255,251,0.98,0.01,0.00,0.00,0.00,0.00,0.00,0.00,normal,0,normal,21
3398,0,tcp,http,S0,0,0,0,0,0,0,0,0,0,0,0,0,0,0,0,0,0,0,67,67,1.00,1.00,0.00,0.00,1.00,0.00,0.00,255,255,1.00,0.00,0.00,0.00,0.34,0.34,0.65,0.65,dos,1,apache2,16
17128,0,tcp,http,SF,233,80,0,0,0,0,0,1,0,0,0,0,0,0,0,0,0,0,1,1,0.00,0.00,0.00,0.00,1.00,0.00,0.00,1,255,1.00,0.00,1.00,0.04,0.00,0.00,0.00,0.00,normal,0,normal,21
4469,0,udp,domain_u,SF,30,0,0,0,0,0,0,0,0,0,0,0,0,0,0,0,0,0,1,2,0.00,0.00,0.00,0.00,1.00,0.00,1.00,255,31,0.12,0.02,0.12,0.00,0.00,0.00,0.00,0.00,normal,0,normal,21
21688,1,tcp,pop_3,RSTO,0,36,0,0,0,0,0,1,0,0,0,0,0,0,0,0,0,0,3,8,0.00,0.00,1.00,1.00,0.33,1.00,1.00,169,60,0.24,0.03,0.01,0.03,0.00,0.00,0.89,1.00,probe,1,mscan,14
17915,280,tcp,ftp_data,SF,283618,0,0,0,0,0,0,0,0,0,0,0,0,0,0,0,0,0,2,2,0.00,0.00,0.00,0.00,1.00,0.00,0.00,2,8,1.00,0.00,1.00,0.25,0.00,0.00,0.00,0.00,r2l,0,warezmaster,19
8822,0,tcp,http,SF,217,313,0,0,0,0,0,1,0,0,0,0,0,0,0,0,0,0,36,51,0.00,0.00,0.00,0.00,1.00,0.00,0.06,255,255,1.00,0.00,0.00,0.00,0.00,0.00,0.00,0.00,normal,0,normal,21
16587,0,tcp,link,S0,0,0,0,0,0,0,0,0,0,0,0,0,0,0,0,0,0,0,131,1,1.00,1.00,0.00,0.00,0.01,0.09,0.00,255,1,0.00,0.09,0.00,0.00,1.00,1.00,0.00,0.00,dos,0,neptune,19
3504,282,tcp,ftp,SF,164,599,0,0,0,2,0,1,0,0,0,0,0,0,0,0,0,1,1,1,0.00,0.00,0.00,0.00,1.00,0.00,0.00,229,76,0.33,0.03,0.00,0.00,0.00,0.00,0.00,0.00,r2l,0,warezmaster,13
17909,0,tcp,http,SF,230,993,0,0,0,0,0,1,0,0,0,0,0,0,0,0,0,0,6,7,0.00,0.00,0.00,0.00,1.00,0.00,0.29,28,255,1.00,0.00,0.04,0.04,0.00,0.00,0.00,0.00,normal,0,normal,21
8137,0,udp,private,SF,48,0,0,0,0,0,0,0,0,0,0,0,0,0,0,0,0,0,5,5,0.00,0.00,0.00,0.00,1.00,0.00,0.00,255,253,0.99,0.01,0.00,0.00,0.00,0.00,0.00,0.00,r2l,1,snmpguess,13
15731,0,tcp,kshell,REJ,0,0,0,0,0,0,0,0,0,0,0,0,0,0,0,0,0,0,100,12,0.00,0.00,1.00,1.00,0.12,0.06,0.00,255,12,0.05,0.05,0.00,0.00,0.00,0.00,1.00,1.00,dos,0,neptune,18
14546,0,udp,private,SF,45,0,0,0,0,0,0,0,0,0,0,0,0,0,0,0,0,0,5,5,0.00,0.00,0.00,0.00,1.00,0.00,0.00,255,254,1.00,0.01,0.01,0.00,0.00,0.00,0.00,0.00,r2l,1,snmpguess,14
2765,0,tcp,auth,REJ,0,0,0,0,0,0,0,0,0,0,0,0,0,0,0,0,0,0,288,16,0.00,0.00,1.00,1.00,0.06,0.06,0.00,255,16,0.06,0.06,0.00,0.00,0.00,0.00,1.00,1.00,dos,0,neptune,21
7049,4,tcp,pop_3,SF,32,93,0,0,0,0,0,1,0,0,0,0,0,0,0,0,0,0,1,1,0.00,0.00,0.00,0.00,1.00,0.00,0.00,52,50,0.94,0.04,0.02,0.04,0.00,0.00,0.00,0.00,r2l,0,guess_passwd,6
19121,0,tcp,http,SF,288,2831,0,0,0,0,0,1,0,0,0,0,0,0,0,0,0,0,16,17,0.00,0.00,0.00,0.00,1.00,0.00,0.12,90,255,1.00,0.00,0.01,0.03,0.00,0.00,0.00,0.00,normal,0,normal,21
2856,0,tcp,http,SF,213,972,0,0,0,0,0,1,0,0,0,0,0,0,0,0,0,0,28,49,0.00,0.00,0.00,0.00,1.00,0.00,0.04,96,255,1.00,0.00,0.01,0.02,0.00,0.00,0.00,0.00,normal,0,normal,21
8609,0,udp,domain_u,SF,46,77,0,0,0,0,0,0,0,0,0,0,0,0,0,0,0,0,206,205,0.00,0.00,0.00,0.00,1.00,0.01,0.00,255,253,0.99,0.01,0.01,0.00,0.00,0.00,0.00,0.00,normal,0,normal,18
21939,281,tcp,ftp,SF,160,597,0,0,0,2,0,1,0,0,0,0,0,0,0,0,0,1,1,1,0.00,0.00,0.00,0.00,1.00,0.00,0.00,20,16,0.80,0.15,0.05,0.00,0.00,0.00,0.00,0.00,r2l,0,warezmaster,11
5486,0,tcp,ftp_data,REJ,0,0,0,0,0,0,0,0,0,0,0,0,0,0,0,0,0,0,251,2,0.00,0.00,1.00,1.00,0.01,0.06,0.00,255,2,0.01,0.07,0.00,0.00,0.00,0.00,1.00,1.00,dos,0,neptune,20
12812,0,tcp,http,SF,207,8326,0,0,0,0,0,1,0,0,0,0,0,0,0,0,0,0,5,5,0.00,0.00,0.00,0.00,1.00,0.00,0.00,83,182,1.00,0.00,0.01,0.03,0.00,0.00,0.00,0.00,normal,0,normal,21
8939,4,tcp,pop_3,SF,31,93,0,0,0,0,0,1,0,0,0,0,0,0,0,0,0,0,1,1,0.00,0.00,0.00,0.00,1.00,0.00,0.00,255,205,0.80,0.02,0.00,0.00,0.00,0.00,0.07,0.00,r2l,0,guess_passwd,16
10857,0,tcp,private,S0,0,0,0,0,0,0,0,0,0,0,0,0,0,0,0,0,0,0,169,11,1.00,1.00,0.00,0.00,0.07,0.08,0.00,255,11,0.04,0.09,0.00,0.00,1.00,1.00,0.00,0.00,dos,0,neptune,21
2162,1,tcp,smtp,SF,2599,261,0,0,0,0,0,1,0,0,0,0,0,0,0,0,0,0,3,3,0.00,0.00,0.00,0.00,1.00,0.00,0.00,255,246,0.96,0.04,0.00,0.00,0.00,0.00,0.04,0.00,dos,1,mailbomb,16
9091,7,tcp,pop_3,SF,32,93,0,0,0,0,0,1,0,0,0,0,0,0,0,0,0,0,1,1,0.00,0.00,0.00,0.00,1.00,0.00,0.00,255,136,0.53,0.02,0.00,0.00,0.00,0.00,0.17,0.02,r2l,0,guess_passwd,13
16901,0,tcp,whois,REJ,0,0,0,0,0,0,0,0,0,0,0,0,0,0,0,0,0,0,231,15,0.00,0.00,1.00,1.00,0.06,0.07,0.00,255,15,0.06,0.08,0.00,0.00,0.00,0.00,1.00,1.00,dos,0,neptune,19
385,0,udp,domain_u,SF,46,74,0,0,0,0,0,0,0,0,0,0,0,0,0,0,0,0,160,160,0.00,0.00,0.00,0.00,1.00,0.00,0.00,255,255,1.00,0.00,0.01,0.00,0.00,0.00,0.00,0.00,normal,0,normal,18
7855,281,tcp,ftp,SF,162,599,0,0,0,2,0,1,0,0,0,0,0,0,0,0,0,1,1,2,0.00,0.00,0.00,0.00,1.00,0.00,1.00,34,13,0.38,0.12,0.03,0.00,0.00,0.00,0.00,0.00,r2l,0,warezmaster,8
13082,0,tcp,private,REJ,0,0,0,0,0,0,0,0,0,0,0,0,0,0,0,0,0,0,274,13,0.00,0.00,1.00,1.00,0.05,0.06,0.00,255,13,0.05,0.07,0.00,0.00,0.00,0.00,1.00,1.00,dos,0,neptune,21
11333,0,tcp,http,SF,298,2827,0,0,0,0,0,1,0,0,0,0,0,0,0,0,0,0,20,25,0.00,0.00,0.00,0.00,1.00,0.00,0.12,30,255,1.00,0.00,0.03,0.02,0.00,0.00,0.00,0.00,normal,0,normal,21
14961,7258,tcp,telnet,SF,0,44,0,0,0,0,0,0,0,0,0,0,0,0,0,0,0,0,1,1,0.00,0.00,0.00,0.00,1.00,0.00,0.00,255,228,0.89,0.11,0.00,0.00,0.50,0.56,0.11,0.01,dos,1,processtable,18
13317,0,tcp,telnet,S3,0,44,0,0,0,0,0,0,0,0,0,0,0,0,0,0,0,0,1,1,1.00,1.00,0.00,0.00,1.00,0.00,0.00,255,104,0.41,0.03,0.00,0.00,0.11,0.26,0.11,0.12,dos,1,processtable,18
15677,0,tcp,other,REJ,0,0,0,0,0,0,0,0,0,0,0,0,0,0,0,0,0,0,448,1,0.07,0.00,0.93,1.00,0.00,1.00,0.00,255,1,0.00,1.00,0.00,0.00,0.05,0.00,0.95,1.00,probe,0,satan,18
22374,0,tcp,http,SF,54540,8314,0,0,0,2,0,1,1,0,0,0,0,0,0,0,0,0,4,10,0.00,0.00,0.00,0.00,1.00,0.00,0.20,255,255,1.00,0.00,0.00,0.00,0.00,0.00,0.04,0.04,dos,0,back,16
12282,0,tcp,private,REJ,0,0,0,0,0,0,0,0,0,0,0,0,0,0,0,0,0,0,107,10,0.00,0.00,1.00,1.00,0.09,0.07,0.00,255,10,0.04,0.07,0.00,0.00,0.00,0.00,1.00,1.00,dos,0,neptune,21
11761,0,icmp,ecr_i,SF,1032,0,0,0,0,0,0,0,0,0,0,0,0,0,0,0,0,0,475,475,0.00,0.00,0.00,0.00,1.00,0.00,0.00,255,255,1.00,0.00,1.00,0.00,0.00,0.00,0.00,0.00,dos,0,smurf,20
2844,0,tcp,other,REJ,0,0,0,0,0,0,0,0,0,0,0,0,0,0,0,0,0,0,480,1,0.04,0.00,0.96,1.00,0.00,1.00,0.00,255,1,0.00,1.00,0.00,0.00,0.05,0.00,0.95,1.00,probe,0,satan,20
16969,0,tcp,http,SF,345,6256,0,0,0,0,0,1,0,0,0,0,0,0,0,0,0,0,3,3,0.33,0.33,0.00,0.00,1.00,0.00,0.00,255,255,1.00,0.00,0.00,0.00,0.00,0.00,0.00,0.00,normal,0,normal,18
12250,0,tcp,smtp,SF,0,83,0,0,0,0,0,1,0,0,0,0,0,0,0,0,0,0,1,1,0.00,0.00,0.00,0.00,1.00,0.00,0.00,9,191,0.67,0.22,0.11,0.01,0.00,0.00,0.00,0.02,normal,0,normal,18
15111,0,tcp,smtp,SF,1464,330,0,0,0,0,0,1,0,0,0,0,0,0,0,0,0,0,1,3,0.00,0.00,0.00,0.00,1.00,0.00,1.00,156,117,0.75,0.02,0.01,0.00,0.00,0.00,0.02,0.03,normal,0,normal,21
21869,0,tcp,http,SF,321,398,0,0,0,0,0,1,0,0,0,0,0,0,0,0,0,0,15,16,0.00,0.00,0.00,0.00,1.00,0.00,0.12,255,255,1.00,0.00,0.00,0.00,0.00,0.00,0.00,0.00,normal,0,normal,21
81,0,tcp,private,REJ,0,0,0,0,0,0,0,0,0,0,0,0,0,0,0,0,0,0,231,6,0.00,0.00,1.00,1.00,0.03,0.07,0.00,255,6,0.02,0.07,0.00,0.00,0.00,0.00,1.00,1.00,dos,0,neptune,21
20299,283,tcp,ftp,SF,160,595,0,0,0,2,0,1,0,0,0,0,0,0,0,0,0,1,1,1,0.00,0.00,0.00,0.00,1.00,0.00,0.00,255,92,0.36,0.03,0.00,0.00,0.02,0.00,0.01,0.00,r2l,0,warezmaster,13
11122,0,tcp,ftp_data,SF,12,0,0,0,0,0,0,0,0,0,0,0,0,0,0,0,0,0,2,2,0.00,0.00,0.00,0.00,1.00,0.00,0.00,4,4,1.00,0.00,1.00,0.00,0.00,0.00,0.00,0.00,r2l,0,warezmaster,16
20471,0,tcp,private,S0,0,0,0,0,0,0,0,0,0,0,0,0,0,0,0,0,0,0,172,8,1.00,1.00,0.00,0.00,0.05,0.09,0.00,255,8,0.03,0.09,0.00,0.00,1.00,1.00,0.00,0.00,dos,0,neptune,21
14433,0,tcp,http,SF,260,3917,0,0,0,0,0,1,0,0,0,0,0,0,0,0,0,0,10,10,0.00,0.00,0.00,0.00,1.00,0.00,0.00,10,255,1.00,0.00,0.10,0.02,0.00,0.00,0.00,0.00,normal,0,normal,21
12267,0,tcp,other,REJ,0,0,0,0,0,0,0,0,0,0,0,0,0,0,0,0,0,0,1,1,0.00,0.00,1.00,1.00,1.00,0.00,0.00,255,11,0.04,0.02,0.00,0.00,0.00,0.00,0.05,1.00,u2r,1,httptunnel,17
14515,0,tcp,private,REJ,0,0,0,0,0,0,0,0,0,0,0,0,0,0,0,0,0,0,264,1,0.09,0.00,0.90,1.00,0.00,1.00,0.00,255,1,0.00,0.98,0.00,0.00,0.10,0.00,0.88,1.00,probe,0,satan,20
16968,0,udp,domain_u,SF,46,46,0,0,0,0,0,0,0,0,0,0,0,0,0,0,0,0,93,166,0.00,0.00,0.00,0.00,0.99,0.02,0.01,255,254,1.00,0.01,0.01,0.00,0.00,0.00,0.00,0.00,normal,0,normal,18
13544,0,tcp,http,SF,192,942,0,0,0,0,0,1,0,0,0,0,0,0,0,0,0,0,1,12,0.00,0.00,0.00,0.00,1.00,0.00,0.25,56,106,1.00,0.00,0.02,0.04,0.00,0.00,0.00,0.00,normal,0,normal,21
10647,0,tcp,private,REJ,0,0,0,0,0,0,0,0,0,0,0,0,0,0,0,0,0,0,243,5,0.00,0.00,1.00,1.00,0.02,0.07,0.00,255,5,0.02,0.08,0.00,0.00,0.00,0.00,1.00,1.00,dos,0,neptune,21
4154,0,tcp,http,SF,325,2180,0,0,0,0,0,1,0,0,0,0,0,0,0,0,0,0,16,17,0.00,0.00,0.00,0.00,1.00,0.00,0.12,50,253,1.00,0.00,0.02,0.06,0.00,0.00,0.00,0.00,normal,0,normal,21
9362,0,tcp,private,RSTR,0,0,0,0,0,0,0,0,0,0,0,0,0,0,0,0,0,0,1,1,0.00,0.00,1.00,1.00,1.00,0.00,0.00,255,1,0.00,0.08,0.06,0.00,0.00,0.00,1.00,1.00,probe,0,portsweep,20
6233,282,tcp,ftp,SF,154,593,0,0,0,2,0,1,0,0,0,0,0,0,0,0,0,1,1,1,0.00,0.00,0.00,0.00,1.00,0.00,0.00,255,98,0.38,0.03,0.00,0.00,0.00,0.00,0.00,0.00,r2l,0,warezmaster,13
5685,0,udp,domain_u,SF,43,80,0,0,0,0,0,0,0,0,0,0,0,0,0,0,0,0,27,31,0.00,0.00,0.00,0.00,1.00,0.00,0.10,255,255,1.00,0.00,0.00,0.00,0.00,0.00,0.00,0.00,normal,0,normal,21
3430,0,tcp,http,REJ,0,0,0,0,0,0,0,0,0,0,0,0,0,0,0,0,0,0,23,10,0.00,0.00,1.00,1.00,0.43,0.17,0.00,255,50,0.20,0.10,0.00,0.00,0.00,0.00,1.00,1.00,dos,0,neptune,15
779,0,udp,domain_u,SF,44,44,0,0,0,0,0,0,0,0,0,0,0,0,0,0,0,0,60,140,0.00,0.00,0.00,0.00,1.00,0.00,0.01,255,254,1.00,0.01,0.01,0.00,0.00,0.00,0.00,0.00,normal,0,normal,21
4434,904,tcp,http,RSTR,75484,0,0,0,0,0,0,1,0,0,0,0,0,0,0,0,0,0,21,21,0.05,0.05,0.90,0.90,1.00,0.00,0.00,255,255,1.00,0.00,0.00,0.00,0.00,0.00,0.07,0.07,dos,1,apache2,15
6478,0,udp,other,SF,1,1,0,0,0,0,0,0,0,0,0,0,0,0,0,0,0,0,42,1,0.00,0.00,0.00,0.00,0.02,1.00,0.00,255,1,0.00,0.61,0.98,0.00,0.00,0.00,0.01,0.00,probe,0,satan,16
4905,0,udp,domain_u,SF,45,45,0,0,0,0,0,0,0,0,0,0,0,0,0,0,0,0,122,201,0.00,0.00,0.00,0.00,1.00,0.00,0.01,255,255,1.00,0.00,0.01,0.00,0.00,0.00,0.00,0.00,normal,0,normal,18
1388,0,tcp,http,SF,189,270,0,0,0,0,0,1,0,0,0,0,0,0,0,0,0,0,2,2,0.00,0.00,0.00,0.00,1.00,0.00,0.00,255,251,0.98,0.01,0.00,0.00,0.00,0.00,0.00,0.00,normal,0,normal,21
13487,281,tcp,ftp_data,SF,283618,0,0,0,0,0,0,0,0,0,0,0,0,0,0,0,0,0,1,1,0.00,0.00,0.00,0.00,1.00,0.00,0.00,88,33,0.15,0.07,0.15,0.06,0.00,0.00,0.00,0.00,r2l,0,warezmaster,2
8248,0,tcp,pop_3,REJ,0,0,0,0,0,0,0,0,0,0,0,0,0,0,0,0,0,0,3,9,0.00,0.00,0.67,1.00,0.33,1.00,1.00,80,34,0.04,0.09,0.01,0.06,0.00,0.00,0.11,1.00,probe,1,mscan,14
14316,7502,tcp,telnet,SF,0,44,0,0,0,0,0,0,0,0,0,0,0,0,0,0,0,0,1,1,0.00,0.00,0.00,0.00,1.00,0.00,0.00,255,191,0.75,0.02,0.00,0.00,0.37,0.37,0.01,0.01,dos,1,processtable,19
16083,0,tcp,http,SF,239,9887,0,0,0,0,0,1,0,0,0,0,0,0,0,0,0,0,2,13,0.00,0.00,0.00,0.00,1.00,0.00,0.15,36,255,1.00,0.00,0.03,0.06,0.00,0.00,0.00,0.00,normal,0,normal,21
12746,0,tcp,private,SH,0,0,0,0,0,0,0,0,0,0,0,0,0,0,0,0,0,0,1,1,1.00,1.00,0.00,0.00,1.00,0.00,0.00,16,1,0.06,1.00,1.00,0.00,1.00,1.00,0.00,0.00,probe,0,nmap,17
20486,0,tcp,http,SF,326,1511,0,0,0,0,0,1,0,0,0,0,0,0,0,0,0,0,10,10,0.00,0.00,0.00,0.00,1.00,0.00,0.00,255,255,1.00,0.00,0.00,0.00,0.00,0.00,0.00,0.00,normal,0,normal,21
19679,0,tcp,ldap,REJ,0,0,0,0,0,0,0,0,0,0,0,0,0,0,0,0,0,0,280,17,0.00,0.00,1.00,1.00,0.06,0.06,0.00,255,17,0.07,0.07,0.00,0.00,0.00,0.00,1.00,1.00,dos,0,neptune,19
11024,0,tcp,http,SF,230,3090,0,0,0,0,0,1,0,0,0,0,0,0,0,0,0,0,7,12,0.00,0.00,0.00,0.00,1.00,0.00,0.17,139,255,1.00,0.00,0.01,0.01,0.00,0.00,0.00,0.00,normal,0,normal,21
15465,0,tcp,pop_2,S0,0,0,0,0,0,0,0,0,0,0,0,0,0,0,0,0,0,0,120,20,1.00,1.00,0.00,0.00,0.17,0.06,0.00,255,20,0.08,0.06,0.00,0.00,1.00,1.00,0.00,0.00,dos,0,neptune,21
295,0,udp,private,SF,54,53,0,0,0,0,0,0,0,0,0,0,0,0,0,0,0,0,511,511,0.00,0.00,0.00,0.00,1.00,0.00,0.00,255,255,1.00,0.00,0.98,0.00,0.00,0.00,0.00,0.00,normal,0,normal,17
8504,0,tcp,private,REJ,0,0,0,0,0,0,0,0,0,0,0,0,0,0,0,0,0,0,136,20,0.00,0.00,1.00,1.00,0.15,0.06,0.00,255,20,0.08,0.05,0.00,0.00,0.00,0.00,1.00,1.00,dos,0,neptune,21
7853,23,tcp,ftp,SF,292,903,0,0,0,5,0,1,0,0,0,0,0,0,0,0,0,1,1,1,0.00,0.00,0.00,0.00,1.00,0.00,0.00,24,18,0.71,0.12,0.04,0.11,0.00,0.00,0.00,0.00,normal,0,normal,21
7987,0,tcp,ftp_data,SF,190,0,0,0,0,0,0,0,0,0,0,0,0,0,0,0,0,0,3,2,0.00,0.00,0.00,0.00,0.67,0.67,0.00,78,22,0.28,0.12,0.32,0.00,0.01,0.05,0.00,0.00,normal,0,normal,21
3636,0,tcp,other,REJ,0,0,0,0,0,0,0,0,0,0,0,0,0,0,0,0,0,0,488,1,0.06,0.00,0.94,1.00,0.00,1.00,0.00,255,1,0.00,1.00,0.00,0.00,0.09,0.00,0.91,1.00,probe,1,saint,19
9097,280,tcp,ftp_data,SF,283618,0,0,0,0,0,0,0,0,0,0,0,0,0,0,0,0,0,1,1,0.00,0.00,0.00,0.00,1.00,0.00,0.00,69,24,0.19,0.10,0.19,0.08,0.00,0.00,0.00,0.00,r2l,0,warezmaster,2
4841,0,tcp,http,SF,299,3200,0,0,0,0,0,1,0,0,0,0,0,0,0,0,0,0,13,13,0.08,0.08,0.00,0.00,1.00,0.00,0.00,255,255,1.00,0.00,0.00,0.00,0.00,0.00,0.00,0.00,normal,0,normal,21
5349,0,icmp,ecr_i,SF,1032,0,0,0,0,0,0,0,0,0,0,0,0,0,0,0,0,0,227,227,0.00,0.00,0.00,0.00,1.00,0.00,0.00,255,255,1.00,0.00,1.00,0.00,0.00,0.00,0.00,0.00,dos,0,smurf,20
12003,0,tcp,http,SF,243,3435,0,0,0,0,0,1,0,0,0,0,0,0,0,0,0,0,1,9,0.00,0.00,0.00,0.00,1.00,0.00,0.22,1,5,1.00,0.00,1.00,0.60,0.00,0.00,0.00,0.00,normal,0,normal,21
17008,0,tcp,http,SF,289,1951,0,0,0,0,0,1,0,0,0,0,0,0,0,0,0,0,3,3,0.00,0.00,0.00,0.00,1.00,0.00,0.00,11,11,1.00,0.00,0.09,0.00,0.00,0.00,0.00,0.00,normal,0,normal,21
4882,805,tcp,http,RSTR,55744,1,0,0,0,0,0,1,0,0,0,0,0,0,0,0,0,0,47,47,0.02,0.02,0.98,0.98,1.00,0.00,0.00,255,253,0.99,0.01,0.00,0.00,0.01,0.01,0.69,0.70,dos,1,apache2,14
21920,281,tcp,ftp,SF,160,595,0,0,0,2,0,1,0,0,0,0,0,0,0,0,0,1,1,1,0.00,0.00,0.00,0.00,1.00,0.00,0.00,255,116,0.45,0.03,0.00,0.00,0.00,0.00,0.00,0.00,r2l,0,warezmaster,14
17358,0,tcp,ftp,S0,0,0,0,0,0,0,0,0,0,0,0,0,0,0,0,0,0,0,266,18,1.00,1.00,0.00,0.00,0.07,0.06,0.00,255,18,0.07,0.06,0.00,0.00,1.00,1.00,0.00,0.00,dos,0,neptune,20
11993,0,tcp,http,SF,361,3817,0,0,0,0,0,1,0,0,0,0,0,0,0,0,0,0,6,6,0.00,0.00,0.00,0.00,1.00,0.00,0.00,255,255,1.00,0.00,0.00,0.00,0.00,0.00,0.00,0.00,normal,0,normal,21
6380,0,tcp,http,SF,217,349,0,0,0,0,0,1,0,0,0,0,0,0,0,0,0,0,14,14,0.00,0.00,0.00,0.00,1.00,0.00,0.00,208,255,1.00,0.00,0.01,0.01,0.00,0.00,0.00,0.00,normal,0,normal,21
16959,0,tcp,private,REJ,0,0,0,0,0,0,0,0,0,0,0,0,0,0,0,0,0,0,102,3,0.00,0.00,1.00,1.00,0.03,0.07,0.00,255,3,0.01,0.07,0.00,0.00,0.00,0.00,0.99,1.00,dos,0,neptune,21
6033,0,tcp,http,REJ,0,0,0,0,0,0,0,0,0,0,0,0,0,0,0,0,0,0,235,20,0.00,0.00,1.00,0.95,0.08,0.07,0.10,255,19,0.07,0.07,0.00,0.00,0.00,0.00,1.00,1.00,dos,0,neptune,17
16469,0,icmp,eco_i,SF,18,0,0,0,0,0,0,0,0,0,0,0,0,0,0,0,0,0,1,1,0.00,0.00,0.00,0.00,1.00,0.00,0.00,1,118,1.00,0.00,1.00,1.00,0.00,0.00,0.00,0.00,probe,0,ipsweep,17
4124,0,udp,private,SF,48,0,0,0,0,0,0,0,0,0,0,0,0,0,0,0,0,0,4,4,0.00,0.00,0.00,0.00,1.00,0.00,0.00,255,255,1.00,0.00,0.00,0.00,0.00,0.00,0.00,0.00,r2l,1,snmpguess,17
1102,0,udp,domain_u,SF,44,134,0,0,0,0,0,0,0,0,0,0,0,0,0,0,0,0,104,167,0.00,0.00,0.00,0.00,0.99,0.02,0.01,255,255,1.00,0.00,0.00,0.00,0.00,0.00,0.00,0.00,normal,0,normal,18
21115,0,tcp,http,SF,340,22587,0,0,0,0,0,1,0,0,0,0,0,0,0,0,0,0,16,30,0.00,0.00,0.00,0.00,1.00,0.00,0.07,29,255,1.00,0.00,0.03,0.01,0.00,0.00,0.00,0.00,normal,0,normal,21
13365,0,tcp,http,SF,203,15171,0,0,0,0,0,1,0,0,0,0,0,0,0,0,0,0,4,4,0.00,0.00,0.00,0.00,1.00,0.00,0.00,138,255,1.00,0.00,0.01,0.01,0.00,0.00,0.00,0.00,normal,0,normal,21
16228,4,tcp,pop_3,SF,30,93,0,0,0,0,0,1,0,0,0,0,0,0,0,0,0,0,1,1,0.00,0.00,0.00,0.00,1.00,0.00,0.00,255,251,0.98,0.01,0.00,0.00,0.00,0.00,0.00,0.00,r2l,0,guess_passwd,18
7849,0,tcp,http,SF,295,278,0,0,0,0,0,1,0,0,0,0,0,0,0,0,0,0,25,30,0.00,0.00,0.00,0.00,1.00,0.00,0.10,255,255,1.00,0.00,0.01,0.00,0.00,0.00,0.00,0.00,normal,0,normal,21
8225,0,tcp,private,S0,0,0,0,0,0,0,0,0,0,0,0,0,0,0,0,0,0,0,279,12,0.80,0.83,0.20,0.17,0.04,0.06,0.00,255,12,0.05,0.06,0.00,0.00,0.77,0.83,0.22,0.17,dos,0,neptune,21
293,0,tcp,http,SF,245,3258,0,0,0,0,0,1,0,0,0,0,0,0,0,0,0,0,3,52,0.00,0.00,0.00,0.00,1.00,0.00,0.10,18,255,1.00,0.00,0.06,0.01,0.00,0.00,0.00,0.00,normal,0,normal,21
4105,902,tcp,http,RSTR,56504,0,0,0,0,0,0,1,0,0,0,0,0,0,0,0,0,0,68,68,0.00,0.00,1.00,1.00,1.00,0.00,0.00,255,255,1.00,0.00,0.00,0.00,0.00,0.00,0.37,0.37,dos,1,apache2,15
18801,0,tcp,http,SF,209,12856,0,0,0,0,0,1,0,0,0,0,0,0,0,0,0,0,6,6,0.00,0.00,0.00,0.00,1.00,0.00,0.00,60,255,1.00,0.00,0.02,0.01,0.00,0.00,0.00,0.00,normal,0,normal,21
9723,0,tcp,http,SF,301,2013,0,0,0,0,0,1,0,0,0,0,0,0,0,0,0,0,2,2,0.00,0.00,0.00,0.00,1.00,0.00,0.00,255,229,0.90,0.04,0.00,0.00,0.00,0.00,0.03,0.00,normal,0,normal,18
12891,0,tcp,http,SF,303,331,0,0,0,0,0,1,0,0,0,0,0,0,0,0,0,0,3,6,0.00,0.00,0.00,0.00,1.00,0.00,0.50,3,255,1.00,0.00,0.33,0.02,0.00,0.00,0.00,0.00,normal,0,normal,21
10526,0,tcp,http,SF,54540,8314,0,0,0,2,0,1,1,0,0,0,0,0,0,0,0,0,1,2,0.00,0.00,0.00,0.00,1.00,0.00,1.00,255,254,1.00,0.01,0.00,0.00,0.00,0.00,0.07,0.07,dos,0,back,15
22082,0,icmp,eco_i,SF,8,0,0,0,0,0,0,0,0,0,0,0,0,0,0,0,0,0,1,22,0.00,0.00,0.00,0.00,1.00,0.00,1.00,2,14,1.00,0.00,1.00,0.50,0.00,0.00,0.00,0.00,probe,0,ipsweep,15
5675,0,tcp,http,SF,206,1472,0,0,0,0,0,1,0,0,0,0,0,0,0,0,0,0,7,7,0.00,0.00,0.00,0.00,1.00,0.00,0.00,20,216,1.00,0.00,0.05,0.02,0.00,0.00,0.00,0.00,normal,0,normal,21
12487,0,tcp,bgp,S0,0,0,0,0,0,0,0,0,0,0,0,0,0,0,0,0,0,0,171,4,1.00,1.00,0.00,0.00,0.02,0.09,0.00,255,4,0.02,0.09,0.00,0.00,1.00,1.00,0.00,0.00,dos,0,neptune,18
14832,0,tcp,nnsp,S0,0,0,0,0,0,0,0,0,0,0,0,0,0,0,0,0,0,0,102,2,1.00,1.00,0.00,0.00,0.02,0.07,0.00,255,2,0.01,0.07,0.00,0.00,1.00,1.00,0.00,0.00,dos,0,neptune,19
20708,0,tcp,http,SF,289,6163,0,0,0,0,0,1,0,0,0,0,0,0,0,0,0,0,4,5,0.25,0.20,0.00,0.00,1.00,0.00,0.40,18,255,1.00,0.00,0.06,0.01,0.06,0.01,0.00,0.00,normal,0,normal,21
8951,0,tcp,private,REJ,0,0,0,0,0,0,0,0,0,0,0,0,0,0,0,0,0,0,97,20,0.00,0.00,1.00,1.00,0.21,0.06,0.00,255,20,0.08,0.06,0.00,0.00,0.00,0.00,1.00,1.00,dos,0,neptune,21
15322,0,udp,private,SF,1,1,0,0,0,0,0,0,0,0,0,0,0,0,0,0,0,0,78,1,0.00,0.00,0.00,0.00,0.01,0.96,0.00,255,1,0.00,0.69,0.99,0.00,0.00,0.00,0.01,0.00,probe,0,satan,15
1793,0,tcp,http,SF,223,269,0,0,0,0,0,1,0,0,0,0,0,0,0,0,0,0,2,2,0.00,0.00,0.00,0.00,1.00,0.00,0.00,82,255,1.00,0.00,0.01,0.03,0.00,0.00,0.00,0.00,normal,0,normal,21
7398,0,tcp,http,SF,349,586,0,0,0,0,0,1,0,0,0,0,0,0,0,0,0,0,3,3,0.00,0.00,0.00,0.00,1.00,0.00,0.00,3,255,1.00,0.00,0.33,0.03,0.00,0.00,0.00,0.00,normal,0,normal,21
13593,0,tcp,http,S0,0,0,0,0,0,0,0,0,0,0,0,0,0,0,0,0,0,0,92,92,1.00,1.00,0.00,0.00,1.00,0.00,0.00,255,255,1.00,0.00,0.00,0.00,0.58,0.58,0.39,0.39,dos,1,apache2,17
14258,0,tcp,http,SF,223,189,0,0,0,0,0,1,0,0,0,0,0,0,0,0,0,0,24,24,0.00,0.00,0.00,0.00,1.00,0.00,0.00,196,255,1.00,0.00,0.01,0.04,0.00,0.00,0.00,0.00,normal,0,normal,21
11791,0,tcp,telnet,S3,0,44,0,0,0,0,0,0,0,0,0,0,0,0,0,0,0,0,1,1,1.00,1.00,0.00,0.00,1.00,0.00,0.00,255,71,0.28,0.64,0.00,0.00,0.18,0.65,0.63,0.00,dos,1,processtable,18
15708,0,tcp,pop_3,RSTO,0,36,0,0,0,0,0,1,0,0,0,0,0,0,0,0,0,0,4,3,0.00,0.00,0.75,1.00,0.25,0.75,1.00,255,48,0.19,0.02,0.00,0.00,0.01,0.00,0.67,1.00,probe,1,mscan,14
19148,0,tcp,private,REJ,0,0,0,0,0,0,0,0,0,0,0,0,0,0,0,0,0,0,237,20,0.00,0.00,1.00,1.00,0.08,0.07,0.00,255,20,0.08,0.08,0.00,0.00,0.00,0.00,1.00,1.00,dos,0,neptune,21
22012,0,udp,domain_u,SF,44,112,0,0,0,0,0,0,0,0,0,0,0,0,0,0,0,0,2,9,0.00,0.00,0.00,0.00,1.00,0.00,0.33,255,231,0.91,0.01,0.00,0.00,0.00,0.00,0.06,0.00,normal,0,normal,18
12206,0,icmp,ecr_i,SF,1008,0,0,0,0,0,0,0,0,0,0,0,0,0,0,0,0,0,403,403,0.00,0.00,0.00,0.00,1.00,0.00,0.00,255,255,1.00,0.00,1.00,0.00,0.00,0.00,0.00,0.00,dos,0,smurf,18
1724,0,tcp,other,REJ,0,0,0,0,0,0,0,0,0,0,0,0,0,0,0,0,0,0,458,1,0.16,0.00,0.84,1.00,0.00,1.00,0.00,255,1,0.00,0.94,0.00,0.00,0.15,0.00,0.85,1.00,probe,0,satan,18
16352,0,tcp,private,REJ,0,0,0,0,0,0,0,0,0,0,0,0,0,0,0,0,0,0,255,14,0.00,0.00,1.00,1.00,0.05,0.07,0.00,255,14,0.05,0.07,0.00,0.00,0.00,0.00,1.00,1.00,dos,0,neptune,21
21188,805,tcp,http,RSTR,74024,1,0,0,0,0,0,1,0,0,0,0,0,0,0,0,0,0,19,19,0.00,0.00,1.00,1.00,1.00,0.00,0.00,248,245,0.99,0.01,0.00,0.00,0.00,0.00,0.09,0.09,dos,1,apache2,14
3787,0,tcp,http,SF,211,9443,0,0,0,0,0,1,0,0,0,0,0,0,0,0,0,0,4,7,0.00,0.00,0.00,0.00,1.00,0.00,0.29,46,255,1.00,0.00,0.02,0.03,0.00,0.00,0.00,0.00,normal,0,normal,21
20554,2,tcp,telnet,SF,24,1254,0,0,0,0,0,0,0,0,0,0,0,0,0,0,0,0,4,11,0.00,0.09,0.75,0.45,0.50,0.75,0.55,230,86,0.34,0.02,0.00,0.02,0.01,0.00,0.87,0.69,probe,1,mscan,10
5508,0,udp,private,SF,105,146,0,0,0,0,0,0,0,0,0,0,0,0,0,0,0,0,1,1,0.00,0.00,0.00,0.00,1.00,0.00,0.00,255,255,1.00,0.00,0.00,0.00,0.00,0.00,0.00,0.00,r2l,1,snmpgetattack,10
2834,0,tcp,telnet,S0,0,0,0,0,0,0,0,0,0,0,0,0,0,0,0,0,0,0,92,92,1.00,1.00,0.00,0.00,1.00,0.00,0.00,165,101,0.61,0.10,0.01,0.00,0.56,0.91,0.03,0.00,dos,0,neptune,18
6523,0,tcp,http,SF,326,5320,0,0,0,0,0,1,0,0,0,0,0,0,0,0,0,0,29,29,0.00,0.00,0.00,0.00,1.00,0.00,0.00,254,255,1.00,0.00,0.00,0.01,0.00,0.00,0.00,0.00,normal,0,normal,21
21687,0,tcp,http,SF,201,1659,0,0,0,0,0,1,0,0,0,0,0,0,0,0,0,0,3,3,0.00,0.00,0.00,0.00,1.00,0.00,0.00,90,255,1.00,0.00,0.01,0.04,0.00,0.00,0.00,0.00,normal,0,normal,21
11572,0,tcp,http,SF,335,2296,0,0,0,0,0,1,0,0,0,0,0,0,0,0,0,0,9,12,0.00,0.00,0.00,0.00,1.00,0.00,0.17,166,251,1.00,0.00,0.01,0.02,0.00,0.00,0.00,0.00,normal,0,normal,21
5154,0,tcp,smtp,SF,2512,330,0,0,0,0,0,1,0,0,0,0,0,0,0,0,0,0,1,1,0.00,0.00,0.00,0.00,1.00,0.00,0.00,158,85,0.39,0.04,0.01,0.02,0.00,0.00,0.00,0.00,normal,0,normal,21
5985,0,tcp,private,REJ,0,0,0,0,0,0,0,0,0,0,0,0,0,0,0,0,0,0,136,2,0.00,0.00,1.00,1.00,0.01,0.06,0.00,255,2,0.01,0.06,0.00,0.00,0.00,0.00,1.00,1.00,dos,0,neptune,21
18641,0,tcp,http,SF,312,12245,0,0,0,0,0,1,0,0,0,0,0,0,0,0,0,0,3,4,0.00,0.00,0.00,0.00,1.00,0.00,0.50,255,255,1.00,0.00,0.00,0.00,0.00,0.00,0.00,0.00,normal,0,normal,21
12625,8172,tcp,telnet,SF,0,15,0,0,0,0,0,0,0,0,0,0,0,0,0,0,0,0,1,1,0.00,0.00,0.00,0.00,1.00,0.00,0.00,255,48,0.19,0.04,0.00,0.00,0.00,0.02,0.09,0.25,dos,1,processtable,7
2528,0,icmp,ecr_i,SF,520,0,0,0,0,0,0,0,0,0,0,0,0,0,0,0,0,0,511,511,0.00,0.00,0.00,0.00,1.00,0.00,0.00,251,251,1.00,0.00,1.00,0.00,0.00,0.00,0.00,0.00,dos,0,smurf,18
19926,0,tcp,http,SF,207,291,0,0,0,0,0,1,0,0,0,0,0,0,0,0,0,0,9,12,0.00,0.00,0.00,0.00,1.00,0.00,0.25,255,255,1.00,0.00,0.00,0.00,0.00,0.00,0.00,0.00,normal,0,normal,21
9703,0,tcp,private,REJ,0,0,0,0,0,0,0,0,0,0,0,0,0,0,0,0,0,0,230,16,0.00,0.00,1.00,1.00,0.07,0.07,0.00,255,16,0.06,0.07,0.00,0.00,0.00,0.00,1.00,1.00,dos,0,neptune,21
20726,0,tcp,private,REJ,0,0,0,0,0,0,0,0,0,0,0,0,0,0,0,0,0,0,147,1,0.00,0.00,1.00,1.00,0.01,0.06,0.00,255,1,0.00,0.06,0.00,0.00,0.00,0.00,1.00,1.00,dos,0,neptune,21
14015,0,udp,domain_u,SF,44,44,0,0,0,0,0,0,0,0,0,0,0,0,0,0,0,0,38,102,0.00,0.00,0.00,0.00,1.00,0.00,0.02,203,173,0.85,0.01,0.01,0.00,0.00,0.00,0.00,0.00,normal,0,normal,21
16835,0,tcp,http,SF,223,358,0,0,0,0,0,1,0,0,0,0,0,0,0,0,0,0,8,9,0.00,0.00,0.00,0.00,1.00,0.00,0.22,11,255,1.00,0.00,0.09,0.01,0.00,0.00,0.00,0.00,normal,0,normal,21
14242,11,tcp,X11,SF,6,0,0,0,0,0,0,0,0,0,0,0,0,0,0,0,0,0,8,1,0.00,0.00,0.25,0.00,0.12,1.00,0.00,25,1,0.04,0.44,0.04,0.00,0.00,0.00,0.12,0.00,probe,1,saint,4
6868,0,icmp,ecr_i,SF,1008,0,0,0,0,0,0,0,0,0,0,0,0,0,0,0,0,0,56,56,0.00,0.00,0.00,0.00,1.00,0.00,0.00,255,255,1.00,0.00,1.00,0.00,0.00,0.00,0.00,0.00,dos,0,smurf,18
682,0,tcp,private,S0,0,0,0,0,0,0,0,0,0,0,0,0,0,0,0,0,0,0,189,14,1.00,1.00,0.00,0.00,0.07,0.09,0.00,255,14,0.05,0.08,0.00,0.00,1.00,1.00,0.00,0.00,dos,0,neptune,21
6161,0,tcp,private,S0,0,0,0,0,0,0,0,0,0,0,0,0,0,0,0,0,0,0,114,16,1.00,1.00,0.00,0.00,0.14,0.06,0.00,255,16,0.06,0.05,0.00,0.00,1.00,1.00,0.00,0.00,dos,0,neptune,21
17822,0,tcp,http,SF,212,5473,0,0,0,0,0,1,0,0,0,0,0,0,0,0,0,0,1,15,0.00,0.00,0.00,0.00,1.00,0.00,0.20,48,255,1.00,0.00,0.02,0.07,0.00,0.00,0.00,0.00,normal,0,normal,21
19627,0,tcp,other,REJ,0,0,0,0,0,0,0,0,0,0,0,0,0,0,0,0,0,0,414,1,0.14,0.00,0.85,1.00,0.00,1.00,0.00,255,1,0.00,0.93,0.00,0.00,0.15,0.00,0.84,1.00,probe,0,satan,17
22247,0,tcp,http,SF,248,15386,0,0,0,0,0,1,0,0,0,0,0,0,0,0,0,0,8,8,0.00,0.00,0.00,0.00,1.00,0.00,0.00,47,255,1.00,0.00,0.02,0.01,0.02,0.00,0.00,0.00,normal,0,normal,21
13176,0,tcp,http,SF,262,4255,0,0,0,0,0,1,0,0,0,0,0,0,0,0,0,0,8,14,0.00,0.00,0.00,0.00,1.00,0.00,0.14,255,255,1.00,0.00,0.00,0.00,0.00,0.00,0.00,0.00,normal,0,normal,21
18896,0,tcp,http,SF,207,3945,0,0,0,0,0,1,0,0,0,0,0,0,0,0,0,0,14,15,0.00,0.00,0.00,0.00,1.00,0.00,0.13,65,255,1.00,0.00,0.02,0.01,0.00,0.00,0.00,0.00,normal,0,normal,21
20074,0,tcp,http,SF,54540,8314,0,0,0,2,0,1,1,0,0,0,0,0,0,0,0,0,2,2,0.00,0.00,0.00,0.00,1.00,0.00,0.00,255,251,0.98,0.01,0.00,0.00,0.00,0.00,0.01,0.01,dos,0,back,16
20352,0,tcp,http,SF,233,308,0,0,0,0,0,1,0,0,0,0,0,0,0,0,0,0,21,21,0.00,0.00,0.00,0.00,1.00,0.00,0.00,255,255,1.00,0.00,0.00,0.00,0.00,0.00,0.00,0.00,normal,0,normal,21
1450,0,tcp,http,SF,185,635,0,0,0,0,0,1,0,0,0,0,0,0,0,0,0,0,1,1,0.00,0.00,0.00,0.00,1.00,0.00,0.00,255,243,0.95,0.02,0.00,0.00,0.00,0.00,0.00,0.00,normal,0,normal,21
10254,0,tcp,private,REJ,0,0,0,0,0,0,0,0,0,0,0,0,0,0,0,0,0,0,285,17,0.00,0.00,1.00,1.00,0.06,0.06,0.00,255,17,0.07,0.05,0.00,0.00,0.00,0.00,1.00,1.00,dos,0,neptune,21
19824,0,tcp,http,SF,161,430,0,0,0,0,0,1,0,0,0,0,0,0,0,0,0,0,1,1,0.00,0.00,0.00,0.00,1.00,0.00,0.00,255,255,1.00,0.00,0.00,0.00,0.00,0.00,0.00,0.00,normal,0,normal,21
13024,0,tcp,telnet,REJ,0,0,0,0,0,0,0,0,0,0,0,0,0,0,0,0,0,0,1,23,0.00,0.26,1.00,0.52,1.00,0.00,0.78,8,84,0.38,0.62,0.12,0.04,0.00,0.00,0.62,0.68,probe,1,mscan,13
10199,281,tcp,ftp,SF,162,599,0,0,0,2,0,1,0,0,0,0,0,0,0,0,0,1,1,1,0.00,0.00,0.00,0.00,1.00,0.00,0.00,255,42,0.16,0.03,0.00,0.00,0.27,0.00,0.02,0.00,r2l,0,warezmaster,13
6019,0,icmp,ecr_i,SF,1008,0,0,0,0,0,0,0,0,0,0,0,0,0,0,0,0,0,53,53,0.00,0.00,0.00,0.00,1.00,0.00,0.00,255,255,1.00,0.00,1.00,0.00,0.00,0.00,0.00,0.00,dos,0,smurf,18
5936,0,tcp,nnsp,S0,0,0,0,0,0,0,0,0,0,0,0,0,0,0,0,0,0,0,107,4,1.00,1.00,0.00,0.00,0.04,0.07,0.00,255,4,0.02,0.06,0.00,0.00,1.00,1.00,0.00,0.00,dos,0,neptune,20
16880,0,tcp,telnet,SF,129,174,0,0,0,0,1,0,0,0,0,0,0,0,0,0,0,0,1,1,0.00,0.00,0.00,0.00,1.00,0.00,0.00,255,102,0.40,0.02,0.00,0.00,0.00,0.00,0.01,0.03,r2l,0,guess_passwd,9
20159,807,tcp,http,RSTR,29824,0,0,0,0,0,0,1,0,0,0,0,0,0,0,0,0,0,44,44,0.02,0.02,0.98,0.98,1.00,0.00,0.00,255,253,0.99,0.01,0.00,0.00,0.01,0.01,0.68,0.68,dos,1,apache2,15
14907,0,tcp,http,SF,203,6482,0,0,0,0,0,1,0,0,0,0,0,0,0,0,0,0,8,34,0.00,0.00,0.00,0.00,1.00,0.00,0.12,8,255,1.00,0.00,0.12,0.07,0.00,0.00,0.00,0.00,normal,0,normal,21
16961,1419,tcp,telnet,SF,46134,46626,0,0,0,3,0,1,9,1,1,7,0,1,0,0,0,0,1,1,0.00,0.00,0.00,0.00,1.00,0.00,0.00,125,30,0.24,0.03,0.01,0.00,0.00,0.00,0.00,0.00,u2r,1,httptunnel,3
6191,0,tcp,ftp_data,SF,12,0,0,0,0,0,0,0,0,0,0,0,0,0,0,0,0,0,1,1,0.00,0.00,0.00,0.00,1.00,0.00,0.00,110,11,0.03,0.02,0.03,0.18,0.00,0.00,0.00,0.00,r2l,0,warezmaster,5
21412,0,tcp,telnet,S3,0,44,0,0,0,0,0,0,0,0,0,0,0,0,0,0,0,0,1,1,1.00,1.00,0.00,0.00,1.00,0.00,0.00,255,137,0.54,0.42,0.00,0.00,0.43,0.80,0.42,0.01,dos,1,processtable,18
11474,0,udp,private,SF,53,55,0,0,0,0,0,0,0,0,0,0,0,0,0,0,0,0,508,508,0.00,0.00,0.00,0.00,1.00,0.00,0.00,255,255,1.00,0.00,0.84,0.00,0.00,0.00,0.00,0.00,normal,0,normal,17
17235,0,tcp,name,S0,0,0,0,0,0,0,0,0,0,0,0,0,0,0,0,0,0,0,251,5,1.00,1.00,0.00,0.00,0.02,0.06,0.00,255,5,0.02,0.07,0.00,0.00,1.00,1.00,0.00,0.00,dos,0,neptune,20
9913,0,tcp,private,S0,0,0,0,0,0,0,0,0,0,0,0,0,0,0,0,0,0,0,156,4,1.00,1.00,0.00,0.00,0.03,0.10,0.00,255,4,0.02,0.09,0.00,0.00,1.00,1.00,0.00,0.00,dos,0,neptune,21
3003,0,tcp,systat,REJ,0,0,0,0,0,0,0,0,0,0,0,0,0,0,0,0,0,0,115,6,0.00,0.00,1.00,1.00,0.05,0.07,0.00,255,6,0.02,0.28,0.00,0.00,0.00,0.00,0.96,1.00,dos,0,neptune,20
12614,0,udp,domain_u,SF,43,43,0,0,0,0,0,0,0,0,0,0,0,0,0,0,0,0,2,4,0.00,0.00,0.00,0.00,1.00,0.00,0.50,255,232,0.91,0.01,0.01,0.00,0.00,0.00,0.05,0.00,normal,0,normal,18
4493,0,tcp,http,SF,226,968,0,0,0,0,0,1,0,0,0,0,0,0,0,0,0,0,11,11,0.00,0.00,0.00,0.00,1.00,0.00,0.00,31,255,1.00,0.00,0.03,0.03,0.00,0.00,0.00,0.00,normal,0,normal,21
97,0,udp,domain_u,SF,44,113,0,0,0,0,0,0,0,0,0,0,0,0,0,0,0,0,3,5,0.00,0.00,0.00,0.00,1.00,0.00,0.40,255,253,0.99,0.01,0.00,0.00,0.00,0.00,0.00,0.00,normal,0,normal,21
15403,0,tcp,private,S0,0,0,0,0,0,0,0,0,0,0,0,0,0,0,0,0,0,0,138,18,1.00,1.00,0.00,0.00,0.13,0.07,0.00,255,18,0.07,0.06,0.00,0.00,1.00,1.00,0.00,0.00,dos,0,neptune,21
9266,0,tcp,http,SF,54540,8314,0,0,0,0,0,1,0,0,0,0,0,0,0,0,0,0,4,4,0.00,0.00,0.00,0.00,1.00,0.00,0.00,255,254,1.00,0.01,0.00,0.00,0.00,0.00,0.04,0.04,dos,0,back,10
9828,0,udp,domain_u,SF,42,42,0,0,0,0,0,0,0,0,0,0,0,0,0,0,0,0,8,9,0.00,0.00,0.00,0.00,1.00,0.00,0.22,255,255,1.00,0.00,0.01,0.00,0.00,0.00,0.00,0.00,normal,0,normal,21
13895,0,tcp,telnet,RSTO,0,0,0,0,0,0,0,0,0,0,0,0,0,0,0,0,0,0,240,11,0.00,0.00,1.00,1.00,0.05,0.07,0.00,255,11,0.04,0.07,0.00,0.00,0.00,0.00,1.00,1.00,dos,0,neptune,21
3450,0,udp,domain_u,SF,46,77,0,0,0,0,0,0,0,0,0,0,0,0,0,0,0,0,373,373,0.00,0.00,0.00,0.00,1.00,0.00,0.00,255,254,1.00,0.01,0.00,0.00,0.00,0.00,0.00,0.00,normal,0,normal,18
17921,0,icmp,ecr_i,SF,1032,0,0,0,0,0,0,0,0,0,0,0,0,0,0,0,0,0,232,232,0.00,0.00,0.00,0.00,1.00,0.00,0.00,255,255,1.00,0.00,1.00,0.00,0.00,0.00,0.00,0.00,dos,0,smurf,20
14837,0,tcp,smtp,SF,1144,333,0,0,0,0,0,1,0,0,0,0,0,0,0,0,0,0,1,1,0.00,0.00,0.00,0.00,1.00,0.00,0.00,28,25,0.89,0.14,0.04,0.00,0.00,0.00,0.00,0.00,normal,0,normal,21
22076,0,tcp,http,SF,162,300,0,0,0,0,0,1,0,0,0,0,0,0,0,0,0,0,1,1,0.00,0.00,0.00,0.00,1.00,0.00,0.00,255,255,1.00,0.00,0.00,0.00,0.00,0.00,0.00,0.00,normal,0,normal,21
6345,0,icmp,ecr_i,SF,520,0,0,0,0,0,0,0,0,0,0,0,0,0,0,0,0,0,226,226,0.00,0.00,0.00,0.00,1.00,0.00,0.00,255,255,1.00,0.00,1.00,0.00,0.00,0.00,0.00,0.00,dos,0,smurf,18
5654,0,tcp,http,SF,312,1851,0,0,0,0,0,1,0,0,0,0,0,0,0,0,0,0,33,37,0.00,0.00,0.00,0.00,1.00,0.00,0.14,103,255,1.00,0.00,0.01,0.03,0.00,0.00,0.00,0.00,normal,0,normal,21
21532,4,tcp,pop_3,SF,28,93,0,0,0,0,0,1,0,0,0,0,0,0,0,0,0,0,1,1,0.00,0.00,0.00,0.00,1.00,0.00,0.00,155,137,0.88,0.02,0.01,0.01,0.00,0.00,0.06,0.00,r2l,0,guess_passwd,10
3328,0,tcp,http,SF,238,419,0,0,0,0,0,1,0,0,0,0,0,0,0,0,0,0,4,4,0.00,0.00,0.00,0.00,1.00,0.00,0.00,7,156,1.00,0.00,0.14,0.06,0.00,0.01,0.00,0.00,normal,0,normal,21
12697,0,tcp,private,REJ,0,0,0,0,0,0,0,0,0,0,0,0,0,0,0,0,0,0,233,12,0.00,0.00,1.00,1.00,0.05,0.07,0.00,255,12,0.05,0.08,0.00,0.00,0.00,0.00,1.00,1.00,dos,0,neptune,21
14993,0,tcp,http,SF,253,42438,0,0,0,0,0,1,0,0,0,0,0,0,0,0,0,0,1,25,0.00,0.00,0.00,0.00,1.00,0.00,0.08,255,229,0.90,0.02,0.00,0.00,0.00,0.00,0.06,0.00,normal,0,normal,18
8575,0,tcp,private,REJ,0,0,0,0,0,0,0,0,0,0,0,0,0,0,0,0,0,0,243,1,0.00,0.00,1.00,1.00,0.00,0.07,0.00,255,1,0.00,0.07,0.00,0.00,0.00,0.00,1.00,1.00,dos,0,neptune,21
21872,0,tcp,http,SF,329,834,0,0,0,0,0,1,0,0,0,0,0,0,0,0,0,0,8,8,0.00,0.00,0.00,0.00,1.00,0.00,0.00,45,236,1.00,0.00,0.02,0.04,0.00,0.00,0.00,0.00,normal,0,normal,21
17337,0,tcp,http,SF,176,15907,0,0,0,0,0,1,0,0,0,0,0,0,0,0,0,0,6,6,0.00,0.00,0.00,0.00,1.00,0.00,0.00,26,251,1.00,0.00,0.04,0.05,0.00,0.00,0.00,0.00,normal,0,normal,21
8618,0,tcp,http,SF,339,703,0,0,0,0,0,1,0,0,0,0,0,0,0,0,0,0,7,7,0.00,0.00,0.00,0.00,1.00,0.00,0.00,255,255,1.00,0.00,0.00,0.00,0.00,0.00,0.00,0.00,normal,0,normal,21
2082,0,udp,domain_u,SF,44,136,0,0,0,0,0,0,0,0,0,0,0,0,0,0,0,0,143,223,0.00,0.00,0.00,0.00,1.00,0.00,0.01,255,255,1.00,0.00,0.00,0.00,0.00,0.00,0.00,0.00,normal,0,normal,18
10569,0,tcp,other,REJ,0,0,0,0,0,0,0,0,0,0,0,0,0,0,0,0,0,0,448,1,0.07,0.00,0.93,1.00,0.00,1.00,0.00,255,1,0.00,1.00,0.00,0.00,0.00,0.00,1.00,1.00,probe,0,satan,18
22217,1,tcp,telnet,RSTO,0,15,0,0,0,0,0,0,0,0,0,0,0,0,0,0,0,0,1,4,0.00,0.25,1.00,0.50,1.00,0.00,0.75,114,86,0.34,0.04,0.01,0.02,0.00,0.00,0.90,0.71,probe,1,mscan,12
10058,0,tcp,private,S0,0,0,0,0,0,0,0,0,0,0,0,0,0,0,0,0,0,0,157,1,1.00,1.00,0.00,0.00,0.01,0.11,0.00,255,1,0.00,0.10,0.00,0.00,1.00,1.00,0.00,0.00,dos,0,neptune,21
4720,0,tcp,http,SF,334,6989,0,0,0,0,0,1,0,0,0,0,0,0,0,0,0,0,14,30,0.00,0.00,0.00,0.00,1.00,0.00,0.13,16,255,1.00,0.00,0.06,0.03,0.00,0.00,0.00,0.00,normal,0,normal,21
21328,0,udp,domain_u,SF,44,44,0,0,0,0,0,0,0,0,0,0,0,0,0,0,0,0,84,128,0.00,0.00,0.00,0.00,1.00,0.00,0.02,255,255,1.00,0.00,0.01,0.00,0.00,0.00,0.00,0.00,normal,0,normal,20
16402,0,tcp,private,REJ,0,0,0,0,0,0,0,0,0,0,0,0,0,0,0,0,0,0,3,1,0.00,0.00,1.00,1.00,0.33,0.67,0.00,6,1,0.17,0.50,0.50,0.00,0.00,0.00,0.50,1.00,probe,0,portsweep,14
15309,4,tcp,pop_3,SF,30,93,0,0,0,0,0,1,0,0,0,0,0,0,0,0,0,0,1,1,0.00,0.00,0.00,0.00,1.00,0.00,0.00,255,249,0.98,0.01,0.00,0.00,0.00,0.00,0.02,0.00,r2l,0,guess_passwd,18
6184,0,tcp,vmnet,S0,0,0,0,0,0,0,0,0,0,0,0,0,0,0,0,0,0,0,300,20,1.00,1.00,0.00,0.00,0.07,0.06,0.00,255,20,0.08,0.07,0.00,0.00,1.00,1.00,0.00,0.00,dos,0,neptune,19
19222,0,icmp,ecr_i,SF,1008,0,0,0,0,0,0,0,0,0,0,0,0,0,0,0,0,0,239,239,0.00,0.00,0.00,0.00,1.00,0.00,0.00,255,255,1.00,0.00,1.00,0.00,0.00,0.00,0.00,0.00,dos,0,smurf,18
11509,0,tcp,private,S0,0,0,0,0,0,0,0,0,0,0,0,0,0,0,0,0,0,0,140,11,1.00,1.00,0.00,0.00,0.08,0.06,0.00,255,11,0.04,0.05,0.00,0.00,1.00,1.00,0.00,0.00,dos,0,neptune,21
122,0,tcp,private,SH,0,0,0,0,0,0,0,0,0,0,0,0,0,0,0,0,0,0,1,1,1.00,1.00,0.00,0.00,1.00,0.00,0.00,80,1,0.01,1.00,1.00,0.00,1.00,1.00,0.00,0.00,probe,0,nmap,19
15248,0,tcp,private,REJ,0,0,0,0,0,0,0,0,0,0,0,0,0,0,0,0,0,0,444,1,0.05,0.00,0.92,1.00,0.00,1.00,0.00,255,1,0.00,1.00,0.00,0.00,0.03,0.00,0.93,1.00,probe,1,saint,18
17087,0,tcp,http,S0,0,0,0,0,0,0,0,0,0,0,0,0,0,0,0,0,0,0,102,102,1.00,1.00,0.00,0.00,1.00,0.00,0.00,255,255,1.00,0.00,0.00,0.00,0.53,0.53,0.44,0.44,dos,1,apache2,17
5691,0,tcp,sunrpc,REJ,0,0,0,0,0,0,0,0,0,0,0,0,0,0,0,0,0,0,1,4,0.00,0.00,1.00,1.00,1.00,0.00,1.00,255,20,0.08,0.03,0.00,0.00,0.00,0.00,0.41,1.00,probe,1,mscan,13
5790,0,tcp,ftp_data,SF,12,0,0,0,0,0,0,0,0,0,0,0,0,0,0,0,0,0,2,2,0.00,0.00,0.00,0.00,1.00,0.00,0.00,2,6,1.00,0.00,1.00,0.33,0.00,0.00,0.00,0.00,r2l,0,warezmaster,16
17442,0,tcp,smtp,SF,779,328,0,0,0,0,0,1,0,0,0,0,0,0,0,0,0,0,1,1,0.00,0.00,0.00,0.00,1.00,0.00,0.00,196,193,0.73,0.03,0.01,0.01,0.00,0.00,0.00,0.00,normal,0,normal,21
18686,4,tcp,pop_3,SF,28,93,0,0,0,0,0,1,0,0,0,0,0,0,0,0,0,0,1,1,0.00,0.00,0.00,0.00,1.00,0.00,0.00,41,41,0.98,0.05,0.02,0.05,0.00,0.00,0.00,0.00,r2l,0,guess_passwd,6
19168,0,tcp,http,SF,202,841,0,0,0,0,0,1,0,0,0,0,0,0,0,0,0,0,11,11,0.00,0.00,0.00,0.00,1.00,0.00,0.00,97,204,1.00,0.00,0.01,0.04,0.00,0.00,0.00,0.00,normal,0,normal,21
10157,283,tcp,ftp,SF,162,599,0,0,0,2,0,1,0,0,0,0,0,0,0,0,0,1,1,1,0.00,0.00,0.00,0.00,1.00,0.00,0.00,157,73,0.46,0.03,0.01,0.00,0.00,0.00,0.00,0.00,r2l,0,warezmaster,11
13711,0,tcp,http,SF,290,888,0,0,0,0,0,1,0,0,0,0,0,0,0,0,0,0,8,8,0.00,0.00,0.00,0.00,1.00,0.00,0.00,34,255,1.00,0.00,0.03,0.06,0.00,0.00,0.00,0.00,normal,0,normal,21
19160,0,tcp,private,S0,0,0,0,0,0,0,0,0,0,0,0,0,0,0,0,0,0,0,221,10,0.07,0.80,0.93,0.20,0.05,0.08,0.00,255,10,0.04,0.09,0.00,0.00,0.06,0.80,0.94,0.20,dos,0,neptune,21
9247,0,tcp,ftp_data,SF,192,0,0,0,0,0,0,0,0,0,0,0,0,0,0,0,0,0,2,2,0.00,0.00,0.00,0.00,1.00,0.00,0.00,237,69,0.27,0.03,0.27,0.03,0.00,0.00,0.00,0.00,normal,0,normal,21
1322,0,udp,other,SF,1,0,0,0,0,0,0,0,0,0,0,0,0,0,0,0,0,0,68,2,0.00,0.00,0.00,0.00,0.03,0.74,0.00,255,2,0.01,0.74,1.00,0.00,0.00,0.00,0.00,0.00,normal,0,normal,9
6445,896,tcp,http,RSTR,2484,0,0,0,0,0,0,1,0,0,0,0,0,0,0,0,0,0,85,85,0.01,0.01,0.98,0.98,1.00,0.00,0.00,255,255,1.00,0.00,0.00,0.00,0.00,0.00,0.33,0.33,dos,1,apache2,15
22238,0,icmp,ecr_i,SF,1032,0,0,0,0,0,0,0,0,0,0,0,0,0,0,0,0,0,510,510,0.00,0.00,0.00,0.00,1.00,0.00,0.00,188,187,0.99,0.01,0.99,0.00,0.00,0.00,0.00,0.00,dos,0,smurf,18
12385,0,tcp,http,SF,287,2513,0,0,0,0,0,1,0,0,0,0,0,0,0,0,0,0,7,7,0.00,0.00,0.00,0.00,1.00,0.00,0.00,16,229,1.00,0.00,0.06,0.04,0.00,0.00,0.00,0.00,normal,0,normal,21
10936,0,tcp,private,REJ,0,0,0,0,0,0,0,0,0,0,0,0,0,0,0,0,0,0,117,16,0.00,0.00,1.00,1.00,0.14,0.07,0.00,255,16,0.06,0.06,0.00,0.00,0.00,0.00,1.00,1.00,dos,0,neptune,21
21004,0,tcp,telnet,SF,120,174,0,0,0,0,1,0,0,0,0,0,0,0,0,0,0,0,2,2,0.00,0.00,0.00,0.00,1.00,0.00,0.00,255,203,0.80,0.02,0.00,0.00,0.00,0.00,0.02,0.03,r2l,0,guess_passwd,15
17721,0,icmp,ecr_i,SF,1032,0,0,0,0,0,0,0,0,0,0,0,0,0,0,0,0,0,395,395,0.00,0.00,0.00,0.00,1.00,0.00,0.00,255,255,1.00,0.00,1.00,0.00,0.00,0.00,0.00,0.00,dos,0,smurf,18
4037,0,tcp,http,SF,207,1185,0,0,0,0,0,1,0,0,0,0,0,0,0,0,0,0,6,6,0.00,0.00,0.00,0.00,1.00,0.00,0.00,75,255,1.00,0.00,0.01,0.03,0.00,0.00,0.00,0.00,normal,0,normal,21
13085,0,tcp,http,SF,218,316,0,0,0,0,0,1,0,0,0,0,0,0,0,0,0,0,39,40,0.00,0.00,0.00,0.00,1.00,0.00,0.05,255,255,1.00,0.00,0.00,0.00,0.00,0.00,0.00,0.00,normal,0,normal,21
10122,0,udp,private,SF,1,1,0,0,0,0,0,0,0,0,0,0,0,0,0,0,0,0,47,1,0.00,0.00,0.00,0.00,0.02,0.98,0.00,255,1,0.00,0.61,0.99,0.00,0.00,0.00,0.01,0.00,probe,0,satan,18
788,0,tcp,http,SF,233,2103,0,0,0,0,0,1,0,0,0,0,0,0,0,0,0,0,1,5,0.00,0.00,0.00,0.00,1.00,0.00,0.80,2,255,1.00,0.00,0.50,0.02,0.00,0.00,0.00,0.00,normal,0,normal,21
16916,281,tcp,ftp,SF,158,597,0,0,0,2,0,1,0,0,0,0,0,0,0,0,0,1,1,1,0.00,0.00,0.00,0.00,1.00,0.00,0.00,31,25,0.81,0.10,0.03,0.00,0.00,0.00,0.00,0.00,r2l,0,warezmaster,11
16514,0,tcp,telnet,SF,126,174,0,0,0,0,1,0,0,0,0,0,0,0,0,0,0,0,1,1,0.00,0.00,0.00,0.00,1.00,0.00,0.00,255,254,1.00,0.01,0.00,0.00,0.02,0.02,0.02,0.02,r2l,0,guess_passwd,17
12089,0,tcp,http,SF,181,1947,0,0,0,0,0,1,0,0,0,0,0,0,0,0,0,0,6,6,0.00,0.00,0.00,0.00,1.00,0.00,0.00,246,195,0.79,0.02,0.00,0.00,0.00,0.00,0.02,0.00,normal,0,normal,18
21600,0,tcp,http,SF,250,1301,0,0,0,0,0,1,0,0,0,0,0,0,0,0,0,0,34,34,0.00,0.00,0.00,0.00,1.00,0.00,0.00,255,255,1.00,0.00,0.00,0.00,0.00,0.00,0.00,0.00,normal,0,normal,21
18482,0,tcp,http,SF,212,259,0,0,0,0,0,1,0,0,0,0,0,0,0,0,0,0,4,17,0.00,0.00,0.00,0.00,1.00,0.00,0.18,114,255,1.00,0.00,0.01,0.06,0.00,0.00,0.00,0.00,normal,0,normal,21
6716,0,udp,domain_u,SF,42,42,0,0,0,0,0,0,0,0,0,0,0,0,0,0,0,0,12,18,0.00,0.00,0.00,0.00,1.00,0.00,0.17,255,252,0.99,0.01,0.00,0.00,0.00,0.00,0.00,0.00,normal,0,normal,21
1683,0,tcp,http,SF,231,186,0,0,0,0,0,1,0,0,0,0,0,0,0,0,0,0,4,9,0.00,0.00,0.00,0.00,1.00,0.00,0.22,61,255,1.00,0.00,0.02,0.02,0.00,0.00,0.00,0.00,normal,0,normal,21
14710,0,tcp,telnet,S3,0,44,0,0,0,0,0,0,0,0,0,0,0,0,0,0,0,0,1,1,1.00,1.00,0.00,0.00,1.00,0.00,0.00,255,119,0.47,0.48,0.00,0.00,0.36,0.76,0.47,0.02,dos,1,processtable,18
6154,0,tcp,http,SF,312,12954,0,0,0,0,0,1,0,0,0,0,0,0,0,0,0,0,22,22,0.00,0.00,0.00,0.00,1.00,0.00,0.00,255,255,1.00,0.00,0.00,0.00,0.00,0.00,0.00,0.00,normal,0,normal,21
2339,0,tcp,ldap,REJ,0,0,0,0,0,0,0,0,0,0,0,0,0,0,0,0,0,0,104,15,0.00,0.00,1.00,1.00,0.14,0.07,0.00,255,15,0.06,0.05,0.00,0.00,0.00,0.00,1.00,1.00,dos,0,neptune,19
6953,0,tcp,http,SF,297,182,0,0,0,0,0,1,0,0,0,0,0,0,0,0,0,0,23,48,0.00,0.00,0.00,0.00,1.00,0.00,0.04,255,255,1.00,0.00,0.00,0.00,0.00,0.00,0.00,0.00,normal,0,normal,21
15276,0,tcp,supdup,S0,0,0,0,0,0,0,0,0,0,0,0,0,0,0,0,0,0,0,120,9,1.00,1.00,0.00,0.00,0.08,0.07,0.00,255,9,0.04,0.06,0.00,0.00,1.00,1.00,0.00,0.00,dos,0,neptune,20
19622,0,tcp,smtp,SF,0,83,0,0,0,0,0,1,0,0,0,0,0,0,0,0,0,0,1,1,0.00,0.00,0.00,0.00,1.00,0.00,0.00,162,196,0.77,0.03,0.01,0.01,0.00,0.00,0.01,0.02,normal,0,normal,18
11126,0,tcp,http,SF,241,389,0,0,0,0,0,1,0,0,0,0,0,0,0,0,0,0,1,1,0.00,0.00,0.00,0.00,1.00,0.00,0.00,36,255,1.00,0.00,0.03,0.02,0.00,0.00,0.00,0.00,normal,0,normal,21
3976,0,tcp,telnet,S3,0,44,0,0,0,0,0,0,0,0,0,0,0,0,0,0,0,0,2,1,0.50,1.00,0.50,0.00,0.50,1.00,0.00,255,134,0.53,0.44,0.00,0.00,0.42,0.79,0.43,0.01,dos,1,processtable,19
9188,0,tcp,http,SF,245,587,0,0,0,0,0,1,0,0,0,0,0,0,0,0,0,0,9,10,0.00,0.00,0.00,0.00,1.00,0.00,0.20,255,255,1.00,0.00,0.00,0.00,0.00,0.00,0.00,0.00,normal,0,normal,21
8144,0,udp,private,SF,1,1,0,0,0,0,0,0,0,0,0,0,0,0,0,0,0,0,58,1,0.00,0.00,0.00,0.00,0.02,1.00,0.00,255,1,0.00,0.64,0.97,0.00,0.00,0.00,0.03,0.00,probe,0,satan,17
19399,7322,tcp,telnet,SF,0,44,0,0,0,0,0,0,0,0,0,0,0,0,0,0,0,0,1,1,0.00,0.00,0.00,0.00,1.00,0.00,0.00,255,230,0.90,0.02,0.00,0.00,0.27,0.30,0.01,0.00,dos,1,processtable,14
12537,1,tcp,smtp,SF,2599,293,0,0,0,0,0,1,0,0,0,0,0,0,0,0,0,0,4,3,0.00,0.00,0.25,0.00,0.75,0.50,0.00,255,120,0.47,0.15,0.00,0.00,0.00,0.00,0.51,0.00,dos,1,mailbomb,11
20160,0,tcp,http,SF,54540,8314,0,0,0,2,0,1,1,0,0,0,0,0,0,0,0,0,4,4,0.00,0.00,0.00,0.00,1.00,0.00,0.00,255,238,0.93,0.01,0.00,0.00,0.00,0.00,0.02,0.02,dos,0,back,12
22267,0,udp,private,SF,55,55,0,0,0,0,0,0,0,0,0,0,0,0,0,0,0,0,506,506,0.00,0.00,0.00,0.00,1.00,0.00,0.00,255,254,1.00,0.01,0.76,0.00,0.00,0.00,0.00,0.00,normal,0,normal,17
16946,0,tcp,imap4,SF,0,44,0,0,0,0,0,0,0,0,0,0,0,0,0,0,0,0,2,2,0.00,0.00,0.50,0.50,0.50,1.00,1.00,224,60,0.24,0.02,0.00,0.03,0.00,0.00,0.88,0.98,probe,1,mscan,10
17315,0,udp,other,SF,1,1,0,0,0,0,0,0,0,0,0,0,0,0,0,0,0,0,470,1,0.00,0.00,0.00,0.00,0.00,1.00,0.00,255,1,0.00,1.00,1.00,0.00,0.00,0.00,0.00,0.00,probe,0,satan,17
16482,0,tcp,imap4,S0,0,0,0,0,0,0,0,0,0,0,0,0,0,0,0,0,0,0,1,2,1.00,1.00,0.00,0.00,1.00,0.00,1.00,30,86,0.33,0.10,0.03,0.03,1.00,1.00,0.00,0.00,probe,1,mscan,18
5273,0,tcp,private,REJ,0,0,0,0,0,0,0,0,0,0,0,0,0,0,0,0,0,0,244,18,0.00,0.00,1.00,1.00,0.07,0.07,0.00,255,18,0.07,0.06,0.00,0.00,0.00,0.00,1.00,1.00,dos,0,neptune,21
5610,0,tcp,link,REJ,0,0,0,0,0,0,0,0,0,0,0,0,0,0,0,0,0,0,284,16,0.00,0.00,1.00,1.00,0.06,0.06,0.00,255,16,0.06,0.06,0.00,0.00,0.00,0.00,1.00,1.00,dos,0,neptune,20
22134,0,tcp,http,SF,232,9553,0,0,0,0,0,1,0,0,0,0,0,0,0,0,0,0,1,3,0.00,0.00,0.00,0.00,1.00,0.00,0.67,214,251,1.00,0.00,0.00,0.01,0.00,0.00,0.00,0.00,normal,0,normal,21
6994,0,icmp,ecr_i,SF,1032,0,0,0,0,0,0,0,0,0,0,0,0,0,0,0,0,0,230,230,0.00,0.00,0.00,0.00,1.00,0.00,0.00,255,255,1.00,0.00,1.00,0.00,0.00,0.00,0.00,0.00,dos,0,smurf,20
8569,799,tcp,http,RSTR,57964,0,0,0,0,0,0,1,0,0,0,0,0,0,0,0,0,0,92,92,0.02,0.02,0.98,0.98,1.00,0.00,0.00,255,253,0.99,0.01,0.00,0.00,0.01,0.01,0.49,0.49,dos,1,apache2,14
10474,0,tcp,private,REJ,0,0,0,0,0,0,0,0,0,0,0,0,0,0,0,0,0,0,255,18,0.00,0.00,1.00,1.00,0.07,0.07,0.00,255,18,0.07,0.07,0.00,0.00,0.00,0.00,1.00,1.00,dos,0,neptune,21
362,0,tcp,private,REJ,0,0,0,0,0,0,0,0,0,0,0,0,0,0,0,0,0,0,123,17,0.00,0.00,1.00,1.00,0.14,0.07,0.00,255,17,0.07,0.05,0.00,0.00,0.00,0.00,1.00,1.00,dos,0,neptune,21
8749,0,tcp,http,REJ,0,0,0,0,0,0,0,0,0,0,0,0,0,0,0,0,0,0,1,1,0.00,0.00,1.00,1.00,1.00,0.00,0.00,255,5,0.02,0.50,0.00,0.00,0.00,0.00,0.02,1.00,normal,0,normal,13
2732,0,tcp,http,SF,54540,8314,0,0,0,2,0,1,1,0,0,0,0,0,0,0,0,0,4,4,0.00,0.00,0.00,0.00,1.00,0.00,0.00,255,255,1.00,0.00,0.00,0.00,0.01,0.01,0.06,0.06,dos,0,back,16
641,0,icmp,eco_i,SF,20,0,0,0,0,0,0,0,0,0,0,0,0,0,0,0,0,0,1,55,0.00,0.00,0.00,0.00,1.00,0.00,1.00,1,101,1.00,0.00,1.00,0.26,0.00,0.00,0.00,0.00,probe,1,saint,15
14362,0,tcp,other,REJ,0,0,0,0,0,0,0,0,0,0,0,0,0,0,0,0,0,0,510,1,0.05,0.00,0.95,1.00,0.00,1.00,0.00,255,1,0.00,1.00,0.00,0.00,0.04,0.00,0.96,1.00,probe,1,saint,20
4973,0,tcp,http,SF,315,4597,0,0,0,0,0,1,0,0,0,0,0,0,0,0,0,0,8,49,0.00,0.00,0.00,0.00,1.00,0.00,0.16,255,255,1.00,0.00,0.00,0.00,0.00,0.00,0.00,0.00,normal,0,normal,21
10783,0,tcp,http,SF,349,1173,0,0,0,0,0,1,0,0,0,0,0,0,0,0,0,0,1,1,0.00,0.00,0.00,0.00,1.00,0.00,0.00,22,255,1.00,0.00,0.05,0.07,0.00,0.00,0.00,0.00,normal,0,normal,21
6743,0,tcp,http,SF,219,5014,0,0,0,0,0,1,0,0,0,0,0,0,0,0,0,0,1,1,0.00,0.00,0.00,0.00,1.00,0.00,0.00,1,255,1.00,0.00,1.00,0.03,0.00,0.00,0.00,0.00,normal,0,normal,21
9652,0,udp,private,SF,105,145,0,0,0,0,0,0,0,0,0,0,0,0,0,0,0,0,2,2,0.00,0.00,0.00,0.00,1.00,0.00,0.00,255,255,1.00,0.00,0.01,0.00,0.00,0.00,0.00,0.00,normal,0,normal,19
9199,0,tcp,private,REJ,0,0,0,0,0,0,0,0,0,0,0,0,0,0,0,0,0,0,2,1,0.00,0.00,1.00,1.00,0.50,1.00,0.00,255,1,0.00,0.58,0.36,0.00,0.00,0.00,0.37,1.00,probe,0,portsweep,18
3901,0,tcp,smtp,SF,993,336,0,0,0,0,0,1,0,0,0,0,0,0,0,0,0,0,1,1,0.00,0.00,0.00,0.00,1.00,0.00,0.00,161,118,0.73,0.04,0.01,0.00,0.00,0.00,0.00,0.00,normal,0,normal,21
13605,0,tcp,pop_3,SF,36,236,0,0,0,0,0,1,0,0,0,0,0,0,0,0,0,0,1,1,0.00,0.00,0.00,0.00,1.00,0.00,0.00,255,3,0.01,0.02,0.00,0.00,0.00,0.00,0.00,0.00,r2l,0,guess_passwd,0
10073,0,udp,domain_u,SF,34,34,0,0,0,0,0,0,0,0,0,0,0,0,0,0,0,0,3,11,0.00,0.00,0.00,0.00,1.00,0.00,0.27,255,249,0.98,0.01,0.00,0.00,0.00,0.00,0.00,0.00,normal,0,normal,21
16350,0,tcp,smtp,SF,979,330,0,0,0,0,0,1,0,0,0,0,0,0,0,0,0,0,1,1,0.00,0.00,0.00,0.00,1.00,0.00,0.00,22,14,0.64,0.14,0.05,0.00,0.00,0.00,0.00,0.00,normal,0,normal,21
16488,0,udp,private,SF,52,0,0,0,0,0,0,0,0,0,0,0,0,0,0,0,0,0,4,4,0.00,0.00,0.00,0.00,1.00,0.00,0.00,255,254,1.00,0.01,0.00,0.00,0.00,0.00,0.00,0.00,r2l,1,snmpguess,14
18265,0,tcp,private,REJ,0,0,0,0,0,0,0,0,0,0,0,0,0,0,0,0,0,0,193,19,0.00,0.00,1.00,1.00,0.10,0.06,0.00,255,19,0.07,0.05,0.00,0.00,0.00,0.00,1.00,1.00,dos,0,neptune,21
18439,0,tcp,ftp_data,SF,12,0,0,0,0,0,0,0,0,0,0,0,0,0,0,0,0,0,3,2,0.00,0.00,0.00,0.00,0.67,0.67,0.00,255,20,0.08,0.02,0.08,0.00,0.00,0.00,0.13,0.00,r2l,0,warezmaster,4
20791,0,udp,private,SF,46,0,0,0,0,0,0,0,0,0,0,0,0,0,0,0,0,0,5,5,0.00,0.00,0.00,0.00,1.00,0.00,0.00,255,255,1.00,0.00,0.00,0.00,0.00,0.00,0.00,0.00,r2l,1,snmpguess,16
8300,0,tcp,http,SF,309,10503,0,0,0,0,0,1,0,0,0,0,0,0,0,0,0,0,5,5,0.00,0.00,0.00,0.00,1.00,0.00,0.00,255,255,1.00,0.00,0.00,0.00,0.00,0.00,0.00,0.00,normal,0,normal,21
20947,0,tcp,http,SF,217,475,0,0,0,0,0,1,0,0,0,0,0,0,0,0,0,0,4,4,0.00,0.00,0.00,0.00,1.00,0.00,0.00,4,255,1.00,0.00,0.25,0.04,0.00,0.00,0.00,0.00,normal,0,normal,21
7857,0,tcp,private,REJ,0,0,0,0,0,0,0,0,0,0,0,0,0,0,0,0,0,0,259,14,0.01,0.00,0.99,1.00,0.05,0.07,0.00,255,14,0.05,0.07,0.00,0.00,0.01,0.00,0.99,1.00,dos,0,neptune,21
8516,0,icmp,ecr_i,SF,1032,0,0,0,0,0,0,0,0,0,0,0,0,0,0,0,0,0,153,153,0.00,0.00,0.00,0.00,1.00,0.00,0.00,255,254,1.00,0.01,1.00,0.00,0.00,0.00,0.00,0.00,dos,0,smurf,21
9769,1,tcp,smtp,SF,2599,293,0,0,0,0,0,1,0,0,0,0,0,0,0,0,0,0,2,2,0.00,0.00,0.00,0.00,1.00,0.00,0.00,255,94,0.37,0.14,0.00,0.00,0.00,0.00,0.62,0.00,dos,1,mailbomb,11
10964,0,icmp,ecr_i,SF,1480,0,0,1,0,0,0,0,0,0,0,0,0,0,0,0,0,0,18,18,0.00,0.00,0.00,0.00,1.00,0.00,0.00,255,18,0.07,0.02,0.07,0.00,0.00,0.00,0.00,0.00,normal,0,normal,3
19506,0,tcp,http,SF,222,278,0,0,0,0,0,1,0,0,0,0,0,0,0,0,0,0,4,11,0.00,0.00,0.00,0.00,1.00,0.00,0.45,255,255,1.00,0.00,0.00,0.00,0.00,0.00,0.00,0.00,normal,0,normal,21
3228,3,tcp,pop_3,SF,30,93,0,0,0,0,0,1,0,0,0,0,0,0,0,0,0,0,1,1,0.00,0.00,0.00,0.00,1.00,0.00,0.00,255,251,0.98,0.01,0.00,0.00,0.00,0.00,0.00,0.00,r2l,0,guess_passwd,17
11282,0,tcp,http,SF,245,2130,0,0,0,0,0,1,0,0,0,0,0,0,0,0,0,0,2,2,0.00,0.00,0.00,0.00,1.00,0.00,0.00,87,255,1.00,0.00,0.01,0.02,0.00,0.00,0.00,0.00,normal,0,normal,21
22510,0,icmp,ecr_i,SF,1008,0,0,0,0,0,0,0,0,0,0,0,0,0,0,0,0,0,200,200,0.00,0.00,0.00,0.00,1.00,0.00,0.00,255,255,1.00,0.00,1.00,0.00,0.00,0.00,0.00,0.00,dos,0,smurf,18
11858,0,icmp,eco_i,SF,20,0,0,0,0,0,0,0,0,0,0,0,0,0,0,0,0,0,1,70,0.00,0.00,0.00,0.00,1.00,0.00,1.00,3,34,1.00,0.00,1.00,0.29,0.00,0.00,0.00,0.00,probe,1,saint,15
12678,0,icmp,ecr_i,SF,1032,0,0,0,0,0,0,0,0,0,0,0,0,0,0,0,0,0,510,510,0.00,0.00,0.00,0.00,1.00,0.00,0.00,255,187,0.73,0.01,0.73,0.00,0.00,0.00,0.00,0.00,dos,0,smurf,20
19297,0,tcp,http,SF,54540,8314,0,0,0,2,0,1,1,0,0,0,0,0,0,0,0,0,5,30,0.00,0.00,0.00,0.00,1.00,0.00,0.13,255,248,0.97,0.01,0.00,0.00,0.00,0.00,0.06,0.06,dos,0,back,12
20387,0,tcp,http,SF,356,398,0,0,0,0,0,1,0,0,0,0,0,0,0,0,0,0,3,3,0.00,0.00,0.00,0.00,1.00,0.00,0.00,255,255,1.00,0.00,0.00,0.00,0.00,0.00,0.00,0.00,normal,0,normal,21
47,0,tcp,http,SF,54540,8314,0,0,0,2,0,1,1,0,0,0,0,0,0,0,0,0,4,24,0.00,0.00,0.00,0.00,1.00,0.00,0.08,255,250,0.98,0.01,0.00,0.00,0.00,0.00,0.06,0.06,dos,0,back,12
13953,282,tcp,ftp,SF,156,593,0,0,0,2,0,1,0,0,0,0,0,0,0,0,0,1,2,1,0.00,0.00,0.00,0.00,0.50,1.00,0.00,255,1,0.00,0.04,0.00,0.00,0.00,0.00,0.03,0.00,r2l,0,warezmaster,11
2406,0,tcp,http,SF,214,1919,0,0,0,0,0,1,0,0,0,0,0,0,0,0,0,0,24,29,0.00,0.00,0.00,0.00,1.00,0.00,0.07,255,255,1.00,0.00,0.00,0.00,0.00,0.00,0.00,0.00,normal,0,normal,21
4879,22,tcp,ftp,SF,227,765,0,0,0,4,0,1,0,0,0,0,0,0,0,0,0,1,1,1,0.00,0.00,0.00,0.00,1.00,0.00,0.00,119,27,0.23,0.03,0.01,0.00,0.00,0.00,0.02,0.00,normal,0,normal,20
19469,0,tcp,http,SF,281,759,0,0,0,0,0,1,0,0,0,0,0,0,0,0,0,0,1,4,0.00,0.00,0.00,0.00,1.00,0.00,0.50,1,255,1.00,0.00,1.00,0.01,0.00,0.00,0.00,0.00,normal,0,normal,21
13864,912,tcp,http,RSTR,57964,0,0,0,0,0,0,1,0,0,0,0,0,0,0,0,0,0,33,33,0.03,0.03,0.94,0.94,1.00,0.00,0.00,255,255,1.00,0.00,0.00,0.00,0.00,0.00,0.12,0.12,dos,1,apache2,15
3166,0,tcp,private,S0,0,0,0,0,0,0,0,0,0,0,0,0,0,0,0,0,0,0,135,12,0.75,0.83,0.25,0.17,0.09,0.06,0.00,255,12,0.05,0.05,0.00,0.00,0.77,0.83,0.23,0.17,dos,0,neptune,21
16711,0,tcp,http,SF,286,2348,0,0,0,0,0,1,0,0,0,0,0,0,0,0,0,0,8,12,0.00,0.00,0.00,0.00,1.00,0.00,0.17,31,255,1.00,0.00,0.03,0.02,0.00,0.00,0.00,0.00,normal,0,normal,21
13386,0,udp,private,SF,44,0,0,0,0,0,0,0,0,0,0,0,0,0,0,0,0,0,1,1,0.00,0.00,0.00,0.00,1.00,0.00,0.00,255,255,1.00,0.00,0.01,0.00,0.00,0.00,0.00,0.00,r2l,1,snmpguess,15
16679,7610,tcp,telnet,SF,0,44,0,0,0,0,0,0,0,0,0,0,0,0,0,0,0,0,1,1,0.00,0.00,0.00,0.00,1.00,0.00,0.00,255,174,0.68,0.02,0.00,0.00,0.46,0.45,0.01,0.01,dos,1,processtable,18
2456,8064,tcp,telnet,S3,1,15,0,0,0,0,0,0,0,0,0,0,0,0,0,0,0,0,1,1,1.00,1.00,0.00,0.00,1.00,0.00,0.00,255,43,0.17,0.74,0.00,0.00,0.07,0.42,0.72,0.00,dos,1,processtable,17
5410,0,tcp,other,SF,249,0,0,0,0,0,0,0,0,0,0,0,0,0,0,0,0,0,2,2,0.00,0.00,0.50,0.50,1.00,0.00,0.00,255,17,0.07,0.02,0.00,0.00,0.00,0.00,0.07,0.94,u2r,1,httptunnel,6
340,0,tcp,pop_3,REJ,0,0,0,0,0,0,0,0,0,0,0,0,0,0,0,0,0,0,3,20,0.00,0.05,1.00,0.85,0.33,1.00,1.00,255,12,0.05,0.03,0.00,0.00,0.00,0.00,0.16,1.00,probe,1,mscan,15
2193,0,icmp,ecr_i,SF,508,0,0,0,0,0,0,0,0,0,0,0,0,0,0,0,0,0,158,158,0.00,0.00,0.00,0.00,1.00,0.00,0.00,255,255,1.00,0.00,1.00,0.00,0.00,0.00,0.00,0.00,dos,0,smurf,18
17772,1,tcp,smtp,SF,1241,333,0,0,0,0,0,1,0,0,0,0,0,0,0,0,0,0,1,1,0.00,0.00,0.00,0.00,1.00,0.00,0.00,94,195,0.87,0.04,0.01,0.01,0.00,0.00,0.00,0.01,normal,0,normal,21
15138,0,udp,private,SF,105,147,0,0,0,0,0,0,0,0,0,0,0,0,0,0,0,0,2,2,0.00,0.00,0.00,0.00,1.00,0.00,0.00,255,252,0.99,0.01,0.00,0.00,0.00,0.00,0.00,0.00,normal,0,normal,19
17840,0,tcp,http,SF,200,751,0,0,0,0,0,1,0,0,0,0,0,0,0,0,0,0,10,27,0.00,0.00,0.00,0.00,1.00,0.00,0.19,36,255,1.00,0.00,0.03,0.01,0.00,0.00,0.00,0.00,normal,0,normal,21
10378,0,udp,private,SF,105,0,0,0,0,0,0,0,0,0,0,0,0,0,0,0,0,0,1,1,0.00,0.00,0.00,0.00,1.00,0.00,0.00,255,252,0.99,0.01,0.01,0.00,0.00,0.00,0.00,0.00,normal,0,normal,21
6626,0,tcp,http,SF,171,4539,0,0,0,0,0,1,0,0,0,0,0,0,0,0,0,0,11,11,0.00,0.00,0.00,0.00,1.00,0.00,0.00,255,255,1.00,0.00,0.00,0.00,0.00,0.00,0.00,0.00,normal,0,normal,21
17456,0,tcp,private,S0,0,0,0,0,0,0,0,0,0,0,0,0,0,0,0,0,0,0,118,19,1.00,1.00,0.00,0.00,0.16,0.06,0.00,255,19,0.07,0.05,0.00,0.00,1.00,1.00,0.00,0.00,dos,0,neptune,21
12153,0,tcp,ctf,REJ,0,0,0,0,0,0,0,0,0,0,0,0,0,0,0,0,0,0,204,6,0.00,0.00,1.00,1.00,0.03,0.07,0.00,255,6,0.02,0.08,0.00,0.00,0.00,0.00,1.00,1.00,dos,0,neptune,20
16778,0,udp,domain_u,SF,42,42,0,0,0,0,0,0,0,0,0,0,0,0,0,0,0,0,5,8,0.00,0.00,0.00,0.00,1.00,0.00,0.25,20,20,1.00,0.00,0.05,0.00,0.00,0.00,0.00,0.00,normal,0,normal,21
6570,0,tcp,http,SF,295,1233,0,0,0,0,0,1,0,0,0,0,0,0,0,0,0,0,16,16,0.00,0.00,0.00,0.00,1.00,0.00,0.00,16,255,1.00,0.00,0.06,0.02,0.00,0.00,0.00,0.00,normal,0,normal,21
4922,0,tcp,http,SF,306,1380,0,0,0,0,0,1,0,0,0,0,0,0,0,0,0,0,4,4,0.00,0.00,0.00,0.00,1.00,0.00,0.00,255,241,0.95,0.01,0.00,0.00,0.01,0.01,0.00,0.00,normal,0,normal,21
7028,0,tcp,private,REJ,0,0,0,0,0,0,0,0,0,0,0,0,0,0,0,0,0,0,145,4,0.74,0.75,0.26,0.25,0.03,0.06,0.00,255,4,0.02,0.06,0.00,0.00,0.52,0.75,0.48,0.25,dos,0,neptune,21
9854,0,tcp,http,SF,214,12045,0,0,0,0,0,1,0,0,0,0,0,0,0,0,0,0,4,19,0.00,0.00,0.00,0.00,1.00,0.00,0.16,17,255,1.00,0.00,0.06,0.03,0.00,0.00,0.00,0.00,normal,0,normal,21
665,21,tcp,ftp,SF,210,751,0,0,0,4,0,1,0,0,0,0,0,0,0,0,0,1,1,1,0.00,0.00,0.00,0.00,1.00,0.00,0.00,140,16,0.11,0.06,0.01,0.00,0.00,0.00,0.00,0.00,normal,0,normal,20
19169,0,tcp,ftp_data,REJ,0,0,0,0,0,0,0,0,0,0,0,0,0,0,0,0,0,0,28,2,0.00,0.00,1.00,1.00,0.07,0.14,0.00,255,54,0.21,0.11,0.02,0.00,0.00,0.00,0.99,1.00,dos,0,neptune,17
13696,0,tcp,sunrpc,REJ,0,0,0,0,0,0,0,0,0,0,0,0,0,0,0,0,0,0,5,3,0.00,0.00,0.80,1.00,0.20,0.80,1.00,255,24,0.09,0.03,0.00,0.00,0.00,0.00,0.49,1.00,probe,1,mscan,14
10644,0,tcp,private,REJ,0,0,0,0,0,0,0,0,0,0,0,0,0,0,0,0,0,0,115,13,0.00,0.00,1.00,1.00,0.11,0.06,0.00,255,13,0.05,0.05,0.00,0.00,0.00,0.00,1.00,1.00,dos,0,neptune,21
2439,0,tcp,ftp_data,SF,383,0,0,0,0,0,0,0,0,0,0,0,0,0,0,0,0,0,1,1,0.00,0.00,0.00,0.00,1.00,0.00,0.00,24,21,0.12,0.17,0.12,0.14,0.00,0.00,0.00,0.00,normal,0,normal,20
17902,0,tcp,imap4,S0,0,0,0,0,0,0,0,0,0,0,0,0,0,0,0,0,0,0,260,17,1.00,1.00,0.00,0.00,0.07,0.07,0.00,255,17,0.07,0.07,0.00,0.00,1.00,1.00,0.00,0.00,dos,0,neptune,20
4334,0,udp,private,SF,47,47,0,0,0,0,0,0,0,0,0,0,0,0,0,0,0,0,2,2,0.00,0.00,0.00,0.00,1.00,0.00,0.00,255,255,1.00,0.00,0.01,0.00,0.00,0.00,0.00,0.00,r2l,1,snmpguess,15
19559,0,tcp,private,SH,0,0,0,0,0,0,0,0,0,0,0,0,0,0,0,0,0,0,1,1,1.00,1.00,0.00,0.00,1.00,0.00,0.00,19,1,0.05,1.00,1.00,0.00,1.00,1.00,0.00,0.00,probe,0,nmap,17
6158,4,tcp,pop_3,SF,32,93,0,0,0,0,0,1,0,0,0,0,0,0,0,0,0,0,1,1,0.00,0.00,0.00,0.00,1.00,0.00,0.00,255,172,0.67,0.02,0.00,0.00,0.00,0.00,0.11,0.00,r2l,0,guess_passwd,15
11707,0,udp,private,SF,54,51,0,0,0,0,0,0,0,0,0,0,0,0,0,0,0,0,176,176,0.00,0.00,0.00,0.00,1.00,0.00,0.00,255,255,1.00,0.00,0.87,0.00,0.00,0.00,0.00,0.00,normal,0,normal,16
14315,4,tcp,pop_3,SF,32,93,0,0,0,0,0,1,0,0,0,0,0,0,0,0,0,0,1,1,0.00,0.00,0.00,0.00,1.00,0.00,0.00,38,38,0.97,0.05,0.03,0.05,0.00,0.00,0.00,0.00,r2l,0,guess_passwd,6
19681,0,tcp,http,SF,211,1994,0,0,0,0,0,1,0,0,0,0,0,0,0,0,0,0,8,8,0.00,0.00,0.00,0.00,1.00,0.00,0.00,19,255,1.00,0.00,0.05,0.06,0.00,0.00,0.00,0.00,normal,0,normal,21
6739,1,tcp,smtp,SF,1677,331,0,0,0,0,0,1,0,0,0,0,0,0,0,0,0,0,1,2,0.00,0.00,0.00,0.00,1.00,0.00,1.00,65,196,0.92,0.05,0.02,0.01,0.00,0.00,0.00,0.00,normal,0,normal,21
15452,0,udp,other,SF,1,0,0,0,0,0,0,0,0,0,0,0,0,0,0,0,0,0,64,3,0.00,0.00,0.00,0.00,0.05,0.75,0.00,255,3,0.01,0.54,0.96,0.00,0.00,0.00,0.04,0.00,normal,0,normal,9
3362,0,tcp,private,REJ,0,0,0,0,0,0,0,0,0,0,0,0,0,0,0,0,0,0,121,10,0.00,0.00,1.00,1.00,0.08,0.07,0.00,255,10,0.04,0.06,0.00,0.00,0.00,0.00,1.00,1.00,dos,0,neptune,21
20437,0,tcp,private,REJ,0,0,0,0,0,0,0,0,0,0,0,0,0,0,0,0,0,0,238,5,0.00,0.00,1.00,1.00,0.02,0.07,0.00,255,5,0.02,0.08,0.00,0.00,0.00,0.00,1.00,1.00,dos,0,neptune,21
8542,0,tcp,private,S0,0,0,0,0,0,0,0,0,0,0,0,0,0,0,0,0,0,0,174,1,0.09,1.00,0.90,0.00,0.01,1.00,0.00,209,1,0.00,0.78,0.00,0.00,0.08,1.00,0.68,0.00,probe,0,satan,18
10753,0,icmp,eco_i,SF,18,0,0,0,0,0,0,0,0,0,0,0,0,0,0,0,0,0,1,1,0.00,0.00,0.00,0.00,1.00,0.00,0.00,1,27,1.00,0.00,1.00,1.00,0.00,0.00,0.00,0.00,probe,0,ipsweep,18
22276,0,tcp,http,SF,247,516,0,0,0,0,0,1,0,0,0,0,0,0,0,0,0,0,17,22,0.00,0.00,0.00,0.00,1.00,0.00,0.09,153,255,1.00,0.00,0.01,0.01,0.00,0.00,0.00,0.00,normal,0,normal,21
3471,0,udp,private,SF,105,147,0,0,0,0,0,0,0,0,0,0,0,0,0,0,0,0,2,2,0.00,0.00,0.00,0.00,1.00,0.00,0.00,255,253,0.99,0.01,0.00,0.00,0.00,0.00,0.00,0.00,r2l,1,snmpgetattack,3
8798,0,tcp,http,SF,342,285,0,0,0,0,0,1,0,0,0,0,0,0,0,0,0,0,4,4,0.00,0.00,0.00,0.00,1.00,0.00,0.00,255,237,0.93,0.02,0.00,0.00,0.00,0.00,0.00,0.00,normal,0,normal,21
19354,7565,tcp,telnet,SF,0,44,0,0,0,0,0,0,0,0,0,0,0,0,0,0,0,0,1,1,0.00,0.00,0.00,0.00,1.00,0.00,0.00,255,185,0.73,0.03,0.00,0.00,0.33,0.46,0.12,0.08,dos,1,processtable,19
13198,0,tcp,http,SF,308,19972,0,0,0,0,0,1,0,0,0,0,0,0,0,0,0,0,6,31,0.00,0.00,0.00,0.00,1.00,0.00,0.13,41,255,1.00,0.00,0.02,0.04,0.00,0.00,0.00,0.00,normal,0,normal,21
1735,0,tcp,telnet,SF,120,174,0,0,0,0,1,0,0,0,0,0,0,0,0,0,0,0,1,1,0.00,0.00,0.00,0.00,1.00,0.00,0.00,255,254,1.00,0.01,0.00,0.00,0.01,0.01,0.02,0.02,r2l,0,guess_passwd,15
1201,0,tcp,private,REJ,0,0,0,0,0,0,0,0,0,0,0,0,0,0,0,0,0,0,219,6,0.01,0.00,0.99,1.00,0.03,0.07,0.00,255,6,0.02,0.07,0.00,0.00,0.01,0.00,0.99,1.00,dos,0,neptune,21
16081,0,tcp,other,REJ,0,0,0,0,0,0,0,0,0,0,0,0,0,0,0,0,0,0,511,1,0.15,0.00,0.85,1.00,0.00,1.00,0.00,255,1,0.00,0.92,0.00,0.00,0.13,0.00,0.87,1.00,probe,0,satan,20
17943,0,tcp,http,SF,264,5022,0,0,0,0,0,1,0,0,0,0,0,0,0,0,0,0,2,2,0.00,0.00,0.00,0.00,1.00,0.00,0.00,147,255,1.00,0.00,0.01,0.02,0.00,0.00,0.00,0.00,normal,0,normal,21
20127,0,tcp,private,REJ,0,0,0,0,0,0,0,0,0,0,0,0,0,0,0,0,0,0,247,8,0.00,0.00,1.00,1.00,0.03,0.06,0.00,255,8,0.03,0.07,0.00,0.00,0.00,0.00,1.00,1.00,dos,0,neptune,21
8132,0,tcp,private,REJ,0,0,0,0,0,0,0,0,0,0,0,0,0,0,0,0,0,0,98,19,0.01,0.00,0.99,1.00,0.19,0.06,0.00,255,19,0.07,0.06,0.00,0.00,0.00,0.00,0.87,1.00,dos,0,neptune,21
11293,0,udp,private,SF,53,0,0,0,0,0,0,0,0,0,0,0,0,0,0,0,0,0,3,3,0.00,0.00,0.00,0.00,1.00,0.00,0.00,255,254,1.00,0.01,0.01,0.00,0.00,0.00,0.00,0.00,r2l,1,snmpguess,14
13754,0,tcp,http,SF,223,1510,0,0,0,0,0,1,0,0,0,0,0,0,0,0,0,0,14,23,0.00,0.00,0.00,0.00,1.00,0.00,0.13,193,255,1.00,0.00,0.01,0.02,0.00,0.00,0.00,0.00,normal,0,normal,21
18798,2079,tcp,http,RSTR,72564,0,0,0,0,0,0,1,0,0,0,0,0,0,0,0,0,0,11,11,0.00,0.00,1.00,1.00,1.00,0.00,0.00,255,233,0.91,0.02,0.00,0.00,0.00,0.00,0.15,0.17,dos,1,apache2,16
10317,0,tcp,http,S0,0,0,0,0,0,0,0,0,0,0,0,0,0,0,0,0,0,0,70,70,1.00,1.00,0.00,0.00,1.00,0.00,0.00,255,255,1.00,0.00,0.00,0.00,0.84,0.84,0.13,0.13,dos,1,apache2,18
8119,0,udp,private,SF,46,43,0,0,0,0,0,0,0,0,0,0,0,0,0,0,0,0,121,121,0.00,0.00,0.00,0.00,1.00,0.00,0.00,255,255,1.00,0.00,0.47,0.00,0.00,0.00,0.00,0.00,normal,0,normal,14
9506,4,tcp,pop_3,SF,26,93,0,0,0,0,0,1,0,0,0,0,0,0,0,0,0,0,1,1,0.00,0.00,0.00,0.00,1.00,0.00,0.00,102,87,0.84,0.03,0.01,0.02,0.00,0.00,0.10,0.00,r2l,0,guess_passwd,7
4751,0,tcp,telnet,RSTO,0,15,0,0,0,0,0,0,0,0,0,0,0,0,0,0,0,0,1,6,0.00,0.17,1.00,0.50,1.00,0.00,0.67,184,88,0.34,0.03,0.01,0.02,0.01,0.01,0.88,0.64,probe,1,mscan,14
17178,0,udp,private,SF,105,146,0,0,0,0,0,0,0,0,0,0,0,0,0,0,0,0,1,1,0.00,0.00,0.00,0.00,1.00,0.00,0.00,155,155,1.00,0.00,0.01,0.00,0.00,0.00,0.00,0.00,normal,0,normal,20
2887,0,tcp,auth,S0,0,0,0,0,0,0,0,0,0,0,0,0,0,0,0,0,0,0,270,18,1.00,1.00,0.00,0.00,0.07,0.06,0.00,255,18,0.07,0.06,0.00,0.00,1.00,1.00,0.00,0.00,dos,0,neptune,19
20719,4,tcp,pop_3,SF,32,93,0,0,0,0,0,1,0,0,0,0,0,0,0,0,0,0,1,1,0.00,0.00,0.00,0.00,1.00,0.00,0.00,255,184,0.72,0.02,0.00,0.00,0.00,0.00,0.11,0.00,r2l,0,guess_passwd,15
544,0,tcp,http,SF,351,699,0,0,0,0,0,1,0,0,0,0,0,0,0,0,0,0,36,36,0.00,0.00,0.00,0.00,1.00,0.00,0.00,255,255,1.00,0.00,0.01,0.00,0.00,0.00,0.00,0.00,normal,0,normal,21
19747,0,tcp,private,S0,0,0,0,0,0,0,0,0,0,0,0,0,0,0,0,0,0,0,152,1,1.00,1.00,0.00,0.00,0.01,0.11,0.00,255,1,0.00,0.10,0.00,0.00,1.00,1.00,0.00,0.00,dos,0,neptune,21
6514,0,tcp,private,REJ,0,0,0,0,0,0,0,0,0,0,0,0,0,0,0,0,0,0,250,15,0.00,0.00,1.00,1.00,0.06,0.07,0.00,255,15,0.06,0.07,0.00,0.00,0.00,0.00,1.00,1.00,dos,0,neptune,21
9864,0,tcp,private,S0,0,0,0,0,0,0,0,0,0,0,0,0,0,0,0,0,0,0,145,14,1.00,1.00,0.00,0.00,0.10,0.06,0.00,255,14,0.05,0.05,0.00,0.00,1.00,1.00,0.00,0.00,dos,0,neptune,21
10478,0,tcp,private,S0,0,0,0,0,0,0,0,0,0,0,0,0,0,0,0,0,0,0,118,1,1.00,1.00,0.00,0.00,0.01,0.06,0.00,28,1,0.04,0.14,0.04,0.00,1.00,1.00,0.00,0.00,dos,0,neptune,18
6136,0,tcp,private,RSTR,0,0,0,0,0,0,0,0,0,0,0,0,0,0,0,0,0,0,1,1,0.00,0.00,1.00,1.00,1.00,0.00,0.00,255,1,0.00,0.82,0.80,0.00,0.00,0.00,0.82,1.00,probe,0,portsweep,18
774,0,tcp,ftp_data,SF,11,0,0,0,0,0,0,0,0,0,0,0,0,0,0,0,0,0,2,2,0.00,0.00,0.00,0.00,1.00,0.00,0.00,255,4,0.02,0.02,0.02,0.00,0.87,0.00,0.01,0.00,normal,0,normal,12
13828,0,tcp,private,REJ,0,0,0,0,0,0,0,0,0,0,0,0,0,0,0,0,0,0,120,15,0.00,0.00,1.00,1.00,0.12,0.07,0.00,255,15,0.06,0.05,0.00,0.00,0.00,0.00,1.00,1.00,dos,0,neptune,21
18590,0,tcp,http,SF,340,8991,0,0,0,0,0,1,0,0,0,0,0,0,0,0,0,0,4,8,0.00,0.00,0.00,0.00,1.00,0.00,0.38,255,255,1.00,0.00,0.00,0.00,0.00,0.00,0.00,0.00,normal,0,normal,21
7255,0,tcp,http,SF,214,810,0,0,0,0,0,1,0,0,0,0,0,0,0,0,0,0,9,16,0.00,0.00,0.00,0.00,1.00,0.00,0.12,255,255,1.00,0.00,0.00,0.00,0.00,0.00,0.00,0.00,normal,0,normal,21
1011,0,tcp,telnet,REJ,0,0,0,0,0,0,0,0,0,0,0,0,0,0,0,0,0,0,1,13,0.00,0.15,1.00,0.85,1.00,0.00,0.92,249,5,0.02,0.03,0.00,0.00,0.00,0.00,0.03,0.40,probe,1,mscan,13
6537,0,udp,private,SF,55,54,0,0,0,0,0,0,0,0,0,0,0,0,0,0,0,0,509,509,0.00,0.00,0.00,0.00,1.00,0.00,0.00,255,255,1.00,0.00,0.86,0.00,0.00,0.00,0.00,0.00,normal,0,normal,17
3094,0,tcp,private,S0,0,0,0,0,0,0,0,0,0,0,0,0,0,0,0,0,0,0,124,7,1.00,1.00,0.00,0.00,0.06,0.06,0.00,255,7,0.03,0.05,0.00,0.00,1.00,1.00,0.00,0.00,dos,0,neptune,21
1275,0,icmp,ecr_i,SF,1480,0,0,1,0,0,0,0,0,0,0,0,0,0,0,0,0,0,1,3,0.00,0.00,0.00,0.00,1.00,0.00,0.67,1,19,1.00,0.00,1.00,0.53,0.00,0.00,0.00,0.00,dos,0,pod,16
15422,0,tcp,http,SF,252,531,0,0,0,0,0,1,0,0,0,0,0,0,0,0,0,0,8,8,0.00,0.00,0.00,0.00,1.00,0.00,0.00,255,255,1.00,0.00,0.00,0.00,0.00,0.00,0.00,0.00,normal,0,normal,21
5218,0,tcp,private,S0,0,0,0,0,0,0,0,0,0,0,0,0,0,0,0,0,0,0,178,18,1.00,1.00,0.00,0.00,0.10,0.08,0.00,255,18,0.07,0.09,0.00,0.00,1.00,1.00,0.00,0.00,dos,0,neptune,21
18631,0,udp,domain_u,SF,45,45,0,0,0,0,0,0,0,0,0,0,0,0,0,0,0,0,32,90,0.00,0.00,0.00,0.00,1.00,0.00,0.02,255,190,0.75,0.01,0.01,0.00,0.00,0.00,0.00,0.00,normal,0,normal,21
9764,0,tcp,private,REJ,0,0,0,0,0,0,0,0,0,0,0,0,0,0,0,0,0,0,132,17,0.00,0.00,1.00,1.00,0.13,0.06,0.00,255,17,0.07,0.06,0.00,0.00,0.00,0.00,1.00,1.00,dos,0,neptune,21
20868,0,tcp,http,SF,234,3052,0,0,0,0,0,1,0,0,0,0,0,0,0,0,0,0,5,6,0.00,0.00,0.00,0.00,1.00,0.00,0.33,255,255,1.00,0.00,0.00,0.00,0.00,0.00,0.00,0.00,normal,0,normal,21
11047,0,tcp,http,SF,194,383,0,0,0,0,0,1,0,0,0,0,0,0,0,0,0,0,12,12,0.00,0.00,0.00,0.00,1.00,0.00,0.00,70,255,1.00,0.00,0.01,0.01,0.00,0.00,0.00,0.00,normal,0,normal,21
9790,0,tcp,http,SF,206,2692,0,0,0,0,0,1,0,0,0,0,0,0,0,0,0,0,18,18,0.00,0.00,0.00,0.00,1.00,0.00,0.00,237,255,1.00,0.00,0.00,0.01,0.00,0.00,0.00,0.00,normal,0,normal,21
7456,0,tcp,other,REJ,0,0,0,0,0,0,0,0,0,0,0,0,0,0,0,0,0,0,508,1,0.09,0.00,0.91,1.00,0.00,1.00,0.00,255,1,0.00,1.00,0.00,0.00,0.01,0.00,0.99,1.00,probe,0,satan,20
919,0,tcp,private,REJ,0,0,0,0,0,0,0,0,0,0,0,0,0,0,0,0,0,0,269,11,0.00,0.00,1.00,1.00,0.04,0.06,0.00,255,11,0.04,0.07,0.00,0.00,0.00,0.00,1.00,1.00,dos,0,neptune,21
20610,0,tcp,private,REJ,0,0,0,0,0,0,0,0,0,0,0,0,0,0,0,0,0,0,304,1,0.08,0.00,0.91,1.00,0.00,1.00,0.00,255,1,0.00,1.00,0.00,0.00,0.10,0.00,0.90,1.00,probe,0,satan,18
16618,0,udp,private,SF,1,0,0,0,0,0,0,0,0,0,0,0,0,0,0,0,0,0,93,13,0.00,0.00,0.00,0.00,0.14,0.52,0.00,255,25,0.10,0.52,0.81,0.00,0.00,0.00,0.19,0.00,normal,0,normal,3
18110,0,tcp,telnet,REJ,0,0,0,0,0,0,0,0,0,0,0,0,0,0,0,0,0,0,1,6,0.00,0.17,1.00,0.67,1.00,0.00,0.83,12,84,0.33,0.42,0.08,0.02,0.00,0.00,0.75,0.69,probe,1,mscan,14
20834,0,udp,private,SF,1,0,0,0,0,0,0,0,0,0,0,0,0,0,0,0,0,0,28,3,0.00,0.00,0.00,0.00,0.11,0.07,0.00,255,11,0.04,0.72,1.00,0.00,0.00,0.00,0.00,0.00,probe,0,satan,18
14354,0,tcp,other,REJ,0,0,0,0,0,0,0,0,0,0,0,0,0,0,0,0,0,0,511,1,0.14,0.00,0.86,1.00,0.00,1.00,0.00,255,1,0.00,0.94,0.00,0.00,0.13,0.00,0.87,1.00,probe,0,satan,20
1117,0,tcp,private,S0,0,0,0,0,0,0,0,0,0,0,0,0,0,0,0,0,0,0,199,14,1.00,1.00,0.00,0.00,0.07,0.09,0.00,255,14,0.05,0.08,0.00,0.00,1.00,1.00,0.00,0.00,dos,0,neptune,21
19194,0,tcp,http,SF,305,459,0,0,0,0,0,1,0,0,0,0,0,0,0,0,0,0,8,11,0.00,0.00,0.00,0.00,1.00,0.00,0.18,65,238,1.00,0.00,0.02,0.03,0.00,0.00,0.00,0.00,normal,0,normal,21
12508,0,tcp,finger,RSTO,0,0,0,0,0,0,0,0,0,0,0,0,0,0,0,0,0,0,235,11,0.00,0.00,1.00,1.00,0.05,0.06,0.00,255,11,0.04,0.07,0.00,0.00,0.00,0.00,1.00,1.00,dos,0,neptune,20
6235,2067,tcp,http,RSTR,88064,0,0,0,0,0,0,1,0,0,0,0,0,0,0,0,0,0,10,10,0.00,0.00,1.00,1.00,1.00,0.00,0.00,255,230,0.90,0.02,0.00,0.00,0.00,0.00,0.04,0.04,dos,1,apache2,14
4521,57,udp,domain_u,SF,50,32,0,0,0,0,0,0,0,0,0,0,0,0,0,0,0,0,1,1,0.00,0.00,0.00,0.00,1.00,0.00,0.00,255,255,1.00,0.00,0.03,0.00,0.00,0.00,0.00,0.00,normal,0,normal,21
13988,3,tcp,imap4,RSTO,0,44,0,0,0,0,0,0,0,0,0,0,0,0,0,0,0,0,2,12,0.00,0.00,1.00,1.00,0.50,1.00,1.00,255,32,0.13,0.03,0.00,0.00,0.00,0.00,0.44,0.97,probe,1,mscan,13
2722,0,tcp,private,REJ,0,0,0,0,0,0,0,0,0,0,0,0,0,0,0,0,0,0,209,11,0.00,0.00,1.00,1.00,0.05,0.06,0.00,255,11,0.04,0.07,0.00,0.00,0.00,0.00,1.00,1.00,dos,0,neptune,21
16688,1,tcp,smtp,SF,2599,293,0,0,0,0,0,1,0,0,0,0,0,0,0,0,0,0,2,2,0.00,0.00,0.00,0.00,1.00,0.00,0.00,255,54,0.21,0.16,0.00,0.00,0.00,0.00,0.77,0.00,dos,1,mailbomb,12
11850,0,tcp,smtp,SF,3219,335,0,0,0,0,0,1,0,0,0,0,0,0,0,0,0,0,1,2,0.00,0.00,0.00,0.00,1.00,0.00,1.00,116,167,0.78,0.03,0.01,0.01,0.00,0.00,0.01,0.01,normal,0,normal,21
11183,0,tcp,nntp,RSTO,0,0,0,0,0,0,0,0,0,0,0,0,0,0,0,0,0,0,244,6,0.00,0.00,1.00,1.00,0.02,0.07,0.00,255,6,0.02,0.07,0.00,0.00,0.00,0.00,1.00,1.00,dos,0,neptune,21
11076,0,udp,private,SF,105,147,0,0,0,0,0,0,0,0,0,0,0,0,0,0,0,0,2,2,0.00,0.00,0.00,0.00,1.00,0.00,0.00,13,13,1.00,0.00,0.08,0.00,0.00,0.00,0.00,0.00,normal,0,normal,20
19445,0,tcp,http,SF,188,585,0,0,0,0,0,1,0,0,0,0,0,0,0,0,0,0,1,1,0.00,0.00,0.00,0.00,1.00,0.00,0.00,255,242,0.95,0.02,0.00,0.00,0.00,0.00,0.00,0.00,normal,0,normal,21
4239,0,tcp,http,SF,484,588,0,0,0,0,0,1,0,0,0,0,0,0,0,0,0,0,1,1,0.00,0.00,0.00,0.00,1.00,0.00,0.00,13,255,1.00,0.00,0.08,0.06,0.00,0.00,0.00,0.00,normal,0,normal,21
12479,0,tcp,http,SF,305,525,0,0,0,0,0,1,0,0,0,0,0,0,0,0,0,0,1,1,0.00,0.00,0.00,0.00,1.00,0.00,0.00,77,255,1.00,0.00,0.01,0.06,0.00,0.00,0.00,0.00,normal,0,normal,21
15055,0,tcp,other,REJ,0,0,0,0,0,0,0,0,0,0,0,0,0,0,0,0,0,0,509,1,0.06,0.00,0.94,1.00,0.00,1.00,0.00,255,1,0.00,1.00,0.00,0.00,0.05,0.00,0.95,1.00,probe,0,satan,20
3008,0,tcp,http,SF,297,1141,0,0,0,0,0,1,0,0,0,0,0,0,0,0,0,0,20,20,0.00,0.00,0.00,0.00,1.00,0.00,0.00,20,255,1.00,0.00,0.05,0.02,0.00,0.00,0.00,0.00,normal,0,normal,21
22162,0,tcp,telnet,SF,128,174,0,0,0,0,1,0,0,0,0,0,0,0,0,0,0,0,1,1,0.00,0.00,0.00,0.00,1.00,0.00,0.00,255,255,1.00,0.00,0.00,0.00,0.00,0.00,0.02,0.02,r2l,0,guess_passwd,16
924,0,tcp,http,SF,244,6356,0,0,0,0,0,1,0,0,0,0,0,0,0,0,0,0,4,4,0.00,0.00,0.00,0.00,1.00,0.00,0.00,255,255,1.00,0.00,0.00,0.00,0.00,0.00,0.00,0.00,normal,0,normal,21
9055,0,tcp,courier,SH,0,0,0,0,0,0,0,0,0,0,0,0,0,0,0,0,0,0,1,1,1.00,1.00,0.00,0.00,1.00,0.00,0.00,170,1,0.01,1.00,0.99,0.00,0.99,1.00,0.00,0.00,probe,0,nmap,17
18790,0,tcp,http,SF,201,4422,0,0,0,0,0,1,0,0,0,0,0,0,0,0,0,0,16,16,0.00,0.00,0.00,0.00,1.00,0.00,0.00,168,255,1.00,0.00,0.01,0.01,0.00,0.00,0.00,0.00,normal,0,normal,21
9028,0,udp,domain_u,SF,44,115,0,0,0,0,0,0,0,0,0,0,0,0,0,0,0,0,2,2,0.00,0.00,0.00,0.00,0.50,1.00,1.00,255,235,0.92,0.01,0.00,0.00,0.00,0.00,0.00,0.00,normal,0,normal,21
10093,0,tcp,http,SF,230,332,0,0,0,0,0,1,0,0,0,0,0,0,0,0,0,0,1,2,0.00,0.00,0.00,0.00,1.00,0.00,1.00,255,255,1.00,0.00,0.00,0.00,0.00,0.00,0.00,0.00,normal,0,normal,21
21676,0,tcp,http,SF,330,279,0,0,0,0,0,1,0,0,0,0,0,0,0,0,0,0,3,4,0.00,0.00,0.00,0.00,1.00,0.00,0.50,202,255,1.00,0.00,0.00,0.04,0.00,0.00,0.00,0.00,normal,0,normal,21
114,0,tcp,http,SF,224,278,0,0,0,0,0,1,0,0,0,0,0,0,0,0,0,0,3,5,0.00,0.00,0.00,0.00,1.00,0.00,0.40,255,255,1.00,0.00,0.00,0.00,0.00,0.00,0.00,0.00,normal,0,normal,21
5545,282,tcp,ftp,SF,162,599,0,0,0,2,0,1,0,0,0,0,0,0,0,0,0,1,1,1,0.00,0.00,0.00,0.00,1.00,0.00,0.00,255,13,0.05,0.82,0.00,0.00,0.00,0.00,0.81,0.00,r2l,0,warezmaster,12
21130,0,tcp,http,SF,331,4619,0,0,0,0,0,1,0,0,0,0,0,0,0,0,0,0,3,8,0.00,0.00,0.00,0.00,1.00,0.00,0.25,52,52,1.00,0.00,0.02,0.00,0.00,0.00,0.00,0.00,normal,0,normal,21
19172,0,tcp,ctf,REJ,0,0,0,0,0,0,0,0,0,0,0,0,0,0,0,0,0,0,281,6,0.00,0.00,1.00,1.00,0.02,0.06,0.00,255,6,0.02,0.06,0.00,0.00,0.00,0.00,1.00,1.00,dos,0,neptune,18
7203,0,tcp,telnet,S3,0,44,0,0,0,0,0,0,0,0,0,0,0,0,0,0,0,0,1,1,1.00,1.00,0.00,0.00,1.00,0.00,0.00,255,127,0.50,0.02,0.00,0.00,0.53,0.42,0.01,0.01,dos,1,processtable,18
6461,0,tcp,telnet,SF,122,174,0,0,0,0,1,0,0,0,0,0,0,0,0,0,0,0,1,1,0.00,0.00,0.00,0.00,1.00,0.00,0.00,255,84,0.33,0.02,0.00,0.00,0.00,0.00,0.01,0.04,r2l,0,guess_passwd,11
9722,0,tcp,finger,SF,11,225,0,0,0,0,0,0,0,0,0,0,0,0,0,0,0,0,1,1,0.00,0.00,0.00,0.00,1.00,0.00,0.00,192,19,0.09,0.03,0.01,0.11,0.00,0.00,0.04,0.00,normal,0,normal,21
17265,0,tcp,private,REJ,0,0,0,0,0,0,0,0,0,0,0,0,0,0,0,0,0,0,273,18,0.00,0.00,1.00,1.00,0.07,0.06,0.00,255,18,0.07,0.07,0.00,0.00,0.00,0.00,1.00,1.00,dos,0,neptune,21
14974,0,udp,private,SF,1,1,0,0,0,0,0,0,0,0,0,0,0,0,0,0,0,0,37,1,0.00,0.00,0.00,0.00,0.03,0.92,0.00,255,1,0.00,0.56,0.97,0.00,0.00,0.00,0.03,0.00,probe,0,satan,17
8588,0,tcp,http,SF,310,526,0,0,0,0,0,1,0,0,0,0,0,0,0,0,0,0,16,16,0.00,0.00,0.00,0.00,1.00,0.00,0.00,255,255,1.00,0.00,0.00,0.00,0.00,0.00,0.00,0.00,normal,0,normal,21
2694,0,tcp,http,SF,315,333,0,0,0,0,0,1,0,0,0,0,0,0,0,0,0,0,5,27,0.00,0.00,0.00,0.00,1.00,0.00,0.19,52,255,1.00,0.00,0.02,0.07,0.00,0.00,0.00,0.00,normal,0,normal,21
17117,0,tcp,http,SF,188,6965,0,0,0,0,0,1,0,0,0,0,0,0,0,0,0,0,1,34,0.00,0.00,0.00,0.00,1.00,0.00,0.12,22,255,1.00,0.00,0.05,0.01,0.00,0.00,0.00,0.00,normal,0,normal,21
11146,0,tcp,private,REJ,0,0,0,0,0,0,0,0,0,0,0,0,0,0,0,0,0,0,108,7,0.00,0.00,1.00,1.00,0.06,0.07,0.00,255,7,0.03,0.06,0.00,0.00,0.00,0.00,1.00,1.00,dos,0,neptune,21
15433,0,tcp,private,REJ,0,0,0,0,0,0,0,0,0,0,0,0,0,0,0,0,0,0,115,1,0.00,0.00,1.00,1.00,0.01,0.07,0.00,255,1,0.00,0.06,0.00,0.00,0.00,0.00,1.00,1.00,dos,0,neptune,21
20445,1,tcp,smtp,SF,2575,327,0,0,0,0,0,1,0,0,0,0,0,0,0,0,0,0,1,3,0.00,0.00,0.00,0.00,1.00,0.00,1.00,226,166,0.73,0.02,0.00,0.00,0.00,0.00,0.00,0.00,normal,0,normal,21
446,0,tcp,smtp,SF,0,83,0,0,0,0,0,1,0,0,0,0,0,0,0,0,0,0,1,1,0.00,0.00,0.00,0.00,1.00,0.00,0.00,18,103,0.44,0.28,0.06,0.02,0.00,0.00,0.00,0.00,normal,0,normal,21
1040,0,icmp,ecr_i,SF,1008,0,0,0,0,0,0,0,0,0,0,0,0,0,0,0,0,0,328,328,0.00,0.00,0.00,0.00,1.00,0.00,0.00,255,255,1.00,0.00,1.00,0.00,0.00,0.00,0.00,0.00,dos,0,smurf,18
10989,280,tcp,ftp_data,SF,283618,0,0,0,0,0,0,0,0,0,0,0,0,0,0,0,0,0,1,1,0.00,0.00,0.00,0.00,1.00,0.00,0.00,2,2,1.00,0.00,1.00,0.00,0.00,0.00,0.00,0.00,r2l,0,warezmaster,18
22237,0,tcp,http,SF,189,7531,0,0,0,0,0,1,0,0,0,0,0,0,0,0,0,0,1,22,0.00,0.00,0.00,0.00,1.00,0.00,0.18,3,255,1.00,0.00,0.33,0.05,0.00,0.00,0.00,0.00,normal,0,normal,21
15313,0,tcp,private,REJ,0,0,0,0,0,0,0,0,0,0,0,0,0,0,0,0,0,0,220,2,0.80,0.50,0.20,0.50,0.01,0.07,0.00,255,2,0.01,0.08,0.00,0.00,0.83,0.50,0.17,0.50,dos,0,neptune,21
1031,0,udp,domain_u,SF,44,44,0,0,0,0,0,0,0,0,0,0,0,0,0,0,0,0,66,146,0.00,0.00,0.00,0.00,1.00,0.00,0.01,255,242,0.95,0.01,0.01,0.00,0.00,0.00,0.00,0.00,normal,0,normal,20
9217,0,tcp,private,S0,0,0,0,0,0,0,0,0,0,0,0,0,0,0,0,0,0,0,118,4,1.00,1.00,0.00,0.00,0.03,0.07,0.00,255,4,0.02,0.06,0.00,0.00,1.00,1.00,0.00,0.00,dos,0,neptune,21
15658,0,tcp,iso_tsap,REJ,0,0,0,0,0,0,0,0,0,0,0,0,0,0,0,0,0,0,243,15,0.00,0.00,1.00,1.00,0.06,0.07,0.00,255,15,0.06,0.07,0.00,0.00,0.00,0.00,1.00,1.00,dos,0,neptune,19
7562,0,tcp,http,SF,226,5760,0,0,0,0,0,1,0,0,0,0,0,0,0,0,0,0,14,14,0.00,0.00,0.00,0.00,1.00,0.00,0.00,14,70,1.00,0.00,0.07,0.03,0.00,0.00,0.00,0.00,normal,0,normal,21
6525,0,tcp,http,SF,319,327,0,0,0,0,0,1,0,0,0,0,0,0,0,0,0,0,1,9,0.00,0.00,0.00,0.00,1.00,0.00,0.44,20,249,1.00,0.00,0.05,0.06,0.00,0.00,0.00,0.00,normal,0,normal,21
2000,4,tcp,pop_3,SF,27,93,0,0,0,0,0,1,0,0,0,0,0,0,0,0,0,0,1,1,0.00,0.00,0.00,0.00,1.00,0.00,0.00,255,223,0.87,0.02,0.00,0.00,0.00,0.00,0.02,0.00,r2l,0,guess_passwd,17
4438,0,tcp,private,S0,0,0,0,0,0,0,0,0,0,0,0,0,0,0,0,0,0,0,244,16,1.00,1.00,0.00,0.00,0.07,0.07,0.00,255,16,0.06,0.07,0.00,0.00,1.00,1.00,0.00,0.00,dos,0,neptune,21
22370,0,tcp,telnet,S3,0,44,0,0,0,0,0,0,0,0,0,0,0,0,0,0,0,0,1,1,1.00,1.00,0.00,0.00,1.00,0.00,0.00,255,97,0.38,0.03,0.00,0.00,0.07,0.19,0.11,0.13,dos,1,processtable,17
5379,4,tcp,pop_3,SF,28,93,0,0,0,0,0,1,0,0,0,0,0,0,0,0,0,0,1,1,0.00,0.00,0.00,0.00,1.00,0.00,0.00,255,165,0.65,0.02,0.00,0.00,0.00,0.00,0.13,0.00,r2l,0,guess_passwd,15
9295,0,tcp,http,SF,252,288,0,0,0,0,0,1,0,0,0,0,0,0,0,0,0,0,24,24,0.00,0.00,0.00,0.00,1.00,0.00,0.00,88,255,1.00,0.00,0.01,0.03,0.00,0.00,0.00,0.00,normal,0,normal,21
10697,0,tcp,private,S0,0,0,0,0,0,0,0,0,0,0,0,0,0,0,0,0,0,0,110,4,1.00,1.00,0.00,0.00,0.04,0.06,0.00,255,4,0.02,0.05,0.00,0.00,1.00,1.00,0.00,0.00,dos,0,neptune,21
14964,0,udp,private,SF,105,0,0,0,0,0,0,0,0,0,0,0,0,0,0,0,0,0,1,1,0.00,0.00,0.00,0.00,1.00,0.00,0.00,192,190,0.99,0.01,0.01,0.00,0.00,0.00,0.00,0.00,normal,0,normal,21
2479,0,tcp,domain,REJ,0,0,0,0,0,0,0,0,0,0,0,0,0,0,0,0,0,0,212,14,0.00,0.00,1.00,1.00,0.07,0.07,0.00,255,14,0.05,0.07,0.00,0.00,0.00,0.00,1.00,1.00,dos,0,neptune,20
9120,0,tcp,http,SF,221,2720,0,0,0,0,0,1,0,0,0,0,0,0,0,0,0,0,18,18,0.00,0.00,0.00,0.00,1.00,0.00,0.00,84,255,1.00,0.00,0.01,0.02,0.00,0.00,0.00,0.00,normal,0,normal,21
6900,0,udp,domain_u,SF,36,0,0,0,0,0,0,0,0,0,0,0,0,0,0,0,0,0,10,10,0.00,0.00,0.00,0.00,1.00,0.00,0.00,10,10,1.00,0.00,1.00,0.00,0.00,0.00,0.00,0.00,normal,0,normal,21
18293,0,tcp,telnet,SF,123,174,0,0,0,0,1,0,0,0,0,0,0,0,0,0,0,0,1,1,0.00,0.00,0.00,0.00,1.00,0.00,0.00,255,156,0.61,0.02,0.00,0.00,0.00,0.00,0.02,0.03,r2l,0,guess_passwd,15
2290,4,tcp,pop_3,SF,28,93,0,0,0,0,0,1,0,0,0,0,0,0,0,0,0,0,1,1,0.00,0.00,0.00,0.00,1.00,0.00,0.00,255,222,0.87,0.04,0.00,0.00,0.00,0.00,0.00,0.00,r2l,0,guess_passwd,17
20709,0,icmp,ecr_i,SF,1480,0,0,1,0,0,0,0,0,0,0,0,0,0,0,0,0,0,1,3,0.00,0.00,0.00,0.00,1.00,0.00,0.67,1,9,1.00,0.00,1.00,0.56,0.00,0.00,0.00,0.00,dos,0,pod,15
13356,0,tcp,iso_tsap,REJ,0,0,0,0,0,0,0,0,0,0,0,0,0,0,0,0,0,0,261,4,0.00,0.00,1.00,1.00,0.02,0.07,0.00,255,4,0.02,0.07,0.00,0.00,0.00,0.00,1.00,1.00,dos,0,neptune,19
20568,0,tcp,http,SF,319,3611,0,0,0,0,0,1,0,0,0,0,0,0,0,0,0,0,9,11,0.00,0.00,0.00,0.00,1.00,0.00,0.18,255,255,1.00,0.00,0.00,0.00,0.00,0.00,0.00,0.00,normal,0,normal,21
762,0,udp,domain_u,SF,42,42,0,0,0,0,0,0,0,0,0,0,0,0,0,0,0,0,9,16,0.00,0.00,0.00,0.00,1.00,0.00,0.19,255,255,1.00,0.00,0.01,0.00,0.00,0.00,0.00,0.00,normal,0,normal,21
6498,0,tcp,iso_tsap,S0,0,0,0,0,0,0,0,0,0,0,0,0,0,0,0,0,0,0,158,12,1.00,1.00,0.00,0.00,0.08,0.10,0.00,255,12,0.05,0.10,0.00,0.00,1.00,1.00,0.00,0.00,dos,0,neptune,19
13548,0,udp,domain_u,SF,44,73,0,0,0,0,0,0,0,0,0,0,0,0,0,0,0,0,166,165,0.00,0.00,0.00,0.00,0.99,0.01,0.00,255,253,0.99,0.01,0.01,0.00,0.00,0.00,0.00,0.00,normal,0,normal,18
6251,0,udp,ntp_u,SF,48,48,0,0,0,0,0,0,0,0,0,0,0,0,0,0,0,0,1,1,0.00,0.00,0.00,0.00,1.00,0.00,0.00,255,14,0.05,0.01,0.05,0.00,0.00,0.00,0.00,0.00,normal,0,normal,21
1296,0,tcp,private,REJ,0,0,0,0,0,0,0,0,0,0,0,0,0,0,0,0,0,0,106,5,0.00,0.00,1.00,1.00,0.05,0.08,0.00,255,5,0.02,0.07,0.00,0.00,0.00,0.00,1.00,1.00,dos,0,neptune,21
7171,2,tcp,telnet,SF,24,574,0,0,0,0,0,0,0,0,0,0,0,0,0,0,0,0,3,6,0.00,0.00,0.67,0.33,0.33,1.00,0.67,184,85,0.34,0.03,0.01,0.02,0.00,0.00,0.89,0.68,probe,1,mscan,9
7348,0,tcp,private,S0,0,0,0,0,0,0,0,0,0,0,0,0,0,0,0,0,0,0,114,16,1.00,1.00,0.00,0.00,0.14,0.05,0.00,255,16,0.06,0.05,0.00,0.00,1.00,1.00,0.00,0.00,dos,0,neptune,21
15937,0,udp,private,SF,105,147,0,0,0,0,0,0,0,0,0,0,0,0,0,0,0,0,1,1,0.00,0.00,0.00,0.00,1.00,0.00,0.00,30,30,1.00,0.00,0.03,0.00,0.00,0.00,0.00,0.00,r2l,1,snmpgetattack,0
9784,0,icmp,eco_i,SF,20,0,0,0,0,0,0,0,0,0,0,0,0,0,0,0,0,0,1,60,0.00,0.00,0.00,0.00,1.00,0.00,1.00,4,192,1.00,0.00,1.00,0.25,0.00,0.00,0.00,0.00,probe,1,saint,15
14393,0,udp,private,SF,105,146,0,0,0,0,0,0,0,0,0,0,0,0,0,0,0,0,2,2,0.00,0.00,0.00,0.00,1.00,0.00,0.00,10,10,1.00,0.00,0.10,0.00,0.00,0.00,0.00,0.00,normal,0,normal,19
8829,0,tcp,telnet,S3,0,44,0,0,0,0,0,0,0,0,0,0,0,0,0,0,0,0,1,1,1.00,1.00,0.00,0.00,1.00,0.00,0.00,255,109,0.43,0.51,0.00,0.00,0.33,0.77,0.49,0.00,dos,1,processtable,19
22346,282,tcp,ftp,SF,158,595,0,0,0,2,0,1,0,0,0,0,0,0,0,0,0,1,1,1,0.00,0.00,0.00,0.00,1.00,0.00,0.00,255,110,0.43,0.03,0.00,0.00,0.00,0.00,0.00,0.00,r2l,0,warezmaster,14
11345,0,udp,private,SF,46,43,0,0,0,0,0,0,0,0,0,0,0,0,0,0,0,0,37,37,0.00,0.00,0.00,0.00,1.00,0.00,0.00,255,255,1.00,0.00,0.33,0.00,0.00,0.00,0.00,0.00,normal,0,normal,13
22373,0,tcp,other,REJ,0,0,0,0,0,0,0,0,0,0,0,0,0,0,0,0,0,0,508,1,0.11,0.00,0.89,1.00,0.00,1.00,0.00,255,1,0.00,1.00,0.00,0.00,0.18,0.00,0.82,1.00,probe,0,satan,20
5939,0,udp,private,SF,53,52,0,0,0,0,0,0,0,0,0,0,0,0,0,0,0,0,191,191,0.00,0.00,0.00,0.00,1.00,0.00,0.00,255,255,1.00,0.00,0.93,0.00,0.00,0.00,0.00,0.00,normal,0,normal,17
13505,0,tcp,http,SF,54540,8314,0,0,0,2,0,1,1,0,0,0,0,0,0,0,0,0,4,4,0.00,0.00,0.25,0.25,1.00,0.00,0.00,255,254,1.00,0.01,0.00,0.00,0.00,0.00,0.05,0.05,dos,0,back,16
6460,0,udp,other,SF,1,1,0,0,0,0,0,0,0,0,0,0,0,0,0,0,0,0,325,1,0.00,0.00,0.00,0.00,0.00,1.00,0.00,255,1,0.00,1.00,1.00,0.00,0.00,0.00,0.00,0.00,probe,0,satan,17
17013,0,tcp,http,SF,286,4144,0,0,0,0,0,1,0,0,0,0,0,0,0,0,0,0,7,7,0.14,0.14,0.00,0.00,1.00,0.00,0.00,255,255,1.00,0.00,0.01,0.00,0.00,0.00,0.00,0.00,normal,0,normal,21
16695,0,tcp,private,S0,0,0,0,0,0,0,0,0,0,0,0,0,0,0,0,0,0,0,133,9,0.86,1.00,0.14,0.00,0.07,0.06,0.00,255,9,0.04,0.06,0.00,0.00,0.64,1.00,0.36,0.00,dos,0,neptune,21
11214,0,tcp,http,SF,307,353,0,0,0,0,0,1,0,0,0,0,0,0,0,0,0,0,7,7,0.00,0.00,0.00,0.00,1.00,0.00,0.00,255,255,1.00,0.00,0.00,0.00,0.00,0.00,0.00,0.00,normal,0,normal,21
3383,0,tcp,other,REJ,0,0,0,0,0,0,0,0,0,0,0,0,0,0,0,0,0,0,479,1,0.15,0.00,0.85,1.00,0.00,1.00,0.00,255,1,0.00,0.98,0.00,0.00,0.12,0.00,0.88,1.00,probe,0,satan,19
19497,0,tcp,smtp,SF,822,328,0,0,0,0,0,1,0,0,0,0,0,0,0,0,0,0,1,1,0.00,0.00,0.00,0.00,1.00,0.00,0.00,255,150,0.59,0.06,0.00,0.00,0.00,0.00,0.01,0.01,normal,0,normal,21
14659,0,tcp,http,SF,235,10335,0,0,0,0,0,1,0,0,0,0,0,0,0,0,0,0,1,5,0.00,0.00,0.00,0.00,1.00,0.00,0.60,13,251,1.00,0.00,0.08,0.02,0.00,0.00,0.00,0.00,normal,0,normal,21
15736,0,tcp,imap4,S0,0,0,0,0,0,0,0,0,0,0,0,0,0,0,0,0,0,0,1,1,1.00,1.00,0.00,0.00,1.00,0.00,0.00,3,85,0.33,0.67,0.33,0.04,1.00,1.00,0.00,0.00,probe,1,mscan,16
4612,0,tcp,http,SF,197,810,0,0,0,0,0,1,0,0,0,0,0,0,0,0,0,0,8,10,0.00,0.00,0.00,0.00,1.00,0.00,0.30,255,255,1.00,0.00,0.00,0.00,0.00,0.00,0.00,0.00,normal,0,normal,21
15260,0,tcp,imap4,REJ,0,0,0,0,0,0,0,0,0,0,0,0,0,0,0,0,0,0,248,18,0.00,0.00,1.00,1.00,0.07,0.06,0.00,255,18,0.07,0.07,0.00,0.00,0.00,0.00,1.00,1.00,dos,0,neptune,18
11876,0,tcp,private,REJ,0,0,0,0,0,0,0,0,0,0,0,0,0,0,0,0,0,0,104,6,0.00,0.00,1.00,1.00,0.06,0.07,0.00,255,6,0.02,0.06,0.00,0.00,0.00,0.00,1.00,1.00,dos,0,neptune,21
350,0,tcp,mtp,S0,0,0,0,0,0,0,0,0,0,0,0,0,0,0,0,0,0,0,236,2,1.00,1.00,0.00,0.00,0.01,0.07,0.00,255,2,0.01,0.07,0.00,0.00,1.00,1.00,0.00,0.00,dos,0,neptune,20
7682,0,udp,domain_u,SF,45,114,0,0,0,0,0,0,0,0,0,0,0,0,0,0,0,0,3,10,0.00,0.00,0.00,0.00,1.00,0.00,0.20,255,249,0.98,0.01,0.00,0.00,0.00,0.00,0.00,0.00,normal,0,normal,21
5147,0,tcp,uucp,S0,0,0,0,0,0,0,0,0,0,0,0,0,0,0,0,0,0,0,138,17,1.00,1.00,0.00,0.00,0.12,0.07,0.00,255,17,0.07,0.06,0.00,0.00,1.00,1.00,0.00,0.00,dos,0,neptune,20
15949,0,tcp,other,REJ,0,0,0,0,0,0,0,0,0,0,0,0,0,0,0,0,0,0,1,1,0.00,0.00,1.00,1.00,1.00,0.00,0.00,255,4,0.02,0.01,0.00,0.00,0.00,0.00,0.02,1.00,u2r,1,httptunnel,18
13,0,tcp,telnet,S0,0,0,0,0,0,0,0,0,0,0,0,0,0,0,0,0,0,0,120,120,1.00,1.00,0.00,0.00,1.00,0.00,0.00,235,171,0.73,0.07,0.00,0.00,0.69,0.95,0.02,0.00,dos,0,neptune,18
7602,0,tcp,http,SF,232,27754,0,0,0,0,0,1,0,0,0,0,0,0,0,0,0,0,9,9,0.00,0.00,0.00,0.00,1.00,0.00,0.00,9,255,1.00,0.00,0.11,0.06,0.00,0.00,0.00,0.00,normal,0,normal,21
19131,0,tcp,http,SF,269,398,0,0,0,0,0,1,0,0,0,0,0,0,0,0,0,0,15,15,0.00,0.00,0.00,0.00,1.00,0.00,0.00,255,255,1.00,0.00,0.00,0.00,0.00,0.00,0.00,0.00,normal,0,normal,21
19128,0,tcp,private,REJ,0,0,0,0,0,0,0,0,0,0,0,0,0,0,0,0,0,0,102,7,0.00,0.00,1.00,1.00,0.07,0.06,0.00,255,7,0.03,0.06,0.00,0.00,0.39,0.00,0.61,1.00,dos,0,neptune,21
17319,0,tcp,http,SF,330,3357,0,0,0,0,0,1,0,0,0,0,0,0,0,0,0,0,12,12,0.00,0.00,0.00,0.00,1.00,0.00,0.00,255,255,1.00,0.00,0.00,0.00,0.00,0.00,0.00,0.00,normal,0,normal,21
18014,0,tcp,private,S0,0,0,0,0,0,0,0,0,0,0,0,0,0,0,0,0,0,0,108,1,1.00,1.00,0.00,0.00,0.01,0.06,0.00,255,1,0.00,0.06,0.00,0.00,1.00,1.00,0.00,0.00,dos,0,neptune,21
19157,0,tcp,telnet,REJ,0,0,0,0,0,0,0,0,0,0,0,0,0,0,0,0,0,0,3,5,0.00,0.20,1.00,0.80,0.33,1.00,1.00,255,29,0.11,0.03,0.00,0.00,0.00,0.00,0.32,0.79,probe,1,mscan,14
18680,0,tcp,http,SF,359,335,0,0,0,0,0,1,0,0,0,0,0,0,0,0,0,0,18,18,0.00,0.00,0.00,0.00,1.00,0.00,0.00,238,255,1.00,0.00,0.00,0.01,0.00,0.00,0.00,0.00,normal,0,normal,21
8636,0,tcp,private,REJ,0,0,0,0,0,0,0,0,0,0,0,0,0,0,0,0,0,0,230,13,0.00,0.00,1.00,1.00,0.06,0.07,0.00,255,13,0.05,0.08,0.00,0.00,0.00,0.00,1.00,1.00,dos,0,neptune,21
11675,0,tcp,http,SF,351,2388,0,0,0,0,0,1,0,0,0,0,0,0,0,0,0,0,5,5,0.00,0.00,0.00,0.00,1.00,0.00,0.00,255,255,1.00,0.00,0.00,0.00,0.00,0.00,0.00,0.00,normal,0,normal,21
13630,0,tcp,http,S0,0,0,0,0,0,0,0,0,0,0,0,0,0,0,0,0,0,0,253,16,0.82,0.62,0.18,0.38,0.06,0.06,0.00,255,16,0.06,0.06,0.00,0.00,0.82,0.62,0.18,0.38,dos,0,neptune,20
17472,0,udp,domain_u,SF,45,115,0,0,0,0,0,0,0,0,0,0,0,0,0,0,0,0,1,2,0.00,0.00,0.00,0.00,1.00,0.00,1.00,255,236,0.93,0.01,0.01,0.00,0.00,0.00,0.04,0.00,normal,0,normal,18
3425,0,tcp,other,REJ,0,0,0,0,0,0,0,0,0,0,0,0,0,0,0,0,0,0,491,1,0.09,0.00,0.91,1.00,0.00,1.00,0.00,255,1,0.00,1.00,0.00,0.00,0.09,0.00,0.91,1.00,probe,1,saint,19
2296,0,tcp,private,REJ,0,0,0,0,0,0,0,0,0,0,0,0,0,0,0,0,0,0,106,8,0.00,0.00,1.00,1.00,0.08,0.08,0.00,255,8,0.03,0.07,0.00,0.00,0.00,0.00,1.00,1.00,dos,0,neptune,21
8661,0,tcp,smtp,SF,2380,373,0,0,0,0,0,1,0,0,0,0,0,0,0,0,0,0,1,3,0.00,0.00,0.00,0.00,1.00,0.00,1.00,45,212,0.93,0.04,0.02,0.01,0.00,0.00,0.00,0.00,normal,0,normal,21
11779,0,tcp,private,REJ,0,0,0,0,0,0,0,0,0,0,0,0,0,0,0,0,0,0,275,13,0.00,0.00,1.00,1.00,0.05,0.06,0.00,255,13,0.05,0.07,0.00,0.00,0.00,0.00,1.00,1.00,dos,0,neptune,21
1859,0,tcp,http,SF,294,5904,0,0,0,0,0,1,0,0,0,0,0,0,0,0,0,0,15,16,0.00,0.00,0.00,0.00,1.00,0.00,0.12,17,255,1.00,0.00,0.06,0.05,0.00,0.00,0.00,0.00,normal,0,normal,21
253,0,tcp,http,SF,140,4267,0,0,0,0,0,1,0,0,0,0,0,0,0,0,0,0,1,2,0.00,0.00,0.00,0.00,1.00,0.00,1.00,1,255,1.00,0.00,1.00,0.04,0.00,0.00,0.00,0.00,normal,0,normal,21
835,0,tcp,telnet,S3,0,44,0,0,0,0,0,0,0,0,0,0,0,0,0,0,0,0,1,1,1.00,1.00,0.00,0.00,1.00,0.00,0.00,255,131,0.51,0.44,0.00,0.00,0.40,0.79,0.43,0.02,dos,1,processtable,19
19282,0,tcp,http,S0,0,0,0,0,0,0,0,0,0,0,0,0,0,0,0,0,0,0,9,9,1.00,1.00,0.00,0.00,1.00,0.00,0.00,255,244,0.96,0.01,0.00,0.00,0.09,0.09,0.56,0.59,dos,1,apache2,12
17996,0,tcp,private,REJ,0,0,0,0,0,0,0,0,0,0,0,0,0,0,0,0,0,0,144,8,0.00,0.00,1.00,1.00,0.06,0.06,0.00,255,8,0.03,0.06,0.00,0.00,0.00,0.00,1.00,1.00,dos,0,neptune,21
3076,0,tcp,imap4,RSTO,0,44,0,0,0,0,0,0,0,0,0,0,0,0,0,0,0,0,2,3,0.00,0.00,0.50,1.00,0.50,1.00,1.00,100,59,0.27,0.05,0.01,0.03,0.05,0.00,0.87,1.00,probe,1,mscan,13
17092,4,tcp,pop_3,SF,32,93,0,0,0,0,0,1,0,0,0,0,0,0,0,0,0,0,1,1,0.00,0.00,0.00,0.00,1.00,0.00,0.00,101,86,0.84,0.03,0.01,0.02,0.00,0.00,0.10,0.00,r2l,0,guess_passwd,7
19842,0,tcp,private,REJ,0,0,0,0,0,0,0,0,0,0,0,0,0,0,0,0,0,0,509,1,0.01,0.00,0.95,1.00,0.00,1.00,0.00,255,1,0.00,1.00,0.00,0.00,0.00,0.00,0.97,1.00,probe,0,satan,20
5387,0,udp,private,SF,52,54,0,0,0,0,0,0,0,0,0,0,0,0,0,0,0,0,511,511,0.00,0.00,0.00,0.00,1.00,0.00,0.00,255,255,1.00,0.00,0.95,0.00,0.00,0.00,0.00,0.00,normal,0,normal,17
4677,0,tcp,ctf,REJ,0,0,0,0,0,0,0,0,0,0,0,0,0,0,0,0,0,0,243,14,0.00,0.00,1.00,1.00,0.06,0.07,0.00,255,14,0.05,0.07,0.00,0.00,0.00,0.00,1.00,1.00,dos,0,neptune,20
20398,0,tcp,http,SF,235,4097,0,0,0,0,0,1,0,0,0,0,0,0,0,0,0,0,1,12,0.00,0.00,0.00,0.00,1.00,0.00,0.17,255,255,1.00,0.00,0.00,0.00,0.00,0.00,0.00,0.00,normal,0,normal,21
710,0,tcp,http,SF,340,283,0,0,0,0,0,1,0,0,0,0,0,0,0,0,0,0,5,5,0.00,0.00,0.00,0.00,1.00,0.00,0.00,255,232,0.91,0.01,0.00,0.00,0.00,0.00,0.00,0.00,normal,0,normal,21
22136,0,tcp,http,SF,321,4226,0,0,0,0,0,1,0,0,0,0,0,0,0,0,0,0,3,4,0.00,0.00,0.00,0.00,1.00,0.00,0.50,255,255,1.00,0.00,0.00,0.00,0.00,0.00,0.00,0.00,normal,0,normal,21
14513,282,tcp,ftp,SF,162,599,0,0,0,2,0,1,0,0,0,0,0,0,0,0,0,1,1,1,0.00,0.00,0.00,0.00,1.00,0.00,0.00,207,99,0.48,0.03,0.00,0.00,0.00,0.00,0.00,0.00,r2l,0,warezmaster,13
2665,0,tcp,http,SF,231,5379,0,0,0,0,0,1,0,0,0,0,0,0,0,0,0,0,11,20,0.00,0.00,0.00,0.00,1.00,0.00,0.10,255,255,1.00,0.00,0.00,0.00,0.00,0.00,0.00,0.00,normal,0,normal,21
2875,0,tcp,http,SF,145,14086,0,0,0,0,0,1,0,0,0,0,0,0,0,0,0,0,1,2,0.00,0.00,0.00,0.00,1.00,0.00,1.00,255,255,1.00,0.00,0.00,0.00,0.00,0.00,0.00,0.00,normal,0,normal,21
5808,812,tcp,http,RSTR,71584,0,0,0,0,0,0,1,0,0,0,0,0,0,0,0,0,0,36,36,0.03,0.03,0.97,0.97,1.00,0.00,0.00,255,253,0.99,0.01,0.00,0.00,0.01,0.01,0.65,0.65,dos,1,apache2,14
18088,0,tcp,http,SF,54540,8314,0,0,0,2,0,1,1,0,0,0,0,0,0,0,0,0,4,4,0.00,0.00,0.50,0.50,1.00,0.00,0.00,255,230,0.90,0.01,0.00,0.00,0.00,0.00,0.02,0.02,dos,0,back,13
12627,0,tcp,auth,SF,14,41,0,0,0,0,0,0,0,0,0,0,0,0,0,0,0,0,1,1,0.00,0.00,0.00,0.00,1.00,0.00,0.00,255,1,0.00,0.03,0.00,0.00,0.00,0.00,0.74,0.00,normal,0,normal,16
96,0,tcp,http,SF,282,4532,0,0,0,0,0,1,0,0,0,0,0,0,0,0,0,0,6,6,0.00,0.00,0.00,0.00,1.00,0.00,0.00,96,255,1.00,0.00,0.01,0.02,0.00,0.00,0.00,0.00,normal,0,normal,21
15719,1,tcp,imap4,RSTO,0,44,0,0,0,0,0,0,0,0,0,0,0,0,0,0,0,0,2,4,0.00,0.00,1.00,1.00,0.50,1.00,1.00,255,52,0.20,0.02,0.00,0.00,0.00,0.00,0.76,0.96,probe,1,mscan,13
19170,0,tcp,private,S0,0,0,0,0,0,0,0,0,0,0,0,0,0,0,0,0,0,0,269,13,1.00,1.00,0.00,0.00,0.05,0.07,0.00,255,13,0.05,0.07,0.00,0.00,1.00,1.00,0.00,0.00,dos,0,neptune,21
11251,0,tcp,telnet,SF,120,174,0,0,0,0,1,0,0,0,0,0,0,0,0,0,0,0,1,1,0.00,0.00,0.00,0.00,1.00,0.00,0.00,255,255,1.00,0.00,0.00,0.00,0.00,0.00,0.02,0.02,r2l,0,guess_passwd,15
18187,0,icmp,eco_i,SF,18,0,0,0,0,0,0,0,0,0,0,0,0,0,0,0,0,0,1,1,0.00,0.00,0.00,0.00,1.00,0.00,0.00,1,66,1.00,0.00,1.00,1.00,0.00,0.00,0.00,0.00,probe,0,ipsweep,18
13957,0,tcp,private,S0,0,0,0,0,0,0,0,0,0,0,0,0,0,0,0,0,0,0,212,3,1.00,1.00,0.00,0.00,0.01,0.06,0.00,255,3,0.01,0.07,0.00,0.00,1.00,1.00,0.00,0.00,dos,0,neptune,21
13840,0,tcp,pop_2,REJ,0,0,0,0,0,0,0,0,0,0,0,0,0,0,0,0,0,0,242,20,0.00,0.00,1.00,1.00,0.08,0.07,0.00,255,20,0.08,0.07,0.00,0.00,0.00,0.00,1.00,1.00,dos,0,neptune,21
7023,0,icmp,ecr_i,SF,1032,0,0,0,0,0,0,0,0,0,0,0,0,0,0,0,0,0,73,73,0.00,0.00,0.00,0.00,1.00,0.00,0.00,255,255,1.00,0.00,1.00,0.00,0.00,0.00,0.00,0.00,dos,0,smurf,20
12819,0,tcp,private,REJ,0,0,0,0,0,0,0,0,0,0,0,0,0,0,0,0,0,0,275,11,0.00,0.00,1.00,1.00,0.04,0.06,0.00,255,11,0.04,0.05,0.00,0.00,0.00,0.00,1.00,1.00,dos,0,neptune,21
3927,0,tcp,ftp,SF,26,157,0,0,0,0,1,0,0,0,0,0,0,0,0,0,0,1,1,1,0.00,0.00,0.00,0.00,1.00,0.00,0.00,245,124,0.51,0.02,0.00,0.00,0.00,0.00,0.00,0.00,r2l,0,guess_passwd,8
13835,0,tcp,uucp_path,REJ,0,0,0,0,0,0,0,0,0,0,0,0,0,0,0,0,0,0,254,11,0.00,0.00,1.00,1.00,0.04,0.07,0.00,255,11,0.04,0.07,0.00,0.00,0.00,0.00,1.00,1.00,dos,0,neptune,19
2543,0,tcp,ftp_data,SF,366,0,0,0,0,0,0,0,0,0,0,0,0,0,0,0,0,0,2,2,0.00,0.00,0.00,0.00,1.00,0.00,0.00,53,16,0.23,0.28,0.23,0.12,0.00,0.00,0.06,0.00,normal,0,normal,20
14537,0,udp,private,SF,42,0,0,0,0,0,0,0,0,0,0,0,0,0,0,0,0,0,4,4,0.00,0.00,0.00,0.00,1.00,0.00,0.00,255,255,1.00,0.00,0.00,0.00,0.00,0.00,0.00,0.00,r2l,1,snmpguess,17
18924,0,tcp,ftp_data,SF,12,0,0,0,0,0,0,0,0,0,0,0,0,0,0,0,0,0,1,1,0.00,0.00,0.00,0.00,1.00,0.00,0.00,3,5,1.00,0.00,1.00,0.40,0.00,0.00,0.00,0.00,r2l,0,warezmaster,18
13449,0,udp,domain_u,SF,44,115,0,0,0,0,0,0,0,0,0,0,0,0,0,0,0,0,4,9,0.00,0.00,0.00,0.00,1.00,0.00,0.22,255,225,0.88,0.02,0.00,0.00,0.00,0.00,0.00,0.00,normal,0,normal,21
6101,289,tcp,ftp,SF,157,595,0,0,0,2,0,1,0,0,0,0,0,0,0,0,0,1,1,1,0.00,0.00,0.00,0.00,1.00,0.00,0.00,18,15,0.83,0.11,0.06,0.00,0.00,0.00,0.00,0.00,r2l,0,warezmaster,10
22173,0,udp,domain_u,SF,43,43,0,0,0,0,0,0,0,0,0,0,0,0,0,0,0,0,110,190,0.00,0.00,0.00,0.00,1.00,0.00,0.01,255,255,1.00,0.00,0.01,0.00,0.00,0.00,0.00,0.00,normal,0,normal,18
5539,0,tcp,http,SF,219,311,0,0,0,0,0,1,0,0,0,0,0,0,0,0,0,0,6,7,0.00,0.00,0.00,0.00,1.00,0.00,0.29,29,241,1.00,0.00,0.03,0.03,0.00,0.00,0.00,0.00,normal,0,normal,21
18922,0,tcp,finger,RSTO,0,0,0,0,0,0,0,0,0,0,0,0,0,0,0,0,0,0,245,19,0.00,0.00,1.00,1.00,0.08,0.07,0.00,255,19,0.07,0.07,0.00,0.00,0.00,0.00,1.00,1.00,dos,0,neptune,20
10846,4,tcp,pop_3,SF,30,93,0,0,0,0,0,1,0,0,0,0,0,0,0,0,0,0,1,1,0.00,0.00,0.00,0.00,1.00,0.00,0.00,255,248,0.97,0.02,0.00,0.00,0.00,0.00,0.00,0.00,r2l,0,guess_passwd,18
22207,0,tcp,telnet,SF,123,174,0,0,0,0,1,0,0,0,0,0,0,0,0,0,0,0,2,2,0.00,0.00,0.00,0.00,1.00,0.00,0.00,255,103,0.40,0.02,0.00,0.00,0.00,0.00,0.01,0.03,r2l,0,guess_passwd,10
12184,0,tcp,http,SF,321,1674,0,0,0,0,0,1,0,0,0,0,0,0,0,0,0,0,9,22,0.00,0.00,0.00,0.00,1.00,0.00,0.09,255,255,1.00,0.00,0.00,0.00,0.00,0.00,0.00,0.00,normal,0,normal,21
19587,0,udp,domain_u,SF,42,108,0,0,0,0,0,0,0,0,0,0,0,0,0,0,0,0,1,1,0.00,0.00,0.00,0.00,1.00,0.00,0.00,118,223,0.81,0.02,0.81,0.01,0.00,0.00,0.11,0.00,normal,0,normal,21
20004,0,tcp,http,SF,245,676,0,0,0,0,0,1,0,0,0,0,0,0,0,0,0,0,3,3,0.00,0.00,0.00,0.00,1.00,0.00,0.00,255,255,1.00,0.00,0.00,0.00,0.00,0.00,0.00,0.00,normal,0,normal,21
16840,0,tcp,telnet,S3,0,44,0,0,0,0,0,0,0,0,0,0,0,0,0,0,0,0,1,1,1.00,1.00,0.00,0.00,1.00,0.00,0.00,255,90,0.35,0.03,0.00,0.00,0.04,0.12,0.11,0.14,dos,1,processtable,17
990,3,tcp,telnet,SF,119,174,0,0,0,0,1,0,0,0,0,0,0,0,0,0,0,0,1,1,0.00,0.00,0.00,0.00,1.00,0.00,0.00,255,17,0.07,0.02,0.00,0.00,0.00,0.00,0.00,0.06,r2l,0,guess_passwd,7
347,0,tcp,other,REJ,0,0,0,0,0,0,0,0,0,0,0,0,0,0,0,0,0,0,458,1,0.16,0.00,0.84,1.00,0.00,1.00,0.00,255,1,0.00,0.09,0.00,0.00,0.00,0.00,0.09,1.00,probe,0,satan,19
21442,0,tcp,finger,SF,12,177,0,0,0,0,0,0,0,0,0,0,0,0,0,0,0,0,1,1,0.00,0.00,0.00,0.00,1.00,0.00,0.00,32,8,0.09,0.06,0.03,0.25,0.00,0.00,0.00,0.00,normal,0,normal,20
9683,0,tcp,http,SF,238,1892,0,0,0,0,0,1,0,0,0,0,0,0,0,0,0,0,4,9,0.00,0.00,0.00,0.00,1.00,0.00,0.22,13,255,1.00,0.00,0.08,0.03,0.00,0.00,0.00,0.00,normal,0,normal,21
11179,0,tcp,http,REJ,0,0,0,0,0,0,0,0,0,0,0,0,0,0,0,0,0,0,266,3,0.00,0.00,1.00,1.00,0.01,0.06,0.00,255,3,0.01,0.06,0.00,0.00,0.00,0.00,1.00,1.00,dos,0,neptune,17
11960,0,tcp,other,REJ,0,0,0,0,0,0,0,0,0,0,0,0,0,0,0,0,0,0,1,1,0.00,0.00,1.00,1.00,1.00,0.00,0.00,255,52,0.20,0.02,0.00,0.00,0.00,0.00,0.17,0.85,u2r,1,httptunnel,15
767,0,udp,domain_u,SF,44,44,0,0,0,0,0,0,0,0,0,0,0,0,0,0,0,0,102,160,0.00,0.00,0.00,0.00,1.00,0.00,0.01,255,208,0.82,0.01,0.01,0.00,0.00,0.00,0.00,0.00,normal,0,normal,18
10441,0,tcp,http,SF,249,6182,0,0,0,0,0,1,0,0,0,0,0,0,0,0,0,0,19,19,0.00,0.00,0.00,0.00,1.00,0.00,0.00,19,21,1.00,0.00,0.05,0.10,0.00,0.00,0.00,0.00,normal,0,normal,21
5350,0,tcp,http,SF,305,486,0,0,0,0,0,1,0,0,0,0,0,0,0,0,0,0,7,47,0.00,0.00,0.00,0.00,1.00,0.00,0.11,255,255,1.00,0.00,0.00,0.00,0.00,0.00,0.00,0.00,normal,0,normal,21
21329,7662,tcp,telnet,SF,0,44,0,0,0,0,0,0,0,0,0,0,0,0,0,0,0,0,1,1,0.00,0.00,0.00,0.00,1.00,0.00,0.00,255,160,0.63,0.03,0.00,0.00,0.33,0.52,0.11,0.08,dos,1,processtable,18
11597,0,tcp,http,SF,292,675,0,0,0,0,0,1,0,0,0,0,0,0,0,0,0,0,20,22,0.00,0.00,0.00,0.00,1.00,0.00,0.09,255,255,1.00,0.00,0.01,0.00,0.00,0.00,0.00,0.00,normal,0,normal,21
3172,0,tcp,private,REJ,0,0,0,0,0,0,0,0,0,0,0,0,0,0,0,0,0,0,102,3,0.00,0.00,1.00,1.00,0.03,0.06,0.00,255,3,0.01,0.06,0.00,0.00,0.00,0.00,1.00,1.00,dos,0,neptune,21
19006,0,udp,private,SF,105,105,0,0,0,0,0,0,0,0,0,0,0,0,0,0,0,0,1,1,0.00,0.00,0.00,0.00,1.00,0.00,0.00,255,253,0.99,0.01,0.01,0.00,0.00,0.00,0.00,0.00,normal,0,normal,16
17502,0,tcp,private,REJ,0,0,0,0,0,0,0,0,0,0,0,0,0,0,0,0,0,0,243,12,0.00,0.00,1.00,1.00,0.05,0.06,0.00,255,12,0.05,0.07,0.00,0.00,0.00,0.00,1.00,1.00,dos,0,neptune,21
825,0,tcp,private,REJ,0,0,0,0,0,0,0,0,0,0,0,0,0,0,0,0,0,0,273,10,0.00,0.00,1.00,1.00,0.04,0.06,0.00,255,10,0.04,0.07,0.00,0.00,0.00,0.00,1.00,1.00,dos,0,neptune,21
89,0,tcp,ftp_data,SF,1699,0,0,0,0,0,0,0,0,0,0,0,0,0,0,0,0,0,1,1,0.00,0.00,0.00,0.00,1.00,0.00,0.00,36,7,0.19,0.11,0.19,0.00,0.00,0.00,0.00,0.00,normal,0,normal,20
3617,0,tcp,http,SF,54540,8314,0,0,0,2,0,1,1,0,0,0,0,0,0,0,0,0,4,4,0.00,0.00,0.00,0.00,1.00,0.00,0.00,255,239,0.94,0.01,0.00,0.00,0.00,0.00,0.02,0.02,dos,0,back,12
20492,0,icmp,ecr_i,SF,1032,0,0,0,0,0,0,0,0,0,0,0,0,0,0,0,0,0,164,164,0.00,0.00,0.00,0.00,1.00,0.00,0.00,255,255,1.00,0.00,1.00,0.00,0.00,0.00,0.00,0.00,dos,0,smurf,21
9675,0,tcp,other,REJ,0,0,0,0,0,0,0,0,0,0,0,0,0,0,0,0,0,0,1,1,0.00,0.00,1.00,1.00,1.00,0.00,0.00,255,10,0.04,0.02,0.00,0.00,0.00,0.00,0.05,1.00,u2r,1,httptunnel,18
10553,0,tcp,http,SF,239,1416,0,0,0,0,0,1,0,0,0,0,0,0,0,0,0,0,6,6,0.00,0.00,0.00,0.00,1.00,0.00,0.00,255,255,1.00,0.00,0.00,0.00,0.00,0.00,0.00,0.00,normal,0,normal,21
10938,0,icmp,ecr_i,SF,1032,0,0,0,0,0,0,0,0,0,0,0,0,0,0,0,0,0,103,103,0.00,0.00,0.00,0.00,1.00,0.00,0.00,255,139,0.55,0.43,0.55,0.00,0.09,0.00,0.36,0.00,dos,0,smurf,18
20897,0,tcp,http,SF,223,3127,0,0,0,0,0,1,0,0,0,0,0,0,0,0,0,0,10,10,0.00,0.00,0.00,0.00,1.00,0.00,0.00,133,255,1.00,0.00,0.01,0.02,0.00,0.00,0.00,0.00,normal,0,normal,21
22206,0,tcp,vmnet,S0,0,0,0,0,0,0,0,0,0,0,0,0,0,0,0,0,0,0,260,7,1.00,1.00,0.00,0.00,0.03,0.07,0.00,255,7,0.03,0.07,0.00,0.00,1.00,1.00,0.00,0.00,dos,0,neptune,19
18703,0,tcp,smtp,SF,1620,328,0,0,0,0,0,1,0,0,0,0,0,0,0,0,0,0,1,1,0.00,0.00,0.00,0.00,1.00,0.00,0.00,204,168,0.60,0.01,0.00,0.01,0.00,0.00,0.00,0.00,normal,0,normal,21
12360,1,tcp,smtp,SF,2599,293,0,0,0,0,0,1,0,0,0,0,0,0,0,0,0,0,3,3,0.00,0.00,0.00,0.00,1.00,0.00,0.00,255,135,0.53,0.15,0.00,0.00,0.00,0.00,0.45,0.00,dos,1,mailbomb,11
5962,0,tcp,http,SF,215,765,0,0,0,0,0,1,0,0,0,0,0,0,0,0,0,0,34,34,0.00,0.00,0.00,0.00,1.00,0.00,0.00,255,255,1.00,0.00,0.00,0.00,0.00,0.00,0.00,0.00,normal,0,normal,21
7292,0,tcp,imap4,S0,0,0,0,0,0,0,0,0,0,0,0,0,0,0,0,0,0,0,1,1,1.00,1.00,0.00,0.00,1.00,0.00,0.00,116,63,0.34,0.03,0.01,0.03,1.00,0.62,0.00,0.38,probe,1,mscan,17
14769,0,udp,private,SF,47,0,0,0,0,0,0,0,0,0,0,0,0,0,0,0,0,0,3,3,0.00,0.00,0.00,0.00,1.00,0.00,0.00,255,254,1.00,0.01,0.01,0.00,0.00,0.00,0.00,0.00,r2l,1,snmpguess,16
14342,280,tcp,ftp_data,SF,283618,0,0,0,0,0,0,0,0,0,0,0,0,0,0,0,0,0,2,2,0.00,0.00,0.00,0.00,1.00,0.00,0.00,6,20,1.00,0.00,1.00,0.15,0.00,0.05,0.00,0.00,r2l,0,warezmaster,16
6336,0,tcp,http,SF,152,481,0,0,0,0,0,1,0,0,0,0,0,0,0,0,0,0,1,1,0.00,0.00,0.00,0.00,1.00,0.00,0.00,1,255,1.00,0.00,1.00,0.06,0.00,0.00,0.00,0.00,normal,0,normal,21
3850,0,tcp,telnet,S3,0,44,0,0,0,0,0,0,0,0,0,0,0,0,0,0,0,0,1,1,1.00,1.00,0.00,0.00,1.00,0.00,0.00,255,122,0.48,0.03,0.00,0.00,0.17,0.35,0.11,0.11,dos,1,processtable,17
8793,0,tcp,http,SF,230,7834,0,0,0,0,0,1,0,0,0,0,0,0,0,0,0,0,7,7,0.00,0.00,0.00,0.00,1.00,0.00,0.00,19,255,1.00,0.00,0.05,0.03,0.00,0.00,0.00,0.00,normal,0,normal,21
19920,281,tcp,ftp,SF,156,593,0,0,0,2,0,1,0,0,0,0,0,0,0,0,0,1,1,1,0.00,0.00,0.00,0.00,1.00,0.00,0.00,255,37,0.15,0.02,0.00,0.00,0.00,0.00,0.45,0.00,r2l,0,warezmaster,13
11542,0,tcp,private,S0,0,0,0,0,0,0,0,0,0,0,0,0,0,0,0,0,0,0,163,17,1.00,1.00,0.00,0.00,0.10,0.07,0.00,255,17,0.07,0.07,0.00,0.00,1.00,1.00,0.00,0.00,dos,0,neptune,21
13648,1,tcp,smtp,SF,860,332,0,0,0,0,0,1,0,0,0,0,0,0,0,0,0,0,1,3,0.00,0.00,0.00,0.00,1.00,0.00,1.00,94,104,0.37,0.07,0.01,0.02,0.00,0.00,0.00,0.00,normal,0,normal,21
9296,4,tcp,pop_3,SF,28,93,0,0,0,0,0,1,0,0,0,0,0,0,0,0,0,0,1,1,0.00,0.00,0.00,0.00,1.00,0.00,0.00,255,248,0.97,0.01,0.00,0.00,0.00,0.00,0.02,0.00,r2l,0,guess_passwd,18
13545,0,tcp,private,REJ,0,0,0,0,0,0,0,0,0,0,0,0,0,0,0,0,0,0,117,4,0.00,0.00,1.00,1.00,0.03,0.06,0.00,255,4,0.02,0.05,0.00,0.00,0.00,0.00,1.00,1.00,dos,0,neptune,21
3080,0,icmp,ecr_i,SF,1032,0,0,0,0,0,0,0,0,0,0,0,0,0,0,0,0,0,134,134,0.00,0.00,0.00,0.00,1.00,0.00,0.00,255,254,1.00,0.01,1.00,0.00,0.00,0.00,0.00,0.00,dos,0,smurf,21
6899,0,udp,domain_u,SF,44,68,0,0,0,0,0,0,0,0,0,0,0,0,0,0,0,0,116,116,0.00,0.00,0.00,0.00,1.00,0.00,0.00,255,255,1.00,0.00,0.01,0.00,0.00,0.00,0.00,0.00,normal,0,normal,19
17795,0,tcp,private,REJ,0,0,0,0,0,0,0,0,0,0,0,0,0,0,0,0,0,0,204,3,0.00,0.00,1.00,1.00,0.01,0.07,0.00,255,3,0.01,0.07,0.00,0.00,0.00,0.00,1.00,1.00,dos,0,neptune,21
6084,0,tcp,sunrpc,RSTO,0,0,0,0,0,0,0,0,0,0,0,0,0,0,0,0,0,0,281,19,0.00,0.00,1.00,1.00,0.07,0.06,0.00,255,19,0.07,0.06,0.00,0.00,0.00,0.00,1.00,1.00,dos,0,neptune,21
3812,0,tcp,ftp_data,SF,12,0,0,0,0,0,0,0,0,0,0,0,0,0,0,0,0,0,2,1,0.00,0.00,0.00,0.00,0.50,1.00,0.00,255,33,0.13,0.04,0.13,0.00,0.00,0.00,0.00,0.00,r2l,0,warezmaster,5
20587,0,tcp,login,RSTO,0,0,0,0,0,0,0,0,0,0,0,0,0,0,0,0,0,0,139,10,0.00,0.00,1.00,1.00,0.07,0.06,0.00,255,10,0.04,0.05,0.00,0.00,0.00,0.00,1.00,1.00,dos,0,neptune,20
16103,0,tcp,private,REJ,0,0,0,0,0,0,0,0,0,0,0,0,0,0,0,0,0,0,202,1,0.00,0.00,1.00,1.00,0.00,0.07,0.00,255,1,0.00,0.06,0.00,0.00,0.00,0.00,1.00,1.00,dos,0,neptune,21
3206,0,tcp,smtp,SF,1092,328,0,0,0,0,0,1,0,0,0,0,0,0,0,0,0,0,1,2,0.00,0.00,0.00,0.00,1.00,0.00,1.00,31,80,0.65,0.13,0.03,0.03,0.00,0.00,0.06,0.09,normal,0,normal,21
650,0,tcp,link,REJ,0,0,0,0,0,0,0,0,0,0,0,0,0,0,0,0,0,0,249,17,0.00,0.00,1.00,1.00,0.07,0.07,0.00,255,17,0.07,0.07,0.00,0.00,0.00,0.00,1.00,1.00,dos,0,neptune,18
13999,0,tcp,shell,S0,0,0,0,0,0,0,0,0,0,0,0,0,0,0,0,0,0,0,150,20,1.00,1.00,0.00,0.00,0.13,0.05,0.00,255,20,0.08,0.06,0.00,0.00,1.00,1.00,0.00,0.00,dos,0,neptune,21
18266,0,tcp,netbios_ssn,REJ,0,0,0,0,0,0,0,0,0,0,0,0,0,0,0,0,0,0,109,10,0.00,0.00,1.00,1.00,0.09,0.08,0.00,255,10,0.04,0.07,0.00,0.00,0.00,0.00,1.00,1.00,dos,0,neptune,20
19162,0,tcp,http,SF,408,538,0,0,0,0,0,1,0,0,0,0,0,0,0,0,0,0,23,29,0.00,0.00,0.00,0.00,1.00,0.00,0.14,233,255,1.00,0.00,0.00,0.01,0.00,0.00,0.00,0.00,normal,0,normal,21
46,0,tcp,systat,S0,0,0,0,0,0,0,0,0,0,0,0,0,0,0,0,0,0,0,281,6,1.00,1.00,0.00,0.00,0.02,0.06,0.00,255,6,0.02,0.07,0.00,0.00,1.00,1.00,0.00,0.00,dos,0,neptune,19
1759,0,tcp,private,S0,0,0,0,0,0,0,0,0,0,0,0,0,0,0,0,0,0,0,127,16,1.00,1.00,0.00,0.00,0.13,0.06,0.00,255,16,0.06,0.06,0.00,0.00,1.00,1.00,0.00,0.00,dos,0,neptune,21
8394,0,tcp,private,REJ,0,0,0,0,0,0,0,0,0,0,0,0,0,0,0,0,0,0,225,9,0.00,0.00,1.00,1.00,0.04,0.07,0.00,255,9,0.04,0.07,0.00,0.00,0.00,0.00,1.00,1.00,dos,0,neptune,21
7957,0,tcp,http,SF,353,1358,0,0,0,0,0,1,0,0,0,0,0,0,0,0,0,0,10,12,0.00,0.00,0.00,0.00,1.00,0.00,0.25,255,255,1.00,0.00,0.01,0.00,0.00,0.00,0.00,0.00,normal,0,normal,21
1171,0,tcp,ftp,S0,0,0,0,0,0,0,0,0,0,0,0,0,0,0,0,0,0,0,250,7,1.00,1.00,0.00,0.00,0.03,0.07,0.00,255,7,0.03,0.07,0.00,0.00,1.00,1.00,0.00,0.00,dos,0,neptune,20
1177,0,tcp,vmnet,REJ,0,0,0,0,0,0,0,0,0,0,0,0,0,0,0,0,0,0,120,4,0.00,0.00,1.00,1.00,0.03,0.06,0.00,255,4,0.02,0.06,0.00,0.00,0.00,0.00,1.00,1.00,dos,0,neptune,19
7379,0,udp,domain_u,SF,46,112,0,0,0,0,0,0,0,0,0,0,0,0,0,0,0,0,1,2,0.00,0.00,0.00,0.00,1.00,0.00,1.00,255,253,0.99,0.01,0.00,0.00,0.00,0.00,0.00,0.00,normal,0,normal,21
19421,0,tcp,http,SF,295,6538,0,0,0,0,0,1,0,0,0,0,0,0,0,0,0,0,9,9,0.00,0.00,0.00,0.00,1.00,0.00,0.00,21,255,1.00,0.00,0.05,0.04,0.00,0.00,0.00,0.00,normal,0,normal,21
2947,7530,tcp,telnet,SF,0,44,0,0,0,0,0,0,0,0,0,0,0,0,0,0,0,0,1,1,0.00,0.00,0.00,0.00,1.00,0.00,0.00,255,186,0.73,0.02,0.00,0.00,0.40,0.39,0.01,0.01,dos,1,processtable,18
7212,0,tcp,http,SF,251,13356,0,0,0,0,0,1,0,0,0,0,0,0,0,0,0,0,14,14,0.00,0.00,0.00,0.00,1.00,0.00,0.00,255,255,1.00,0.00,0.00,0.00,0.00,0.00,0.00,0.00,normal,0,normal,21
7176,0,tcp,netbios_dgm,REJ,0,0,0,0,0,0,0,0,0,0,0,0,0,0,0,0,0,0,142,8,0.00,0.00,1.00,1.00,0.06,0.06,0.00,255,8,0.03,0.05,0.00,0.00,0.00,0.00,1.00,1.00,dos,0,neptune,20
4248,0,tcp,ftp_data,SF,12,0,0,0,0,0,0,0,0,0,0,0,0,0,0,0,0,0,1,1,0.00,0.00,0.00,0.00,1.00,0.00,0.00,147,42,0.18,0.04,0.18,0.05,0.00,0.00,0.00,0.00,r2l,0,warezmaster,4
21917,0,tcp,private,RSTO,0,0,0,0,0,0,0,0,0,0,0,0,0,0,0,0,0,0,112,11,0.00,0.00,1.00,1.00,0.10,0.07,0.00,255,11,0.04,0.06,0.00,0.00,0.00,0.00,1.00,1.00,dos,0,neptune,21
12226,0,tcp,http,S0,0,0,0,0,0,0,0,0,0,0,0,0,0,0,0,0,0,0,75,75,1.00,1.00,0.00,0.00,1.00,0.00,0.00,255,255,1.00,0.00,0.00,0.00,0.43,0.43,0.56,0.56,dos,1,apache2,17
15261,0,tcp,ftp_data,SF,12,0,0,0,0,0,0,0,0,0,0,0,0,0,0,0,0,0,1,1,0.00,0.00,0.00,0.00,1.00,0.00,0.00,4,9,0.75,0.50,0.75,0.33,0.00,0.00,0.00,0.00,r2l,0,warezmaster,6
110,0,tcp,http,SF,161,14086,0,0,0,0,0,1,0,0,0,0,0,0,0,0,0,0,1,1,0.00,0.00,0.00,0.00,1.00,0.00,0.00,151,151,1.00,0.00,0.01,0.00,0.00,0.00,0.00,0.00,normal,0,normal,21
17440,0,tcp,http,SF,305,160,0,0,0,0,0,1,0,0,0,0,0,0,0,0,0,0,1,1,0.00,0.00,0.00,0.00,1.00,0.00,0.00,1,255,1.00,0.00,1.00,0.02,0.00,0.00,0.00,0.00,normal,0,normal,21
7664,0,tcp,private,REJ,0,0,0,0,0,0,0,0,0,0,0,0,0,0,0,0,0,0,203,5,0.00,0.00,1.00,1.00,0.02,0.07,0.00,255,5,0.02,0.07,0.00,0.00,0.00,0.00,1.00,1.00,dos,0,neptune,21
16627,0,icmp,ecr_i,SF,40008,0,0,0,0,0,0,0,0,0,0,0,0,0,0,0,0,0,3,3,0.00,0.00,0.00,0.00,1.00,0.00,0.00,57,57,1.00,0.00,1.00,0.00,0.00,0.00,0.00,0.00,normal,0,normal,10
7973,0,tcp,private,S0,0,0,0,0,0,0,0,0,0,0,0,0,0,0,0,0,0,0,48,6,1.00,1.00,0.00,0.00,0.12,0.15,0.00,255,6,0.02,0.15,0.00,0.00,1.00,1.00,0.00,0.00,dos,0,neptune,21
12524,0,tcp,http,SF,313,2988,0,0,0,0,0,1,0,0,0,0,0,0,0,0,0,0,7,7,0.00,0.00,0.00,0.00,1.00,0.00,0.00,255,255,1.00,0.00,0.00,0.00,0.00,0.00,0.00,0.00,normal,0,normal,21
5398,0,tcp,sunrpc,RSTO,0,0,0,0,0,0,0,0,0,0,0,0,0,0,0,0,0,0,253,17,0.00,0.00,1.00,1.00,0.07,0.07,0.00,255,17,0.07,0.07,0.00,0.00,0.00,0.00,1.00,1.00,dos,0,neptune,21
18406,0,tcp,http,SF,243,468,0,0,0,0,0,1,0,0,0,0,0,0,0,0,0,0,16,16,0.00,0.00,0.00,0.00,1.00,0.00,0.00,255,255,1.00,0.00,0.00,0.00,0.00,0.00,0.00,0.00,normal,0,normal,21
14639,280,tcp,ftp_data,SF,283618,0,0,0,0,0,0,0,0,0,0,0,0,0,0,0,0,0,2,2,0.00,0.00,0.00,0.00,1.00,0.00,0.00,2,8,1.00,0.00,1.00,0.38,0.00,0.00,0.00,0.00,r2l,0,warezmaster,18
1062,0,tcp,pop_3,SF,30,217,0,0,0,0,0,1,0,0,0,0,0,0,0,0,0,0,1,1,0.00,0.00,0.00,0.00,1.00,0.00,0.00,50,11,0.22,0.10,0.02,0.00,0.00,0.00,0.00,0.00,r2l,0,guess_passwd,4
3822,0,icmp,ecr_i,SF,1008,0,0,0,0,0,0,0,0,0,0,0,0,0,0,0,0,0,312,312,0.00,0.00,0.00,0.00,1.00,0.00,0.00,255,255,1.00,0.00,1.00,0.00,0.00,0.00,0.00,0.00,dos,0,smurf,18
10549,898,tcp,http,RSTR,73024,0,0,0,0,0,0,1,0,0,0,0,0,0,0,0,0,0,31,31,0.16,0.16,0.84,0.84,1.00,0.00,0.00,255,255,1.00,0.00,0.00,0.00,0.02,0.02,0.64,0.64,dos,1,apache2,18
19812,0,tcp,private,REJ,0,0,0,0,0,0,0,0,0,0,0,0,0,0,0,0,0,0,219,3,0.00,0.00,1.00,1.00,0.01,0.06,0.00,255,3,0.01,0.06,0.00,0.00,0.00,0.00,1.00,1.00,dos,0,neptune,21
19863,0,udp,private,SF,53,51,0,0,0,0,0,0,0,0,0,0,0,0,0,0,0,0,458,458,0.00,0.00,0.00,0.00,1.00,0.00,0.00,255,255,1.00,0.00,0.94,0.00,0.00,0.00,0.00,0.00,normal,0,normal,17
7256,280,tcp,ftp_data,SF,283618,0,0,0,0,0,0,0,0,0,0,0,0,0,0,0,0,0,1,1,0.00,0.00,0.00,0.00,1.00,0.00,0.00,1,11,1.00,0.00,1.00,0.18,0.00,0.00,0.00,0.00,r2l,0,warezmaster,19
11568,0,tcp,http,S0,0,0,0,0,0,0,0,0,0,0,0,0,0,0,0,0,0,0,12,12,0.08,0.08,0.92,0.92,1.00,0.00,0.00,255,244,0.96,0.01,0.00,0.00,0.02,0.02,0.56,0.58,dos,1,apache2,11
12260,0,tcp,http,SF,294,1785,0,0,0,0,0,1,0,0,0,0,0,0,0,0,0,0,7,7,0.00,0.00,0.00,0.00,1.00,0.00,0.00,7,255,1.00,0.00,0.14,0.05,0.00,0.00,0.00,0.00,normal,0,normal,21
1079,2069,tcp,http,RSTR,72564,0,0,0,0,0,0,1,0,0,0,0,0,0,0,0,0,0,12,12,0.00,0.00,1.00,1.00,1.00,0.00,0.00,255,237,0.93,0.01,0.00,0.00,0.00,0.00,0.18,0.20,dos,1,apache2,14
17123,0,tcp,http,SF,215,680,0,0,0,0,0,1,0,0,0,0,0,0,0,0,0,0,6,10,0.00,0.00,0.00,0.00,1.00,0.00,0.20,18,220,1.00,0.00,0.06,0.05,0.00,0.00,0.00,0.00,normal,0,normal,21
4369,0,tcp,private,REJ,0,0,0,0,0,0,0,0,0,0,0,0,0,0,0,0,0,0,229,7,0.00,0.00,1.00,1.00,0.03,0.07,0.00,255,7,0.03,0.07,0.00,0.00,0.00,0.00,1.00,1.00,dos,0,neptune,21
7290,1,tcp,smtp,SF,2599,293,0,0,0,0,0,1,0,0,0,0,0,0,0,0,0,0,2,2,0.00,0.00,0.00,0.00,1.00,0.00,0.00,255,61,0.24,0.14,0.00,0.00,0.00,0.00,0.75,0.00,dos,1,mailbomb,12
8327,0,tcp,smtp,SF,2664,328,0,0,0,0,0,1,0,0,0,0,0,0,0,0,0,0,1,1,0.00,0.00,0.00,0.00,1.00,0.00,0.00,5,7,1.00,0.00,0.20,0.43,0.00,0.00,0.00,0.14,normal,0,normal,21
14884,0,udp,domain_u,SF,45,45,0,0,0,0,0,0,0,0,0,0,0,0,0,0,0,0,24,52,0.00,0.00,0.00,0.00,1.00,0.00,0.04,255,255,1.00,0.00,0.01,0.00,0.00,0.00,0.00,0.00,normal,0,normal,21
21497,0,tcp,ftp_data,SF,0,8035,0,0,0,0,0,0,0,0,0,0,0,0,0,0,0,0,1,2,0.00,0.00,0.00,0.00,1.00,0.00,1.00,255,1,0.00,0.02,0.00,0.00,0.00,0.00,0.00,0.00,r2l,0,multihop,1
16244,0,tcp,finger,RSTO,0,0,0,0,0,0,0,0,0,0,0,0,0,0,0,0,0,0,10,4,0.00,0.00,1.00,1.00,0.40,0.20,0.00,255,25,0.10,0.62,0.01,0.00,0.00,0.00,0.94,0.96,dos,0,neptune,15
6297,0,tcp,http,SF,321,174,0,0,0,0,0,1,0,0,0,0,0,0,0,0,0,0,19,19,0.00,0.00,0.00,0.00,1.00,0.00,0.00,255,255,1.00,0.00,0.00,0.00,0.00,0.00,0.00,0.00,normal,0,normal,21
12598,0,tcp,private,REJ,0,0,0,0,0,0,0,0,0,0,0,0,0,0,0,0,0,0,236,17,0.00,0.00,1.00,1.00,0.07,0.06,0.00,255,17,0.07,0.07,0.00,0.00,0.00,0.00,1.00,1.00,dos,0,neptune,21
17938,0,tcp,whois,S0,0,0,0,0,0,0,0,0,0,0,0,0,0,0,0,0,0,0,266,9,1.00,1.00,0.00,0.00,0.03,0.06,0.00,255,9,0.04,0.06,0.00,0.00,1.00,1.00,0.00,0.00,dos,0,neptune,20
3210,0,tcp,http,SF,239,3222,0,0,0,0,0,1,0,0,0,0,0,0,0,0,0,0,4,4,0.00,0.00,0.00,0.00,1.00,0.00,0.00,255,229,0.90,0.02,0.00,0.00,0.00,0.00,0.06,0.00,normal,0,normal,18
18207,0,tcp,sunrpc,REJ,0,0,0,0,0,0,0,0,0,0,0,0,0,0,0,0,0,0,1,8,0.00,0.00,1.00,1.00,1.00,0.00,1.00,221,9,0.03,0.03,0.00,0.22,0.00,0.00,0.16,1.00,probe,1,mscan,13
6722,0,tcp,private,RSTR,0,0,0,0,0,0,0,0,0,0,0,0,0,0,0,0,0,0,1,1,0.00,0.00,1.00,1.00,1.00,0.00,0.00,255,1,0.00,0.85,0.84,0.00,0.00,0.00,0.85,1.00,probe,0,portsweep,18
22343,0,tcp,http,SF,287,1641,0,0,0,0,0,1,0,0,0,0,0,0,0,0,0,0,20,20,0.00,0.00,0.00,0.00,1.00,0.00,0.00,255,255,1.00,0.00,0.00,0.00,0.00,0.00,0.00,0.00,normal,0,normal,21
12469,0,tcp,http,SF,171,4539,0,0,0,0,0,1,0,0,0,0,0,0,0,0,0,0,1,1,0.00,0.00,0.00,0.00,1.00,0.00,0.00,185,185,1.00,0.00,0.01,0.00,0.00,0.00,0.00,0.00,normal,0,normal,21
9096,280,tcp,ftp_data,SF,283618,0,0,0,0,0,0,0,0,0,0,0,0,0,0,0,0,0,2,2,0.00,0.00,0.00,0.00,1.00,0.00,0.00,113,14,0.05,0.02,0.05,0.14,0.00,0.00,0.00,0.00,r2l,0,warezmaster,4
8891,0,tcp,echo,S0,0,0,0,0,0,0,0,0,0,0,0,0,0,0,0,0,0,0,163,6,1.00,1.00,0.00,0.00,0.04,0.09,0.00,255,6,0.02,0.12,0.00,0.00,1.00,1.00,0.00,0.00,dos,0,neptune,18
14420,0,tcp,http,SF,259,556,0,0,0,0,0,1,0,0,0,0,0,0,0,0,0,0,9,9,0.00,0.00,0.00,0.00,1.00,0.00,0.00,255,255,1.00,0.00,0.00,0.00,0.00,0.00,0.00,0.00,normal,0,normal,21
21078,0,tcp,http,SF,223,411,0,0,0,0,0,1,0,0,0,0,0,0,0,0,0,0,28,28,0.00,0.00,0.00,0.00,1.00,0.00,0.00,28,255,1.00,0.00,0.04,0.03,0.00,0.00,0.00,0.00,normal,0,normal,21
19127,0,tcp,smtp,SF,1089,329,0,0,0,0,0,1,0,0,0,0,0,0,0,0,0,0,1,2,0.00,0.00,0.00,0.00,1.00,0.00,1.00,252,194,0.76,0.02,0.00,0.01,0.00,0.00,0.00,0.00,normal,0,normal,21
4153,0,tcp,http,SF,250,398,0,0,0,0,0,1,0,0,0,0,0,0,0,0,0,0,4,4,0.00,0.00,0.00,0.00,1.00,0.00,0.00,255,255,1.00,0.00,0.00,0.00,0.00,0.00,0.00,0.00,normal,0,normal,21
16849,0,tcp,http,SF,216,2015,0,0,0,0,0,1,0,0,0,0,0,0,0,0,0,0,6,6,0.00,0.00,0.00,0.00,1.00,0.00,0.00,106,255,1.00,0.00,0.01,0.02,0.00,0.00,0.00,0.00,normal,0,normal,21
2298,0,tcp,http,S0,0,0,0,0,0,0,0,0,0,0,0,0,0,0,0,0,0,0,6,17,1.00,0.12,0.00,0.00,0.33,0.67,0.12,255,22,0.09,0.05,0.01,0.00,0.82,1.00,0.02,0.00,dos,0,neptune,16
2648,0,udp,other,SF,1,1,0,0,0,0,0,0,0,0,0,0,0,0,0,0,0,0,311,1,0.00,0.00,0.00,0.00,0.00,1.00,0.00,255,1,0.00,1.00,1.00,0.00,0.00,0.00,0.00,0.00,probe,0,satan,17
6178,0,udp,private,SF,105,146,0,0,0,0,0,0,0,0,0,0,0,0,0,0,0,0,3,3,0.00,0.00,0.00,0.00,1.00,0.00,0.00,255,254,1.00,0.01,0.00,0.00,0.00,0.00,0.00,0.00,normal,0,normal,20
1525,0,tcp,http,SF,234,1826,0,0,0,0,0,1,0,0,0,0,0,0,0,0,0,0,3,7,0.00,0.00,0.00,0.00,1.00,0.00,0.43,15,255,1.00,0.00,0.07,0.02,0.00,0.00,0.00,0.00,normal,0,normal,21
13164,0,tcp,http,SF,259,3590,0,0,0,0,0,1,0,0,0,0,0,0,0,0,0,0,1,1,0.00,0.00,0.00,0.00,1.00,0.00,0.00,96,242,1.00,0.00,0.01,0.02,0.00,0.00,0.00,0.00,normal,0,normal,21
7630,0,tcp,sunrpc,REJ,0,0,0,0,0,0,0,0,0,0,0,0,0,0,0,0,0,0,1,2,0.00,0.00,1.00,1.00,1.00,0.00,1.00,179,51,0.19,0.03,0.01,0.04,0.01,0.00,0.89,1.00,probe,1,mscan,13
11437,0,tcp,ftp_data,SF,1699,0,0,0,0,0,0,0,0,0,0,0,0,0,0,0,0,0,3,3,0.00,0.00,0.00,0.00,1.00,0.00,0.00,62,35,0.15,0.08,0.15,0.06,0.00,0.00,0.02,0.00,normal,0,normal,21
9150,10,tcp,telnet,SF,118,2425,0,0,0,0,0,1,0,0,0,0,0,0,0,0,0,0,1,1,0.00,0.00,0.00,0.00,1.00,0.00,0.00,255,13,0.05,0.01,0.00,0.00,0.00,0.00,0.03,0.62,r2l,0,guess_passwd,3
21995,0,udp,private,SF,105,105,0,0,0,0,0,0,0,0,0,0,0,0,0,0,0,0,2,2,0.00,0.00,0.00,0.00,1.00,0.00,0.00,255,253,0.99,0.01,0.01,0.00,0.00,0.00,0.00,0.00,r2l,1,snmpgetattack,3
7165,0,tcp,http,SF,275,2042,0,0,0,0,0,1,0,0,0,0,0,0,0,0,0,0,4,4,0.00,0.00,0.00,0.00,1.00,0.00,0.00,255,255,1.00,0.00,0.00,0.00,0.00,0.00,0.00,0.00,normal,0,normal,21
15650,280,tcp,ftp_data,SF,283618,0,0,0,0,0,0,0,0,0,0,0,0,0,0,0,0,0,1,1,0.00,0.00,0.00,0.00,1.00,0.00,0.00,3,8,1.00,0.00,1.00,0.25,0.00,0.00,0.00,0.00,r2l,0,warezmaster,19
17060,0,tcp,smtp,SF,836,279,0,0,0,0,0,1,0,0,0,0,0,0,0,0,0,0,2,1,0.00,0.00,0.00,0.00,0.50,1.00,0.00,255,149,0.58,0.06,0.00,0.00,0.00,0.00,0.01,0.01,normal,0,normal,20
5375,0,tcp,http,SF,327,1387,0,0,0,0,0,1,0,0,0,0,0,0,0,0,0,0,1,1,0.00,0.00,0.00,0.00,1.00,0.00,0.00,63,255,1.00,0.00,0.02,0.04,0.00,0.00,0.00,0.00,normal,0,normal,21
6714,0,udp,domain_u,SF,45,45,0,0,0,0,0,0,0,0,0,0,0,0,0,0,0,0,112,191,0.00,0.00,0.00,0.00,1.00,0.00,0.01,255,255,1.00,0.00,0.01,0.00,0.00,0.00,0.00,0.00,normal,0,normal,18
22045,282,tcp,ftp,SF,160,599,0,0,0,2,0,1,0,0,0,0,0,0,0,0,0,1,1,1,0.00,0.00,0.00,0.00,1.00,0.00,0.00,255,15,0.06,0.87,0.00,0.00,0.00,0.00,0.85,0.00,r2l,0,warezmaster,12
15435,0,tcp,http,SF,287,170,0,0,0,0,0,1,0,0,0,0,0,0,0,0,0,0,21,21,0.00,0.00,0.00,0.00,1.00,0.00,0.00,166,255,1.00,0.00,0.01,0.04,0.00,0.00,0.00,0.00,normal,0,normal,21
15133,0,icmp,ecr_i,SF,1032,0,0,0,0,0,0,0,0,0,0,0,0,0,0,0,0,0,119,120,0.00,0.00,0.00,0.00,1.00,0.00,0.02,255,255,1.00,0.00,1.00,0.00,0.00,0.00,0.00,0.00,dos,0,smurf,21
17432,0,tcp,private,REJ,0,0,0,0,0,0,0,0,0,0,0,0,0,0,0,0,0,0,161,18,0.00,0.00,1.00,1.00,0.11,0.06,0.00,255,18,0.07,0.06,0.00,0.00,0.00,0.00,1.00,1.00,dos,0,neptune,21
3727,4,tcp,pop_3,SF,32,93,0,0,0,0,0,1,0,0,0,0,0,0,0,0,0,0,1,1,0.00,0.00,0.00,0.00,1.00,0.00,0.00,255,198,0.78,0.02,0.00,0.00,0.00,0.00,0.07,0.00,r2l,0,guess_passwd,16
20732,0,tcp,http,SF,252,1719,0,0,0,0,0,1,0,0,0,0,0,0,0,0,0,0,8,8,0.00,0.00,0.00,0.00,1.00,0.00,0.00,253,255,1.00,0.00,0.01,0.01,0.00,0.00,0.00,0.00,normal,0,normal,21
10816,0,tcp,http,SF,152,19706,0,0,0,3,0,1,0,1,0,0,0,0,0,0,0,0,1,1,0.00,0.00,0.00,0.00,1.00,0.00,0.00,15,78,1.00,0.00,0.07,0.04,0.00,0.00,0.00,0.00,normal,0,normal,20
6141,1,tcp,smtp,SF,2599,293,0,0,0,0,0,1,0,0,0,0,0,0,0,0,0,0,3,3,0.00,0.00,0.00,0.00,1.00,0.00,0.00,255,12,0.05,0.16,0.00,0.00,0.00,0.00,0.93,0.00,dos,1,mailbomb,12
8126,0,tcp,private,S0,0,0,0,0,0,0,0,0,0,0,0,0,0,0,0,0,0,0,128,19,1.00,1.00,0.00,0.00,0.15,0.06,0.00,255,19,0.07,0.05,0.00,0.00,1.00,1.00,0.00,0.00,dos,0,neptune,21
15017,0,tcp,http,SF,224,1630,0,0,0,0,0,1,0,0,0,0,0,0,0,0,0,0,31,41,0.00,0.00,0.00,0.00,1.00,0.00,0.10,216,255,1.00,0.00,0.00,0.01,0.00,0.00,0.00,0.00,normal,0,normal,21
19609,0,tcp,http,SF,181,2392,0,0,0,0,0,1,0,0,0,0,0,0,0,0,0,0,2,6,0.00,0.00,0.00,0.00,1.00,0.00,0.50,153,255,1.00,0.00,0.01,0.02,0.00,0.00,0.00,0.00,normal,0,normal,21
7399,0,udp,domain_u,SF,44,74,0,0,0,0,0,0,0,0,0,0,0,0,0,0,0,0,363,363,0.00,0.00,0.00,0.00,1.00,0.00,0.00,255,254,1.00,0.01,0.00,0.00,0.00,0.00,0.00,0.00,normal,0,normal,18
3264,0,tcp,http,SF,218,24815,0,0,0,0,0,1,0,0,0,0,0,0,0,0,0,0,1,7,0.00,0.00,0.00,0.00,1.00,0.00,0.43,4,255,1.00,0.00,0.25,0.04,0.00,0.00,0.00,0.00,normal,0,normal,21
19042,0,tcp,http,SF,234,1075,0,0,0,0,0,1,0,0,0,0,0,0,0,0,0,0,4,5,0.00,0.00,0.00,0.00,1.00,0.00,0.40,255,226,0.89,0.01,0.00,0.00,0.00,0.00,0.03,0.00,normal,0,normal,18
19004,0,tcp,http,S0,0,0,0,0,0,0,0,0,0,0,0,0,0,0,0,0,0,0,14,14,1.00,1.00,0.00,0.00,1.00,0.00,0.00,255,245,0.96,0.01,0.00,0.00,0.20,0.21,0.56,0.59,dos,1,apache2,15
7183,0,udp,private,SF,1,0,0,0,0,0,0,0,0,0,0,0,0,0,0,0,0,0,120,29,0.00,0.00,0.00,0.00,0.24,0.59,0.00,255,30,0.12,0.79,1.00,0.00,0.00,0.00,0.00,0.00,normal,0,normal,7
14460,0,tcp,http,SF,218,305,0,0,0,0,0,1,0,0,0,0,0,0,0,0,0,0,13,17,0.00,0.00,0.00,0.00,1.00,0.00,0.12,255,255,1.00,0.00,0.00,0.00,0.00,0.00,0.00,0.00,normal,0,normal,21
19304,0,icmp,ecr_i,SF,520,0,0,0,0,0,0,0,0,0,0,0,0,0,0,0,0,0,510,510,0.00,0.00,0.00,0.00,1.00,0.00,0.00,40,58,1.00,0.00,1.00,0.17,0.00,0.00,0.00,0.00,dos,0,smurf,18
16421,0,tcp,imap4,RSTO,0,44,0,0,0,0,0,0,0,0,0,0,0,0,0,0,0,0,2,2,0.00,0.00,1.00,1.00,0.50,1.00,1.00,255,48,0.19,0.03,0.00,0.00,0.00,0.00,0.70,0.96,probe,1,mscan,13
2586,0,tcp,other,S0,0,0,0,0,0,0,0,0,0,0,0,0,0,0,0,0,0,0,472,1,0.15,1.00,0.85,0.00,0.00,1.00,0.00,255,1,0.00,0.99,0.00,0.00,0.13,1.00,0.85,0.00,probe,0,satan,18
4220,4,tcp,pop_3,SF,32,93,0,0,0,0,0,1,0,0,0,0,0,0,0,0,0,0,1,1,0.00,0.00,0.00,0.00,1.00,0.00,0.00,45,44,0.96,0.04,0.02,0.05,0.00,0.00,0.00,0.00,r2l,0,guess_passwd,6
17197,11675,tcp,telnet,SF,103,2504,0,0,0,0,0,1,4,0,0,0,0,0,0,0,0,0,1,1,0.00,0.00,0.00,0.00,1.00,0.00,0.00,255,1,0.00,0.06,0.00,0.00,0.99,0.00,0.00,0.00,normal,0,normal,17
22187,0,tcp,private,S0,0,0,0,0,0,0,0,0,0,0,0,0,0,0,0,0,0,0,128,3,0.77,0.67,0.23,0.33,0.02,0.06,0.00,255,3,0.01,0.06,0.00,0.00,0.70,0.67,0.30,0.33,dos,0,neptune,21
7085,4,tcp,pop_3,SF,27,93,0,0,0,0,0,1,0,0,0,0,0,0,0,0,0,0,1,1,0.00,0.00,0.00,0.00,1.00,0.00,0.00,255,217,0.85,0.02,0.00,0.00,0.00,0.00,0.03,0.00,r2l,0,guess_passwd,18
5434,0,udp,other,SF,1,1,0,0,0,0,0,0,0,0,0,0,0,0,0,0,0,0,465,1,0.00,0.00,0.00,0.00,0.00,1.00,0.00,255,1,0.00,1.00,1.00,0.00,0.00,0.00,0.00,0.00,probe,0,satan,17
2744,0,tcp,telnet,S0,0,0,0,0,0,0,0,0,0,0,0,0,0,0,0,0,0,0,39,13,1.00,1.00,0.00,0.00,0.33,0.08,0.00,255,69,0.27,0.02,0.00,0.00,0.96,0.96,0.00,0.01,dos,0,neptune,18
68,0,tcp,smtp,S0,0,0,0,0,0,0,0,0,0,0,0,0,0,0,0,0,0,0,114,1,1.00,1.00,0.00,0.00,0.01,0.06,0.00,255,1,0.00,0.05,0.00,0.00,1.00,1.00,0.00,0.00,dos,0,neptune,20
22205,0,tcp,private,REJ,0,0,0,0,0,0,0,0,0,0,0,0,0,0,0,0,0,0,249,9,0.00,0.00,1.00,1.00,0.04,0.07,0.00,255,9,0.04,0.07,0.00,0.00,0.00,0.00,1.00,1.00,dos,0,neptune,21
8613,0,tcp,telnet,S3,0,44,0,0,0,0,0,0,0,0,0,0,0,0,0,0,0,0,1,1,1.00,1.00,0.00,0.00,1.00,0.00,0.00,255,121,0.47,0.47,0.00,0.00,0.36,0.77,0.47,0.02,dos,1,processtable,18
8269,0,tcp,iso_tsap,REJ,0,0,0,0,0,0,0,0,0,0,0,0,0,0,0,0,0,0,249,13,0.00,0.00,1.00,1.00,0.05,0.06,0.00,255,13,0.05,0.07,0.00,0.00,0.00,0.00,1.00,1.00,dos,0,neptune,19
16897,0,udp,domain_u,SF,22,0,0,0,0,0,0,0,0,0,0,0,0,0,0,0,0,0,1,2,0.00,0.00,0.00,0.00,1.00,0.00,1.00,255,249,0.98,0.01,0.00,0.00,0.00,0.00,0.00,0.00,normal,0,normal,18
22530,0,tcp,private,S0,0,0,0,0,0,0,0,0,0,0,0,0,0,0,0,0,0,0,206,7,0.76,0.29,0.24,0.71,0.03,0.07,0.00,255,7,0.03,0.08,0.00,0.00,0.79,0.29,0.21,0.71,dos,0,neptune,21
21217,0,udp,domain_u,SF,46,117,0,0,0,0,0,0,0,0,0,0,0,0,0,0,0,0,2,10,0.00,0.00,0.00,0.00,1.00,0.00,0.30,255,247,0.97,0.01,0.00,0.00,0.00,0.00,0.02,0.00,normal,0,normal,18
20712,0,tcp,telnet,RSTO,125,188,0,0,0,0,1,0,0,0,0,0,0,0,0,0,0,0,1,1,0.00,0.00,1.00,1.00,1.00,0.00,0.00,255,254,1.00,0.01,0.00,0.00,0.02,0.02,0.02,0.02,r2l,0,guess_passwd,10
5363,0,tcp,private,REJ,0,0,0,0,0,0,0,0,0,0,0,0,0,0,0,0,0,0,137,11,0.00,0.00,1.00,1.00,0.08,0.07,0.00,255,11,0.04,0.06,0.00,0.00,0.00,0.00,1.00,1.00,dos,0,neptune,21
1287,0,tcp,other,S0,0,0,0,0,0,0,0,0,0,0,0,0,0,0,0,0,0,0,398,1,0.17,1.00,0.82,0.00,0.00,1.00,0.00,255,1,0.00,0.91,0.00,0.00,0.14,1.00,0.86,0.00,probe,0,satan,19
5085,0,tcp,private,SH,0,0,0,0,0,0,0,0,0,0,0,0,0,0,0,0,0,0,1,1,1.00,1.00,0.00,0.00,1.00,0.00,0.00,151,1,0.01,1.00,1.00,0.00,1.00,1.00,0.00,0.00,probe,0,nmap,19
20858,0,tcp,http,SF,233,1963,0,0,0,0,0,1,0,0,0,0,0,0,0,0,0,0,1,1,0.00,0.00,0.00,0.00,1.00,0.00,0.00,46,255,1.00,0.00,0.02,0.01,0.00,0.00,0.00,0.00,normal,0,normal,21
14666,0,tcp,http,SF,204,2056,0,0,0,0,0,1,0,0,0,0,0,0,0,0,0,0,12,12,0.00,0.00,0.00,0.00,1.00,0.00,0.00,255,255,1.00,0.00,0.00,0.00,0.00,0.00,0.00,0.00,normal,0,normal,21
12603,1,tcp,pop_3,SF,35,130,0,0,0,0,0,1,0,0,0,0,0,0,0,0,0,0,1,2,0.00,0.00,0.00,0.00,1.00,0.00,1.00,220,6,0.02,0.03,0.00,0.33,0.00,0.00,0.00,0.00,normal,0,normal,20
18567,0,tcp,http,SF,306,1380,0,0,0,0,0,1,0,0,0,0,0,0,0,0,0,0,3,3,0.00,0.00,0.00,0.00,1.00,0.00,0.00,255,241,0.95,0.01,0.00,0.00,0.01,0.01,0.00,0.00,normal,0,normal,21
5761,0,tcp,private,S0,0,0,0,0,0,0,0,0,0,0,0,0,0,0,0,0,0,0,230,7,1.00,1.00,0.00,0.00,0.03,0.07,0.00,255,7,0.03,0.08,0.00,0.00,1.00,1.00,0.00,0.00,dos,0,neptune,21
15861,0,tcp,ftp_data,SF,138946,0,0,0,0,0,0,0,0,0,0,0,0,0,0,0,0,0,13,13,0.00,0.00,0.00,0.00,1.00,0.00,0.00,255,163,0.64,0.03,0.64,0.00,0.01,0.01,0.00,0.00,normal,0,normal,19
4382,0,tcp,ftp,SF,25,157,0,0,0,0,1,0,0,0,0,0,0,0,0,0,0,1,1,1,0.00,0.00,0.00,0.00,1.00,0.00,0.00,46,21,0.46,0.09,0.02,0.00,0.00,0.00,0.00,0.00,r2l,0,guess_passwd,7
16035,0,tcp,ftp_data,SF,208,0,0,0,0,0,0,0,0,0,0,0,0,0,0,0,0,0,1,1,0.00,0.00,0.00,0.00,1.00,0.00,0.00,74,12,0.16,0.05,0.16,0.00,0.00,0.00,0.03,0.00,normal,0,normal,20
16128,0,tcp,private,S0,0,0,0,0,0,0,0,0,0,0,0,0,0,0,0,0,0,0,444,1,0.05,1.00,0.92,0.00,0.00,1.00,0.00,255,1,0.00,1.00,0.00,0.00,0.03,1.00,0.93,0.00,probe,1,saint,19
12301,0,tcp,private,REJ,0,0,0,0,0,0,0,0,0,0,0,0,0,0,0,0,0,0,206,14,0.00,0.00,1.00,1.00,0.07,0.07,0.00,255,14,0.05,0.08,0.00,0.00,0.00,0.00,1.00,1.00,dos,0,neptune,21
18585,0,tcp,remote_job,REJ,0,0,0,0,0,0,0,0,0,0,0,0,0,0,0,0,0,0,269,8,0.00,0.00,1.00,1.00,0.03,0.06,0.00,255,8,0.03,0.06,0.00,0.00,0.00,0.00,1.00,1.00,dos,0,neptune,21
6776,0,tcp,sunrpc,REJ,0,0,0,0,0,0,0,0,0,0,0,0,0,0,0,0,0,0,1,3,0.00,0.00,1.00,1.00,1.00,0.00,1.00,177,49,0.18,0.03,0.01,0.04,0.00,0.00,0.89,1.00,probe,1,mscan,13
22353,7477,tcp,telnet,SF,0,44,0,0,0,0,0,0,0,0,0,0,0,0,0,0,0,0,1,1,0.00,0.00,0.00,0.00,1.00,0.00,0.00,255,206,0.81,0.03,0.00,0.00,0.33,0.41,0.12,0.07,dos,1,processtable,18
309,0,tcp,domain,S0,0,0,0,0,0,0,0,0,0,0,0,0,0,0,0,0,0,0,160,14,1.00,1.00,0.00,0.00,0.09,0.09,0.00,255,14,0.05,0.09,0.00,0.00,1.00,1.00,0.00,0.00,dos,0,neptune,18
12442,0,udp,domain_u,SF,42,128,0,0,0,0,0,0,0,0,0,0,0,0,0,0,0,0,54,208,0.00,0.00,0.00,0.00,1.00,0.00,0.01,185,216,0.89,0.01,0.89,0.01,0.00,0.00,0.06,0.00,normal,0,normal,18
6372,0,tcp,http,SF,248,753,0,0,0,0,0,1,0,0,0,0,0,0,0,0,0,0,2,10,0.00,0.10,0.00,0.00,1.00,0.00,0.20,255,255,1.00,0.00,0.00,0.00,0.00,0.00,0.00,0.00,normal,0,normal,21
20888,0,tcp,telnet,SF,120,174,0,0,0,0,1,0,0,0,0,0,0,0,0,0,0,0,1,1,0.00,0.00,0.00,0.00,1.00,0.00,0.00,255,239,0.94,0.02,0.00,0.00,0.00,0.00,0.02,0.03,r2l,0,guess_passwd,15
2436,8201,tcp,telnet,SF,0,15,0,0,0,0,0,0,0,0,0,0,0,0,0,0,0,0,1,1,0.00,0.00,0.00,0.00,1.00,0.00,0.00,255,11,0.04,0.84,0.00,0.00,0.00,0.00,0.83,0.00,dos,1,processtable,12
11432,0,tcp,http,SF,227,9859,0,0,0,0,0,1,0,0,0,0,0,0,0,0,0,0,2,2,0.00,0.00,0.00,0.00,1.00,0.00,0.00,40,255,1.00,0.00,0.03,0.04,0.00,0.00,0.00,0.00,normal,0,normal,21
14549,0,tcp,http,SF,206,365,0,0,0,0,0,1,0,0,0,0,0,0,0,0,0,0,12,13,0.00,0.00,0.00,0.00,1.00,0.00,0.15,255,255,1.00,0.00,0.00,0.00,0.00,0.00,0.00,0.00,normal,0,normal,21
17762,0,tcp,http,SF,335,6130,0,0,0,0,0,1,0,0,0,0,0,0,0,0,0,0,4,4,0.00,0.00,0.00,0.00,1.00,0.00,0.00,108,255,1.00,0.00,0.01,0.01,0.00,0.00,0.00,0.00,normal,0,normal,21
10369,6,tcp,http,SF,251,10319,0,0,0,0,0,1,0,0,0,0,0,0,0,0,0,0,1,1,0.00,0.00,0.00,0.00,1.00,0.00,0.00,176,255,1.00,0.00,0.01,0.01,0.00,0.00,0.00,0.00,normal,0,normal,21
17829,283,tcp,ftp,SF,162,597,0,0,0,2,0,1,0,0,0,0,0,0,0,0,0,1,1,1,0.00,0.00,0.00,0.00,1.00,0.00,0.00,25,22,0.88,0.08,0.04,0.00,0.00,0.00,0.00,0.00,r2l,0,warezmaster,10
13576,0,tcp,http,SF,315,1147,0,0,0,0,0,1,0,0,0,0,0,0,0,0,0,0,2,3,0.00,0.00,0.00,0.00,1.00,0.00,0.67,26,255,1.00,0.00,0.04,0.04,0.00,0.00,0.00,0.00,normal,0,normal,21
20262,0,tcp,private,REJ,0,0,0,0,0,0,0,0,0,0,0,0,0,0,0,0,0,0,453,1,0.06,0.00,0.92,1.00,0.00,1.00,0.00,255,1,0.00,1.00,0.00,0.00,0.00,0.00,0.96,1.00,probe,0,satan,17
12144,0,tcp,http,SF,326,2897,0,0,0,0,0,1,0,0,0,0,0,0,0,0,0,0,3,13,0.00,0.00,0.00,0.00,1.00,0.00,0.23,56,255,1.00,0.00,0.02,0.01,0.00,0.00,0.00,0.00,normal,0,normal,21
22347,0,udp,other,SF,1,1,0,0,0,0,0,0,0,0,0,0,0,0,0,0,0,0,11,1,0.00,0.00,0.00,0.00,0.09,1.00,0.00,255,1,0.00,0.92,1.00,0.00,0.00,0.00,0.00,0.00,probe,0,satan,15
6432,0,tcp,sunrpc,REJ,0,0,0,0,0,0,0,0,0,0,0,0,0,0,0,0,0,0,1,11,0.00,0.00,1.00,1.00,1.00,0.00,1.00,36,52,0.19,0.14,0.03,0.04,0.00,0.00,0.86,1.00,probe,1,mscan,12
20641,0,tcp,private,S0,0,0,0,0,0,0,0,0,0,0,0,0,0,0,0,0,0,0,160,7,1.00,1.00,0.00,0.00,0.04,0.09,0.00,255,7,0.03,0.10,0.00,0.00,1.00,1.00,0.00,0.00,dos,0,neptune,21
12281,900,tcp,http,RSTR,57184,0,0,0,0,0,0,1,0,0,0,0,0,0,0,0,0,0,31,31,0.00,0.00,1.00,1.00,1.00,0.00,0.00,255,255,1.00,0.00,0.00,0.00,0.00,0.00,0.57,0.57,dos,1,apache2,14
8279,0,tcp,discard,RSTO,0,0,0,0,0,0,0,0,0,0,0,0,0,0,0,0,0,0,287,1,0.00,0.00,1.00,1.00,0.00,0.06,0.00,255,1,0.00,0.07,0.00,0.00,0.00,0.00,1.00,1.00,dos,0,neptune,18
2257,7294,tcp,telnet,SF,0,44,0,0,0,0,0,0,0,0,0,0,0,0,0,0,0,0,1,1,0.00,0.00,0.00,0.00,1.00,0.00,0.00,255,229,0.90,0.11,0.00,0.00,0.50,0.55,0.11,0.01,dos,1,processtable,18
1937,0,tcp,http,SF,356,668,0,0,0,0,0,1,0,0,0,0,0,0,0,0,0,0,8,8,0.00,0.00,0.00,0.00,1.00,0.00,0.00,159,255,1.00,0.00,0.01,0.02,0.00,0.00,0.00,0.00,normal,0,normal,21
17271,0,tcp,smtp,SF,1058,389,0,0,0,0,0,1,0,0,0,0,0,0,0,0,0,0,1,3,0.00,0.00,0.00,0.00,1.00,0.00,1.00,255,18,0.07,0.23,0.00,0.00,0.00,0.00,0.24,0.00,normal,0,normal,18
17849,0,tcp,http,SF,254,1512,0,0,0,0,0,1,0,0,0,0,0,0,0,0,0,0,6,6,0.00,0.00,0.00,0.00,1.00,0.00,0.00,255,255,1.00,0.00,0.00,0.00,0.00,0.00,0.00,0.00,normal,0,normal,21
18671,0,udp,domain_u,SF,36,0,0,0,0,0,0,0,0,0,0,0,0,0,0,0,0,0,5,18,0.00,0.00,0.00,0.00,1.00,0.00,0.11,18,70,1.00,0.00,1.00,0.04,0.00,0.00,0.00,0.00,normal,0,normal,21
1369,0,tcp,private,REJ,0,0,0,0,0,0,0,0,0,0,0,0,0,0,0,0,0,0,247,17,0.00,0.00,1.00,1.00,0.07,0.06,0.00,255,17,0.07,0.07,0.00,0.00,0.00,0.00,1.00,1.00,dos,0,neptune,21
15836,0,tcp,telnet,SF,122,174,0,0,0,0,1,0,0,0,0,0,0,0,0,0,0,0,1,1,0.00,0.00,0.00,0.00,1.00,0.00,0.00,255,254,1.00,0.01,0.00,0.00,0.02,0.02,0.02,0.02,r2l,0,guess_passwd,16
2598,0,tcp,http,SF,319,396,0,0,0,0,0,1,0,0,0,0,0,0,0,0,0,0,38,39,0.00,0.00,0.00,0.00,1.00,0.00,0.05,82,255,1.00,0.00,0.01,0.04,0.00,0.00,0.00,0.00,normal,0,normal,21
14234,0,tcp,http,SF,188,260,0,0,0,0,0,1,0,0,0,0,0,0,0,0,0,0,5,5,0.00,0.00,0.00,0.00,1.00,0.00,0.00,5,255,1.00,0.00,0.20,0.08,0.00,0.00,0.00,0.00,normal,0,normal,21
16644,0,tcp,http,SF,226,482,0,0,0,0,0,1,0,0,0,0,0,0,0,0,0,0,4,4,0.00,0.00,0.00,0.00,1.00,0.00,0.00,167,255,1.00,0.00,0.01,0.02,0.00,0.00,0.00,0.00,normal,0,normal,21
7563,0,tcp,private,REJ,0,0,0,0,0,0,0,0,0,0,0,0,0,0,0,0,0,0,207,4,0.00,0.00,1.00,1.00,0.02,0.08,0.00,255,4,0.02,0.07,0.00,0.00,0.00,0.00,1.00,1.00,dos,0,neptune,21
7948,4,tcp,pop_3,SF,28,93,0,0,0,0,0,1,0,0,0,0,0,0,0,0,0,0,1,1,0.00,0.00,0.00,0.00,1.00,0.00,0.00,255,134,0.53,0.02,0.00,0.00,0.00,0.00,0.17,0.00,r2l,0,guess_passwd,16
7087,281,tcp,ftp,SF,160,597,0,0,0,2,0,1,0,0,0,0,0,0,0,0,0,1,1,1,0.00,0.00,0.00,0.00,1.00,0.00,0.00,255,99,0.39,0.03,0.01,0.00,0.00,0.00,0.00,0.00,r2l,0,warezmaster,14
10159,0,tcp,http,SF,364,4996,0,0,0,0,0,1,0,0,0,0,0,0,0,0,0,0,2,2,0.00,0.00,0.00,0.00,1.00,0.00,0.00,146,255,1.00,0.00,0.01,0.02,0.01,0.00,0.00,0.00,normal,0,normal,21
15102,0,tcp,imap4,S0,0,0,0,0,0,0,0,0,0,0,0,0,0,0,0,0,0,0,1,2,1.00,1.00,0.00,0.00,1.00,0.00,1.00,101,68,0.34,0.03,0.01,0.03,1.00,0.50,0.00,0.50,probe,1,mscan,17
8055,0,tcp,private,REJ,0,0,0,0,0,0,0,0,0,0,0,0,0,0,0,0,0,0,108,6,0.00,0.00,1.00,1.00,0.06,0.07,0.00,255,6,0.02,0.06,0.00,0.00,0.00,0.00,1.00,1.00,dos,0,neptune,21
7346,0,tcp,login,S0,0,0,0,0,0,0,0,0,0,0,0,0,0,0,0,0,0,0,138,17,1.00,1.00,0.00,0.00,0.12,0.06,0.00,255,17,0.07,0.05,0.00,0.00,1.00,1.00,0.00,0.00,dos,0,neptune,20
2807,0,tcp,http,SF,213,3680,0,0,0,0,0,1,0,0,0,0,0,0,0,0,0,0,3,3,0.00,0.00,0.00,0.00,1.00,0.00,0.00,4,255,1.00,0.00,0.25,0.05,0.00,0.00,0.00,0.00,normal,0,normal,21
6512,0,tcp,http,SF,305,15924,0,0,0,0,0,1,0,0,0,0,0,0,0,0,0,0,2,7,0.00,0.00,0.00,0.00,1.00,0.00,0.43,12,255,1.00,0.00,0.08,0.02,0.00,0.00,0.00,0.00,normal,0,normal,21
19915,0,tcp,telnet,SF,125,174,0,0,0,0,1,0,0,0,0,0,0,0,0,0,0,0,1,1,0.00,0.00,0.00,0.00,1.00,0.00,0.00,255,116,0.45,0.02,0.00,0.00,0.00,0.00,0.01,0.03,r2l,0,guess_passwd,11
10464,0,tcp,smtp,SF,1074,332,0,0,0,0,0,1,0,0,0,0,0,0,0,0,0,0,2,3,0.00,0.00,0.00,0.00,0.50,1.00,1.00,255,172,0.67,0.06,0.00,0.00,0.00,0.00,0.01,0.01,normal,0,normal,20
7236,0,tcp,http,SF,197,1509,0,0,0,0,0,1,0,0,0,0,0,0,0,0,0,0,13,13,0.00,0.00,0.00,0.00,1.00,0.00,0.00,13,244,1.00,0.00,0.08,0.07,0.00,0.00,0.00,0.00,normal,0,normal,21
18665,0,tcp,other,REJ,0,0,0,0,0,0,0,0,0,0,0,0,0,0,0,0,0,0,458,1,0.14,0.00,0.86,1.00,0.00,1.00,0.00,255,1,0.00,0.92,0.00,0.00,0.13,0.00,0.87,1.00,probe,0,satan,18
2960,0,udp,private,SF,54,51,0,0,0,0,0,0,0,0,0,0,0,0,0,0,0,0,346,346,0.00,0.00,0.00,0.00,1.00,0.00,0.00,255,255,1.00,0.00,0.86,0.00,0.00,0.00,0.00,0.00,normal,0,normal,17
4554,0,tcp,http,SF,207,694,0,0,0,0,0,1,0,0,0,0,0,0,0,0,0,0,6,20,0.00,0.00,0.00,0.00,1.00,0.00,0.25,6,255,1.00,0.00,0.17,0.02,0.00,0.00,0.00,0.00,normal,0,normal,21
17764,3,tcp,pop_3,SF,30,93,0,0,0,0,0,1,0,0,0,0,0,0,0,0,0,0,1,1,0.00,0.00,0.00,0.00,1.00,0.00,0.00,255,249,0.98,0.01,0.00,0.00,0.00,0.00,0.01,0.00,r2l,0,guess_passwd,18
13768,0,udp,private,SF,105,146,0,0,0,0,0,0,0,0,0,0,0,0,0,0,0,0,1,1,0.00,0.00,0.00,0.00,1.00,0.00,0.00,255,249,0.98,0.01,0.01,0.00,0.00,0.00,0.00,0.00,r2l,1,snmpgetattack,0
7466,0,tcp,smtp,SF,1371,330,0,0,0,0,0,1,0,0,0,0,0,0,0,0,0,0,1,1,0.00,0.00,0.00,0.00,1.00,0.00,0.00,97,163,0.64,0.05,0.01,0.01,0.00,0.00,0.00,0.00,normal,0,normal,21
1282,0,tcp,echo,S0,0,0,0,0,0,0,0,0,0,0,0,0,0,0,0,0,0,0,147,12,1.00,1.00,0.00,0.00,0.08,0.09,0.00,255,12,0.05,0.11,0.00,0.00,1.00,1.00,0.00,0.00,dos,0,neptune,20
21165,0,tcp,http,SF,241,6655,0,0,0,0,0,1,0,0,0,0,0,0,0,0,0,0,1,2,0.00,0.00,0.00,0.00,1.00,0.00,1.00,43,255,1.00,0.00,0.02,0.02,0.00,0.00,0.00,0.00,normal,0,normal,21
19186,282,tcp,ftp,SF,158,597,0,0,0,2,0,1,0,0,0,0,0,0,0,0,0,1,1,1,0.00,0.00,0.00,0.00,1.00,0.00,0.00,255,14,0.05,0.76,0.00,0.00,0.00,0.00,0.75,0.00,r2l,0,warezmaster,12
2636,0,udp,domain_u,SF,43,43,0,0,0,0,0,0,0,0,0,0,0,0,0,0,0,0,34,62,0.00,0.00,0.00,0.00,1.00,0.00,0.03,255,255,1.00,0.00,0.01,0.00,0.00,0.00,0.00,0.00,normal,0,normal,21
5294,7674,tcp,telnet,SF,0,44,0,0,0,0,0,0,0,0,0,0,0,0,0,0,0,0,1,1,0.00,0.00,0.00,0.00,1.00,0.00,0.00,255,163,0.64,0.02,0.00,0.00,0.52,0.50,0.01,0.01,dos,1,processtable,18
17253,7334,tcp,telnet,SF,0,44,0,0,0,0,0,0,0,0,0,0,0,0,0,0,0,0,1,1,0.00,0.00,0.00,0.00,1.00,0.00,0.00,255,223,0.87,0.13,0.00,0.00,0.50,0.57,0.13,0.01,dos,1,processtable,18
2720,297,tcp,http,SF,252,272,0,0,0,0,0,1,0,0,0,0,0,0,0,0,0,0,7,7,0.00,0.00,0.00,0.00,1.00,0.00,0.00,255,67,0.26,0.02,0.00,0.00,0.00,0.00,0.02,0.00,normal,0,normal,18
13655,0,tcp,http,SF,321,453,0,0,0,0,0,1,0,0,0,0,0,0,0,0,0,0,12,12,0.00,0.00,0.00,0.00,1.00,0.00,0.00,255,255,1.00,0.00,0.00,0.00,0.00,0.00,0.00,0.00,normal,0,normal,21
4508,0,tcp,private,REJ,0,0,0,0,0,0,0,0,0,0,0,0,0,0,0,0,0,0,251,7,0.00,0.00,1.00,1.00,0.03,0.07,0.00,255,7,0.03,0.07,0.00,0.00,0.00,0.00,1.00,1.00,dos,0,neptune,21
18589,0,tcp,http,SF,210,985,0,0,0,0,0,1,0,0,0,0,0,0,0,0,0,0,16,16,0.00,0.00,0.00,0.00,1.00,0.00,0.00,50,255,1.00,0.00,0.02,0.02,0.00,0.00,0.00,0.00,normal,0,normal,21
11910,0,tcp,http,SF,256,1137,0,0,0,0,0,1,0,0,0,0,0,0,0,0,0,0,3,5,0.00,0.00,0.00,0.00,1.00,0.00,0.40,174,255,1.00,0.00,0.01,0.03,0.00,0.00,0.00,0.00,normal,0,normal,21
13586,0,tcp,private,S0,0,0,0,0,0,0,0,0,0,0,0,0,0,0,0,0,0,0,144,2,1.00,1.00,0.00,0.00,0.01,0.10,0.00,255,2,0.01,0.09,0.00,0.00,1.00,1.00,0.00,0.00,dos,0,neptune,21
16898,0,icmp,eco_i,SF,20,0,0,0,0,0,0,0,0,0,0,0,0,0,0,0,0,0,1,61,0.00,0.00,0.00,0.00,1.00,0.00,1.00,1,30,1.00,0.00,1.00,0.30,0.00,0.00,0.00,0.00,probe,1,saint,15
20734,988,tcp,telnet,SF,1773,32209,0,0,0,4,0,1,57,1,0,51,7,5,0,0,0,0,1,1,0.00,0.00,0.00,0.00,1.00,0.00,0.00,255,104,0.41,0.03,0.00,0.00,0.33,0.77,0.02,0.01,u2r,0,rootkit,8
1647,0,tcp,telnet,REJ,0,0,0,0,0,0,0,0,0,0,0,0,0,0,0,0,0,0,1,11,0.00,0.18,1.00,0.55,1.00,0.00,0.64,17,86,0.35,0.29,0.06,0.02,0.00,0.00,0.82,0.71,probe,1,mscan,13
15646,0,icmp,eco_i,SF,20,0,0,0,0,0,0,0,0,0,0,0,0,0,0,0,0,0,1,63,0.00,0.00,0.00,0.00,1.00,0.00,1.00,4,24,1.00,0.00,1.00,0.25,0.00,0.00,0.00,0.00,probe,1,saint,15
14117,0,tcp,http,SF,307,756,0,0,0,0,0,1,0,0,0,0,0,0,0,0,0,0,27,27,0.00,0.00,0.00,0.00,1.00,0.00,0.00,70,255,1.00,0.00,0.01,0.03,0.00,0.00,0.00,0.00,normal,0,normal,21
5631,0,tcp,other,REJ,0,0,0,0,0,0,0,0,0,0,0,0,0,0,0,0,0,0,511,1,0.12,0.00,0.88,1.00,0.00,1.00,0.00,255,1,0.00,1.00,0.00,0.00,0.06,0.00,0.94,1.00,probe,0,satan,20
19267,1,tcp,smtp,SF,2599,293,0,0,0,0,0,1,0,0,0,0,0,0,0,0,0,0,3,3,0.00,0.00,0.00,0.00,1.00,0.00,0.00,255,134,0.53,0.15,0.00,0.00,0.00,0.00,0.46,0.00,dos,1,mailbomb,11
5580,0,icmp,ecr_i,SF,1480,0,0,1,0,0,0,0,0,0,0,0,0,0,0,0,0,0,1,3,0.00,0.00,0.00,0.00,1.00,0.00,0.67,1,17,1.00,0.00,1.00,0.53,0.00,0.00,0.00,0.00,dos,0,pod,16
13145,0,tcp,private,S0,0,0,0,0,0,0,0,0,0,0,0,0,0,0,0,0,0,0,134,5,1.00,1.00,0.00,0.00,0.04,0.09,0.00,255,5,0.02,0.09,0.00,0.00,1.00,1.00,0.00,0.00,dos,0,neptune,21
10664,0,tcp,http,SF,285,1733,0,0,0,0,0,1,0,0,0,0,0,0,0,0,0,0,7,7,0.00,0.00,0.00,0.00,1.00,0.00,0.00,175,255,1.00,0.00,0.01,0.01,0.00,0.00,0.00,0.00,normal,0,normal,21
16262,0,tcp,private,S0,0,0,0,0,0,0,0,0,0,0,0,0,0,0,0,0,0,0,183,1,1.00,1.00,0.00,0.00,0.01,0.08,0.00,255,1,0.00,0.09,0.00,0.00,1.00,1.00,0.00,0.00,dos,0,neptune,21
3001,0,udp,private,SF,1,1,0,0,0,0,0,0,0,0,0,0,0,0,0,0,0,0,76,1,0.00,0.00,0.00,0.00,0.01,0.49,0.00,255,1,0.00,0.57,0.65,0.00,0.00,0.00,0.35,0.00,probe,0,satan,19
19763,4,tcp,pop_3,SF,30,93,0,0,0,0,0,1,0,0,0,0,0,0,0,0,0,0,2,1,0.00,0.00,0.00,0.00,0.50,1.00,0.00,255,253,0.99,0.01,0.00,0.00,0.00,0.00,0.00,0.00,r2l,0,guess_passwd,17
20860,0,tcp,private,REJ,0,0,0,0,0,0,0,0,0,0,0,0,0,0,0,0,0,0,227,19,0.00,0.00,1.00,1.00,0.08,0.07,0.00,255,19,0.07,0.07,0.00,0.00,0.00,0.00,1.00,1.00,dos,0,neptune,21
14535,0,tcp,telnet,SF,121,174,0,0,0,0,1,0,0,0,0,0,0,0,0,0,0,0,1,1,0.00,0.00,0.00,0.00,1.00,0.00,0.00,255,254,1.00,0.01,0.00,0.00,0.01,0.01,0.01,0.01,r2l,0,guess_passwd,13
9503,796,tcp,http,RSTR,59424,0,0,0,0,0,0,1,0,0,0,0,0,0,0,0,0,0,75,75,0.03,0.03,0.97,0.97,1.00,0.00,0.00,255,253,0.99,0.01,0.00,0.00,0.01,0.01,0.36,0.36,dos,1,apache2,15
19678,801,tcp,http,RSTR,75484,0,0,0,0,0,0,1,0,0,0,0,0,0,0,0,0,0,20,20,0.00,0.00,1.00,1.00,1.00,0.00,0.00,249,246,0.99,0.01,0.00,0.00,0.00,0.00,0.10,0.10,dos,1,apache2,15
10428,0,tcp,http,SF,329,2033,0,0,0,0,0,1,0,0,0,0,0,0,0,0,0,0,3,3,0.00,0.00,0.00,0.00,1.00,0.00,0.00,228,255,1.00,0.00,0.00,0.01,0.00,0.00,0.00,0.00,normal,0,normal,21
5432,0,tcp,private,REJ,0,0,0,0,0,0,0,0,0,0,0,0,0,0,0,0,0,0,216,2,0.00,0.00,1.00,1.00,0.01,0.06,0.00,255,2,0.01,0.06,0.00,0.00,0.00,0.00,1.00,1.00,dos,0,neptune,21
16425,1,tcp,telnet,SF,24,574,0,0,0,0,0,0,0,0,0,0,0,0,0,0,0,0,4,6,0.00,0.00,0.75,0.50,0.50,0.75,0.50,54,87,0.35,0.09,0.02,0.02,0.00,0.00,0.87,0.69,probe,1,mscan,8
20168,0,tcp,http,SF,282,765,0,0,0,0,0,1,0,0,0,0,0,0,0,0,0,0,5,5,0.00,0.00,0.00,0.00,1.00,0.00,0.00,255,255,1.00,0.00,0.00,0.00,0.00,0.00,0.00,0.00,normal,0,normal,21
20176,0,tcp,http,SF,211,578,0,0,0,0,0,1,0,0,0,0,0,0,0,0,0,0,36,41,0.00,0.00,0.00,0.00,1.00,0.00,0.05,255,255,1.00,0.00,0.00,0.00,0.00,0.00,0.00,0.00,normal,0,normal,21
14558,0,tcp,http,SF,260,1301,0,0,0,0,0,1,0,0,0,0,0,0,0,0,0,0,24,24,0.00,0.00,0.00,0.00,1.00,0.00,0.00,255,255,1.00,0.00,0.00,0.00,0.00,0.00,0.00,0.00,normal,0,normal,21
14650,0,tcp,private,REJ,0,0,0,0,0,0,0,0,0,0,0,0,0,0,0,0,0,0,334,1,0.07,0.00,0.92,1.00,0.00,1.00,0.00,255,1,0.00,1.00,0.00,0.00,0.10,0.00,0.90,1.00,probe,0,satan,17
15757,0,tcp,private,S0,0,0,0,0,0,0,0,0,0,0,0,0,0,0,0,0,0,0,170,11,1.00,1.00,0.00,0.00,0.06,0.08,0.00,255,11,0.04,0.09,0.00,0.00,1.00,1.00,0.00,0.00,dos,0,neptune,21
20314,8196,tcp,telnet,SF,0,15,0,0,0,0,0,0,0,0,0,0,0,0,0,0,0,0,1,1,0.00,0.00,0.00,0.00,1.00,0.00,0.00,255,40,0.16,0.04,0.00,0.00,0.00,0.03,0.08,0.25,dos,1,processtable,7
3399,0,udp,domain_u,SF,42,42,0,0,0,0,0,0,0,0,0,0,0,0,0,0,0,0,5,8,0.00,0.00,0.00,0.00,1.00,0.00,0.25,255,250,0.98,0.01,0.00,0.00,0.00,0.00,0.00,0.00,normal,0,normal,21
3214,0,tcp,private,S0,0,0,0,0,0,0,0,0,0,0,0,0,0,0,0,0,0,0,180,19,1.00,1.00,0.00,0.00,0.11,0.06,0.00,255,19,0.07,0.05,0.00,0.00,1.00,1.00,0.00,0.00,dos,0,neptune,21
17172,0,tcp,http,SF,215,2063,0,0,0,0,0,1,0,0,0,0,0,0,0,0,0,0,3,5,0.00,0.00,0.00,0.00,1.00,0.00,0.60,255,255,1.00,0.00,0.00,0.00,0.00,0.00,0.00,0.00,normal,0,normal,21
2530,0,tcp,other,S0,0,0,0,0,0,0,0,0,0,0,0,0,0,0,0,0,0,0,482,1,0.05,1.00,0.95,0.00,0.00,1.00,0.00,255,1,0.00,1.00,0.00,0.00,0.06,1.00,0.94,0.00,probe,1,saint,20
6774,0,tcp,http,SF,305,394,0,0,0,0,0,1,0,0,0,0,0,0,0,0,0,0,1,1,0.00,0.00,0.00,0.00,1.00,0.00,0.00,255,255,1.00,0.00,0.00,0.00,0.00,0.00,0.00,0.00,normal,0,normal,21
346,2,tcp,telnet,SF,24,715,0,0,0,0,0,0,0,0,0,0,0,0,0,0,0,0,4,7,0.00,0.14,0.75,0.29,0.50,0.75,0.71,255,53,0.21,0.03,0.00,0.00,0.00,0.00,0.35,0.51,probe,1,mscan,11
1378,0,udp,other,SF,1,1,0,0,0,0,0,0,0,0,0,0,0,0,0,0,0,0,5,1,0.00,0.00,0.00,0.00,0.20,1.00,0.00,255,1,0.00,0.44,1.00,0.00,0.00,0.00,0.00,0.00,probe,0,satan,16
5814,0,tcp,http,SF,229,2090,0,0,0,0,0,1,0,0,0,0,0,0,0,0,0,0,9,9,0.00,0.00,0.00,0.00,1.00,0.00,0.00,255,255,1.00,0.00,0.00,0.00,0.00,0.00,0.00,0.00,normal,0,normal,21
19094,1,tcp,smtp,SF,2599,293,0,0,0,0,0,1,0,0,0,0,0,0,0,0,0,0,3,3,0.00,0.00,0.00,0.00,1.00,0.00,0.00,255,39,0.15,0.16,0.00,0.00,0.00,0.00,0.83,0.00,dos,1,mailbomb,13
1696,0,tcp,private,S0,0,0,0,0,0,0,0,0,0,0,0,0,0,0,0,0,0,0,130,13,1.00,1.00,0.00,0.00,0.10,0.07,0.00,255,13,0.05,0.07,0.00,0.00,1.00,1.00,0.00,0.00,dos,0,neptune,21
4770,0,tcp,telnet,SF,121,174,0,0,0,0,1,0,0,0,0,0,0,0,0,0,0,0,1,1,0.00,0.00,0.00,0.00,1.00,0.00,0.00,255,86,0.34,0.02,0.00,0.00,0.00,0.00,0.01,0.03,r2l,0,guess_passwd,11
22309,0,udp,private,SF,105,146,0,0,0,0,0,0,0,0,0,0,0,0,0,0,0,0,4,4,0.00,0.00,0.00,0.00,1.00,0.00,0.00,255,253,0.99,0.01,0.01,0.00,0.00,0.00,0.00,0.00,normal,0,normal,19
15078,1,tcp,smtp,SF,2599,293,0,0,0,0,0,1,0,0,0,0,0,0,0,0,0,0,3,3,0.00,0.00,0.00,0.00,1.00,0.00,0.00,255,116,0.45,0.15,0.00,0.00,0.00,0.00,0.53,0.00,dos,1,mailbomb,11
15957,0,tcp,private,REJ,0,0,0,0,0,0,0,0,0,0,0,0,0,0,0,0,0,0,255,5,0.00,0.00,1.00,1.00,0.02,0.06,0.00,255,5,0.02,0.06,0.00,0.00,0.00,0.00,1.00,1.00,dos,0,neptune,21
21785,1,tcp,smtp,SF,802,335,0,0,0,0,0,1,0,0,0,0,0,0,0,0,0,0,1,3,0.00,0.00,0.00,0.00,1.00,0.00,1.00,255,27,0.11,0.03,0.00,0.00,0.00,0.00,0.77,0.00,normal,0,normal,18
1051,0,tcp,http,SF,164,366,0,0,0,0,0,1,0,0,0,0,0,0,0,0,0,0,1,1,0.00,0.00,0.00,0.00,1.00,0.00,0.00,8,255,1.00,0.00,0.12,0.02,0.00,0.00,0.00,0.00,normal,0,normal,21
8211,0,tcp,http,SF,257,336,0,0,0,0,0,1,0,0,0,0,0,0,0,0,0,0,2,2,0.00,0.00,0.00,0.00,1.00,0.00,0.00,63,255,1.00,0.00,0.02,0.02,0.00,0.00,0.00,0.00,normal,0,normal,21
14986,0,tcp,ftp_data,SF,12,0,0,0,0,0,0,0,0,0,0,0,0,0,0,0,0,0,2,2,0.00,0.00,0.00,0.00,1.00,0.00,0.00,10,10,1.00,0.00,1.00,0.00,0.00,0.00,0.00,0.00,r2l,0,warezmaster,12
3547,1,tcp,smtp,SF,1006,339,0,0,0,0,0,1,0,0,0,0,0,0,0,0,0,0,2,4,0.00,0.00,0.00,0.00,0.50,1.00,1.00,211,125,0.44,0.03,0.00,0.02,0.00,0.01,0.00,0.00,normal,0,normal,21
16619,0,tcp,http,SF,349,555,0,0,0,0,0,1,0,0,0,0,0,0,0,0,0,0,19,20,0.00,0.00,0.00,0.00,1.00,0.00,0.10,111,255,1.00,0.00,0.01,0.02,0.00,0.00,0.00,0.00,normal,0,normal,21
3666,0,tcp,http,SF,314,4146,0,0,0,0,0,1,0,0,0,0,0,0,0,0,0,0,13,13,0.00,0.00,0.00,0.00,1.00,0.00,0.00,172,255,1.00,0.00,0.01,0.03,0.00,0.00,0.00,0.00,normal,0,normal,21
4830,0,tcp,http,SF,333,6284,0,0,0,0,0,1,0,0,0,0,0,0,0,0,0,0,6,16,0.00,0.00,0.00,0.00,1.00,0.00,0.38,255,255,1.00,0.00,0.00,0.00,0.00,0.00,0.00,0.00,normal,0,normal,21
20570,0,tcp,http,SF,207,7303,0,0,0,0,0,1,0,0,0,0,0,0,0,0,0,0,2,2,0.00,0.00,0.00,0.00,1.00,0.00,0.00,210,255,1.00,0.00,0.00,0.01,0.00,0.00,0.00,0.00,normal,0,normal,21
290,0,tcp,http,SF,256,22095,0,0,0,0,0,1,0,0,0,0,0,0,0,0,0,0,13,13,0.00,0.00,0.00,0.00,1.00,0.00,0.00,255,255,1.00,0.00,0.01,0.00,0.00,0.00,0.00,0.00,normal,0,normal,21
3821,0,tcp,ctf,REJ,0,0,0,0,0,0,0,0,0,0,0,0,0,0,0,0,0,0,245,5,0.00,0.00,1.00,1.00,0.02,0.06,0.00,255,5,0.02,0.07,0.00,0.00,0.00,0.00,1.00,1.00,dos,0,neptune,19
20704,0,tcp,telnet,SF,130,174,0,0,0,0,1,0,0,0,0,0,0,0,0,0,0,0,1,1,0.00,0.00,0.00,0.00,1.00,0.00,0.00,255,255,1.00,0.00,0.00,0.00,0.01,0.01,0.02,0.02,r2l,0,guess_passwd,15
10811,1,tcp,smtp,SF,2599,293,0,0,0,0,0,1,0,0,0,0,0,0,0,0,0,0,3,3,0.00,0.00,0.00,0.00,1.00,0.00,0.00,255,127,0.50,0.15,0.00,0.00,0.00,0.00,0.49,0.00,dos,1,mailbomb,11
161,0,tcp,systat,S0,0,0,0,0,0,0,0,0,0,0,0,0,0,0,0,0,0,0,239,20,1.00,1.00,0.00,0.00,0.08,0.07,0.00,255,20,0.08,0.08,0.00,0.00,1.00,1.00,0.00,0.00,dos,0,neptune,19
2664,0,tcp,http,SF,327,1695,0,0,0,0,0,1,0,0,0,0,0,0,0,0,0,0,8,22,0.00,0.00,0.00,0.00,1.00,0.00,0.14,255,255,1.00,0.00,0.00,0.00,0.00,0.00,0.00,0.00,normal,0,normal,21
1555,0,tcp,http,SF,299,1177,0,0,0,0,0,1,0,0,0,0,0,0,0,0,0,0,1,1,0.00,0.00,0.00,0.00,1.00,0.00,0.00,1,255,1.00,0.00,1.00,0.02,0.00,0.00,0.00,0.00,normal,0,normal,21
11075,282,tcp,ftp,SF,160,599,0,0,0,2,0,1,0,0,0,0,0,0,0,0,0,1,1,1,0.00,0.00,0.00,0.00,1.00,0.00,0.00,232,13,0.06,0.69,0.00,0.00,0.00,0.00,0.69,0.08,r2l,0,warezmaster,9
4688,0,tcp,netbios_dgm,S0,0,0,0,0,0,0,0,0,0,0,0,0,0,0,0,0,0,0,240,6,1.00,1.00,0.00,0.00,0.03,0.07,0.00,255,6,0.02,0.08,0.00,0.00,1.00,1.00,0.00,0.00,dos,0,neptune,20
8694,0,tcp,http,SF,227,310,0,0,0,0,0,1,0,0,0,0,0,0,0,0,0,0,4,4,0.00,0.00,0.00,0.00,1.00,0.00,0.00,37,255,1.00,0.00,0.03,0.04,0.00,0.00,0.00,0.00,normal,0,normal,21
18519,0,tcp,http,S0,0,0,0,0,0,0,0,0,0,0,0,0,0,0,0,0,0,0,13,13,1.00,1.00,0.00,0.00,1.00,0.00,0.00,255,245,0.96,0.01,0.00,0.00,0.15,0.15,0.56,0.59,dos,1,apache2,15
13192,0,tcp,telnet,REJ,0,0,0,0,0,0,0,0,0,0,0,0,0,0,0,0,0,0,1,15,0.00,0.07,1.00,0.80,1.00,0.00,0.93,232,11,0.02,0.03,0.00,0.18,0.00,0.00,0.04,0.64,probe,1,mscan,13
14512,0,icmp,ecr_i,SF,30,0,0,0,0,0,0,0,0,0,0,0,0,0,0,0,0,0,1,1,0.00,0.00,0.00,0.00,1.00,0.00,0.00,123,123,1.00,0.00,1.00,0.00,0.00,0.00,0.00,0.00,normal,0,normal,21
3946,0,udp,domain_u,SF,42,42,0,0,0,0,0,0,0,0,0,0,0,0,0,0,0,0,11,17,0.00,0.00,0.00,0.00,1.00,0.00,0.18,255,255,1.00,0.00,0.00,0.00,0.00,0.00,0.00,0.00,normal,0,normal,21
16255,1,tcp,smtp,SF,2599,293,0,0,0,0,0,1,0,0,0,0,0,0,0,0,0,0,3,3,0.00,0.00,0.00,0.00,1.00,0.00,0.00,255,123,0.48,0.15,0.00,0.00,0.00,0.00,0.50,0.00,dos,1,mailbomb,11
10292,902,tcp,http,RSTR,56504,0,0,0,0,0,0,1,0,0,0,0,0,0,0,0,0,0,39,39,0.03,0.03,0.95,0.95,1.00,0.00,0.00,255,255,1.00,0.00,0.00,0.00,0.00,0.00,0.15,0.15,dos,1,apache2,15
5633,0,tcp,private,REJ,0,0,0,0,0,0,0,0,0,0,0,0,0,0,0,0,0,0,252,16,0.00,0.00,1.00,1.00,0.06,0.06,0.00,255,16,0.06,0.06,0.00,0.00,0.00,0.00,1.00,1.00,dos,0,neptune,21
7126,0,tcp,http,SF,345,7551,0,0,0,0,0,1,0,0,0,0,0,0,0,0,0,0,1,18,0.00,0.00,0.00,0.00,1.00,0.00,0.17,2,245,1.00,0.00,0.50,0.08,0.00,0.01,0.00,0.00,normal,0,normal,21
16289,0,tcp,http,SF,233,788,0,0,0,0,0,1,0,0,0,0,0,0,0,0,0,0,12,15,0.00,0.00,0.00,0.00,1.00,0.00,0.13,255,255,1.00,0.00,0.00,0.00,0.00,0.00,0.00,0.00,normal,0,normal,21
4259,0,tcp,http,SF,220,267,0,0,0,0,0,1,0,0,0,0,0,0,0,0,0,0,11,18,0.00,0.00,0.00,0.00,1.00,0.00,0.11,255,255,1.00,0.00,0.00,0.00,0.00,0.00,0.00,0.00,normal,0,normal,21
7631,8,tcp,pop_3,SF,30,93,0,0,0,0,0,1,0,0,0,0,0,0,0,0,0,0,1,1,0.00,0.00,0.00,0.00,1.00,0.00,0.00,255,253,0.99,0.01,0.00,0.00,0.00,0.00,0.00,0.00,r2l,0,guess_passwd,17
7824,0,tcp,http,SF,299,305,0,0,0,0,0,1,0,0,0,0,0,0,0,0,0,0,3,4,0.00,0.00,0.00,0.00,1.00,0.00,0.50,154,255,1.00,0.00,0.01,0.01,0.00,0.00,0.00,0.00,normal,0,normal,21
16474,0,udp,domain_u,SF,32,0,0,0,0,0,0,0,0,0,0,0,0,0,0,0,0,0,1,1,0.00,0.00,0.00,0.00,1.00,0.00,0.00,255,247,0.97,0.01,0.01,0.00,0.00,0.00,0.00,0.00,normal,0,normal,21
14128,0,tcp,ftp,SF,26,157,0,0,0,0,1,0,0,0,0,0,0,0,0,0,0,1,1,1,0.00,0.00,0.00,0.00,1.00,0.00,0.00,243,122,0.50,0.02,0.00,0.00,0.00,0.00,0.00,0.00,r2l,0,guess_passwd,8
10628,0,tcp,other,REJ,0,0,0,0,0,0,0,0,0,0,0,0,0,0,0,0,0,0,486,1,0.09,0.00,0.91,1.00,0.00,1.00,0.00,255,1,0.00,1.00,0.00,0.00,0.07,0.00,0.93,1.00,probe,0,satan,20
517,2057,tcp,http,RSTR,72564,0,0,0,0,0,0,1,0,0,0,0,0,0,0,0,0,0,11,11,0.00,0.00,1.00,1.00,1.00,0.00,0.00,255,243,0.95,0.01,0.00,0.00,0.02,0.02,0.35,0.37,dos,1,apache2,14
11588,0,udp,other,SF,1,1,0,0,0,0,0,0,0,0,0,0,0,0,0,0,0,0,291,1,0.00,0.00,0.00,0.00,0.00,1.00,0.00,255,1,0.00,1.00,1.00,0.00,0.00,0.00,0.00,0.00,probe,0,satan,17
13539,0,tcp,http,SF,234,586,0,0,0,0,0,1,0,0,0,0,0,0,0,0,0,0,3,3,0.00,0.00,0.00,0.00,1.00,0.00,0.00,99,255,1.00,0.00,0.01,0.03,0.00,0.00,0.00,0.00,normal,0,normal,21
19217,0,tcp,telnet,S0,0,0,0,0,0,0,0,0,0,0,0,0,0,0,0,0,0,0,136,136,1.00,1.00,0.00,0.00,1.00,0.00,0.00,255,255,1.00,0.00,0.00,0.00,1.00,1.00,0.00,0.00,dos,0,neptune,18
17994,0,tcp,http,S0,0,0,0,0,0,0,0,0,0,0,0,0,0,0,0,0,0,0,29,29,0.48,0.48,0.48,0.48,1.00,0.00,0.00,255,255,1.00,0.00,0.00,0.00,0.09,0.09,0.70,0.70,dos,1,apache2,16
6985,0,tcp,private,S0,0,0,0,0,0,0,0,0,0,0,0,0,0,0,0,0,0,0,120,1,1.00,1.00,0.00,0.00,0.01,0.06,0.00,255,1,0.00,0.05,0.00,0.00,1.00,1.00,0.00,0.00,dos,0,neptune,21
19301,0,tcp,http,SF,241,27876,0,0,0,0,0,1,0,0,0,0,0,0,0,0,0,0,1,1,0.00,0.00,0.00,0.00,1.00,0.00,0.00,255,255,1.00,0.00,0.00,0.00,0.00,0.00,0.00,0.00,normal,0,normal,21
15376,0,icmp,ecr_i,SF,30,0,0,0,0,0,0,0,0,0,0,0,0,0,0,0,0,0,1,1,0.00,0.00,0.00,0.00,1.00,0.00,0.00,89,89,1.00,0.00,1.00,0.00,0.00,0.00,0.00,0.00,normal,0,normal,21
